"","job_id","N_size","mni_location","mni_size","rho","loading_quality","target_loading","TT","J","mu_alpha","mu_beta","var_alpha","var_beta","cov_ab","tau_un","lambda_un","sd.lambda","nrep","seed","model","N","nrep_ok","err.perc","phi11.m","phi22.m","phi12.m","cor12.m","k1.m","k2.m","phi11.bias","phi22.bias","phi12.bias","cor12.bias","k1.bias","k2.bias","phi11.rbias","phi22.rbias","phi12.rbias","cor12.rbias","k1.rbias","k2.rbias","phi11.rmse","phi22.rmse","phi12.rmse","cor12.rmse","k1.rmse","k2.rmse","phi11.cov","phi22.cov","phi12.cov","cor12.cov","k1.cov","k2.cov","phi11.power","phi22.power","phi12.power","cor12.power","k1.power","k2.power","rho_IS.m","d_slope.m","std_tot_eff.m","slope_rel.m","r_int.m","r_slope.m","r_int.sd","r_slope.sd","chisq.m","df.m","pvalue.chi.m","cfi.m","tli.m","rmsea.m","srmr.m","chisq.sd","cfi.sd","tli.sd","rmsea.sd","srmr.sd","chisq.reject","m.i1t1","m.i2t1","m.i3t1","m.i4t1","m.i5t1","m.i1t2","m.i2t2","m.i3t2","m.i4t2","m.i5t2","m.i1t3","m.i2t3","m.i3t3","m.i4t3","m.i5t3","m.i1t4","m.i2t4","m.i3t4","m.i4t4","m.i5t4","m.i1t5","m.i2t5","m.i3t5","m.i4t5","m.i5t5","admissible.m"
"1",1,200,"intercept","strong","Basic","vgood",0.7,5,5,1,0.125,1,0.2025,0.18,1,1,0,2000,218,"latent",200,1978,0.011,1.00477398334037,0.202882099191745,0.178690533027392,0.418867498903735,1.00167963071437,0.1257745085863,0.00477398334036721,0.000382099191744624,-0.00130946697260762,0.018867498903735,0.00167963071436821,0.00077450858630008,0.00477398334036721,0.00188690958886234,-0.00727481651448678,0.0471687472593374,0.00167963071436821,0.00619606869040064,0.218388493443249,0.0395265339055515,0.0648425948502785,0.187147898107688,0.113528902797131,0.0456695130139473,0.941354903943377,0.939838220424671,0.960060667340748,0.96309403437816,0.942871587462083,0.951466127401416,1,1,0.778058645096057,0.638523761375126,1,0.78412537917088,0.418867498903735,0.283200622948398,0.511098898321503,0.67565654019367,0.82767488349585,0.861861917111619,0.0249918699391334,0.0194171457277339,331.844603471354,315,0.320382130256877,0.99343922558921,0.994937529636579,0.0144934199243032,0.0558225723395465,26.3215972861554,0.00665292603106029,0.00794235121317568,0.0109004150255026,0.00621508328404046,0.158746208291203,2.00542139076973,1.99936419558297,2.0068696576974,2.0051123961376,2.01005358284901,2.12815221755786,2.12933232922047,2.15596266453988,2.16374924934627,2.16208433241121,2.25291750870967,2.25070718758926,2.38026315505155,2.37640198318085,2.37986355938644,2.37634256744065,2.3759599932048,2.65669173327498,2.65988531377529,2.6566355602879,2.50422013999059,2.50941079183117,3.00436792385718,3.00370591650028,3.00322288559962,0.989
"2",2,500,"intercept","strong","Basic","vgood",0.7,5,5,1,0.125,1,0.2025,0.18,1,1,0,2000,218,"latent",500,1999,5e-04,1.00454950815764,0.202346653709819,0.179325445498611,0.407138219734379,0.999997962731186,0.124979904065768,0.00454950815763619,-0.000153346290180876,-0.000674554501388689,0.00713821973437898,-2.03726881398705e-06,-2.00959342318589e-05,0.00454950815763619,-0.000757265630522845,-0.00374752500771494,0.0178455493359475,-2.03726881398705e-06,-0.000160767473854871,0.141739348092059,0.0249443873712013,0.0428068588301796,0.119250608022715,0.0721070633049109,0.0292397937816131,0.937468734367184,0.942971485742871,0.947973986993497,0.951475737868934,0.942971485742871,0.941970985492746,1,1,0.987493746873437,0.976988494247124,1,0.989994997498749,0.407138219734379,0.27936802592669,0.502250993155216,0.678078540103766,0.832077992138293,0.864985754779962,0.0146311529350202,0.0118259617730817,322.057141133054,315,0.421227705495948,0.998227841844447,0.999147849164126,0.00669288165943207,0.0352504176091472,25.4167097998904,0.0022554517755659,0.00309348189933635,0.00658481398030042,0.00380478420413434,0.0770385192596298,1.99938997735338,1.99868049675976,2.00144276906083,2.00029057870802,1.99976784031526,2.12657980454122,2.12693863400007,2.15540692914533,2.15508305506882,2.15733415117776,2.25060497100209,2.24973148378646,2.37713181296037,2.37645425952103,2.37709694732897,2.37393903288756,2.37499673043228,2.65324412444187,2.65582343835034,2.65764358074027,2.49914942632411,2.50090909774114,2.99577459929845,3.00075510776421,2.99827258643815,0.9995
"3",3,800,"intercept","strong","Basic","vgood",0.7,5,5,1,0.125,1,0.2025,0.18,1,1,0,2000,218,"latent",800,2000,0,0.999917651920609,0.202933175046642,0.179333039183343,0.403726103780946,0.997816400270677,0.125801431225878,-8.23480793911109e-05,0.000433175046642201,-0.00066696081665702,0.00372610378094646,-0.00218359972932281,0.000801431225878355,-8.23480793911109e-05,0.00213913603280099,-0.00370533787031678,0.00931525945236616,-0.00218359972932281,0.00641144980702684,0.106875695432876,0.0193649612980297,0.033037861775059,0.0918618393560008,0.0569140056908048,0.022526415686125,0.9485,0.95,0.955,0.948,0.9495,0.958,1,1,0.9995,0.999,1,1,0.403726103780946,0.280308515848408,0.505535561395297,0.679616997458681,0.833054439346159,0.865778446268769,0.0114922404674559,0.00924372330085909,318.627488368313,315,0.459761387145617,0.999024139664089,0.999727474822877,0.00474207004559247,0.0277751144512999,25.7418615918422,0.00132500435233996,0.00196293110847352,0.00510130526231038,0.00292569059156372,0.069,1.99678495303726,2.00013439773532,1.99835043857525,1.99986361563565,1.99958641945526,2.12336146701394,2.12400786848679,2.15760906138378,2.15565148690176,2.15670128211549,2.25090263638531,2.24910881592693,2.37563215915686,2.37455601214497,2.37571859506482,2.37342271524276,2.37685688496872,2.65678662666336,2.65660877664813,2.6580544615348,2.50269614227889,2.50075936470677,3.00062229157641,2.99896174960713,3.00180699308074,1
"4",4,200,"intercept","strong","Basic","poor",0.3,5,5,1,0.125,1,0.2025,0.18,1,1,0,2000,218,"latent",200,895,0.5525,1.15436082150532,0.213429751522461,0.127577269013743,0.334338866131398,1.00158807535734,0.124320892538026,0.154360821505316,0.0109297515224615,-0.0524227309862566,-0.0656611338686017,0.00158807535734228,-0.000679107461974036,0.154360821505316,0.0539740815924024,-0.291237394368092,-0.164152834671504,0.00158807535734228,-0.00543285969579229,0.484806446416599,0.0796846992482567,0.139449981188116,0.325519603037788,0.222935830729675,0.0827780242289664,0.993296089385475,0.984357541899441,0.987709497206704,0.925139664804469,0.958659217877095,0.957541899441341,0.513966480446927,0.627932960893855,0.0122905027932961,0.00335195530726257,0.992178770949721,0.299441340782123,0.334338866131398,0.28470698870047,0.497865803275088,0.661734671826157,0.70092461572206,0.736500847732318,0.0416894562792958,0.0368297136897328,332.121234267632,315,0.320210730868453,0.940314326331596,0.956099168230135,0.0146684294681065,0.0671619591684984,27.0631355250817,0.058995261226208,0.0757042715245346,0.0109774091951881,0.00334086871900425,0.173184357541899,2.00903836007217,1.99015914378293,2.01355235437631,2.00807527793392,2.02347609130942,2.12341970229137,2.12709790361013,2.14394921807999,2.16821863885677,2.16302938443266,2.25369243635222,2.24680325262701,2.38600340508625,2.37396880877073,2.38475793539983,2.37363112863758,2.37243871176431,2.65207338635256,2.66202721731615,2.65189830499229,2.50198586107871,2.5181642135602,3.0024464775019,3.0003831165418,2.99887759384247,0.4475
"5",5,500,"intercept","strong","Basic","poor",0.3,5,5,1,0.125,1,0.2025,0.18,1,1,0,2000,218,"latent",500,1572,0.214,1.06938847155732,0.209684795673517,0.160612090150761,0.392477794283283,0.996631814911255,0.124983792590605,0.0693884715573215,0.00718479567351669,-0.0193879098492392,-0.00752220571671739,-0.00336818508874526,-1.62074093951978e-05,0.0693884715573215,0.0354804724618108,-0.107710610273551,-0.0188055142917935,-0.00336818508874526,-0.000129659275161582,0.33046081480911,0.0551139964277453,0.098063614565199,0.269028956852684,0.143609076666642,0.0551532521779956,0.974554707379135,0.980916030534351,0.979643765903308,0.933206106870229,0.953562340966921,0.94147582697201,0.931297709923664,0.989821882951654,0.269083969465649,0.000636132315521629,1,0.637404580152672,0.392477794283283,0.279813180114398,0.500362937674114,0.6786034420792,0.708229535786275,0.741645256603364,0.0245657891818437,0.0227766736106572,322.254188599132,315,0.420075377119671,0.982953638367547,0.992245985257138,0.00677293373869709,0.0423079201351258,25.88109061044,0.0216624970490073,0.0305634914460907,0.00661508606989562,0.002006404734512,0.0903307888040712,1.99816784753753,1.995956520815,2.00456603967873,2.00097486419134,1.99934558019515,2.12909957446406,2.13021798302706,2.15279789629774,2.15178843753799,2.1588047097594,2.24989083710978,2.24716833047735,2.37964973601943,2.37753792064375,2.37954106595417,2.3710752385364,2.37437189649435,2.64626329962293,2.65430256922782,2.65997563420217,2.4997724030551,2.50525699060029,2.98925365842304,3.00477703081839,2.9970394467366,0.786
"6",6,800,"intercept","strong","Basic","poor",0.3,5,5,1,0.125,1,0.2025,0.18,1,1,0,2000,218,"latent",800,1791,0.1045,1.02574138041463,0.207014656035427,0.169554873007185,0.409533620909551,0.995649550915418,0.126826758334424,0.025741380414625,0.00451465603542654,-0.0104451269928151,0.00953362090955113,-0.00435044908458169,0.00182675833442422,0.025741380414625,0.0222945977058101,-0.0580284832934174,0.0238340522738778,-0.00435044908458169,0.0146140666753937,0.257266922387061,0.0457305846680546,0.0804336242326406,0.235875504277074,0.116231498249084,0.0418598560130612,0.968174204355109,0.964824120603015,0.972640982691234,0.941373534338358,0.950307091010609,0.94751535455053,0.992741485203797,0.999441652707984,0.490228922389726,0.0240089335566722,1,0.860413176996092,0.409533620909551,0.283951443573514,0.513377887833489,0.679795415513065,0.710253878768536,0.742966627224097,0.019288680808125,0.0172252454295357,318.452912435082,315,0.462163492983408,0.990692340855467,0.997801553050375,0.00474727593003912,0.033377841283522,26.1169005892908,0.0127529567369699,0.019317298468377,0.00510595802580695,0.00162636002461768,0.0703517587939698,1.9912177867174,2.00165741908088,1.99609713089537,2.0008134387122,1.99994946677754,2.12005947649811,2.12207419665147,2.16065245302614,2.15455103629629,2.15782306407292,2.25373634655398,2.24814532242915,2.37789331641547,2.37453915470033,2.3781627219986,2.36977164910307,2.38047535453625,2.65761034068314,2.6570560133417,2.66156195987633,2.5063273125788,2.50029071617391,2.99986348323922,2.99468786481704,3.00355599029057,0.8955
"7",7,200,"intercept","strong","Cor.Unique","vgood",0.7,5,5,1,0.125,1,0.2025,0.18,1,1,0,2000,218,"latent",200,1973,0.0135,0.998524125348076,0.202288411176095,0.17910814245595,0.422048067801508,1.0045945089731,0.124666075955882,-0.00147587465192435,-0.000211588823905485,-0.000891857544049567,0.0220480678015082,0.00459450897310244,-0.000333924044118262,-0.00147587465192435,-0.00104488308101474,-0.00495476413360871,0.0551201695037706,0.00459450897310244,-0.0026713923529461,0.219335395916944,0.0405503152338689,0.0660006274818501,0.18938842470268,0.117254616391514,0.0460352128612659,0.944754181449569,0.939178915357324,0.957425240750127,0.961986822098327,0.949822605169792,0.952356817029904,1,1,0.763811454637608,0.621388748099341,1,0.766852508869742,0.422048067801508,0.28160479965462,0.508539667547628,0.675258982374161,0.822117282053455,0.858626581534218,0.0252165282939787,0.0198585321909373,311.358053024973,295,0.320929940078928,0.993794873990476,0.994908564641274,0.0147989016566298,0.0547508214378232,25.4304631150341,0.00622273295546535,0.00795510655767971,0.011100151376103,0.00612713000541197,0.168778509883426,2.00323994812845,2.00544268472246,2.00119072688257,2.00464611493153,2.00469325564119,2.13077791162939,2.1359577001151,2.16355641876937,2.15863901642994,2.15875235067034,2.25292753810582,2.25200634845682,2.38009694843149,2.37656583574112,2.38070574822738,2.37457869934792,2.38043623186583,2.65322005827209,2.65890626595982,2.6539996502647,2.50549043197573,2.50619489421432,3.00564628490655,3.00534753002405,3.00344467593828,0.9865
"8",8,500,"intercept","strong","Cor.Unique","vgood",0.7,5,5,1,0.125,1,0.2025,0.18,1,1,0,2000,218,"latent",500,2000,0,1.00286361495145,0.201901939940867,0.179986608244062,0.40949206941626,1.00153899841444,0.124381415178025,0.00286361495145135,-0.000598060059133311,-1.33917559382712e-05,0.00949206941625996,0.00153899841444038,-0.000618584821975315,0.00286361495145135,-0.00295338300806573,-7.43986441015062e-05,0.0237301735406499,0.00153899841444038,-0.00494867857580252,0.142065520777306,0.0250903867582149,0.0428077950140831,0.120008616651936,0.0732296340578245,0.0297662611101123,0.941,0.945,0.9485,0.956,0.955,0.9435,1,1,0.9875,0.9785,1,0.9855,0.40949206941626,0.27832205423981,0.500208366157354,0.677833414205325,0.826881180270813,0.861662523315603,0.0149642382485837,0.0119578989387234,301.837359584333,295,0.421285306288053,0.998345032502864,0.999145151321654,0.00681996177757173,0.0345785698565544,24.5422777977297,0.0021306886413678,0.00310255060008647,0.00663532287447995,0.0036937461922178,0.0855,2.00138818443473,2.00188472615945,1.99984895835069,2.00003543040229,1.99879194107331,2.12597963988024,2.12653983708721,2.15661234499884,2.15866937082628,2.15548738640373,2.25065149179809,2.25093508084848,2.37536570627078,2.37762969655174,2.37613236302498,2.37552875187365,2.37755402774849,2.65184199430077,2.65636642899838,2.65721173790106,2.49772774864768,2.49902772021059,2.99633662135755,2.99958769656869,2.99822068443415,1
"9",9,800,"intercept","strong","Cor.Unique","vgood",0.7,5,5,1,0.125,1,0.2025,0.18,1,1,0,2000,218,"latent",800,2000,0,1.00009745344141,0.202406513536559,0.179457179639861,0.404818650097332,0.999772792322795,0.125393094896468,9.74534414099709e-05,-9.34864634410389e-05,-0.000542820360138489,0.00481865009733236,-0.000227207677204714,0.000393094896468229,9.74534414099709e-05,-0.000461661547856982,-0.00301566866743605,0.0120466252433309,-0.000227207677204714,0.00314475917174583,0.109724230383428,0.0200828908937314,0.0337001192267109,0.0938751118034252,0.0587281012136758,0.0230362209276323,0.95,0.9415,0.9505,0.9485,0.948,0.9525,1,1,1,0.9995,1,0.9995,0.404818650097332,0.279853026297519,0.503864607559852,0.679093462251898,0.827913374727334,0.86245204557398,0.0115825301047814,0.00936542084687028,298.608534737349,295,0.457783367563718,0.999069330034335,0.99971804264724,0.00484939301497087,0.0273142132238216,25.4865142280597,0.00127350335002233,0.00201687763515566,0.00522509100649759,0.00297167534993037,0.0705,1.99875041043428,1.99844700953417,1.99887178542484,1.99852384005408,1.99841444143689,2.12865924728043,2.12399213393072,2.15555668055933,2.15497160687845,2.15542852214278,2.25014210947891,2.24951510354254,2.37441965115079,2.37347389071133,2.37585120712193,2.3755976383914,2.37520921450235,2.65752563457457,2.65494504350364,2.65792014645659,2.49990476579175,2.50268814892907,2.99952941277504,3.00079553900734,3.00126860134995,1
"10",10,200,"intercept","strong","Cor.Unique","poor",0.3,5,5,1,0.125,1,0.2025,0.18,1,1,0,2000,218,"latent",200,903,0.5485,1.17887189413796,0.22178143964845,0.120903321176926,0.324374820440329,1.01174077485538,0.122985214351053,0.178871894137963,0.01928143964845,-0.0590966788230743,-0.0756251795596715,0.0117407748553773,-0.00201478564894693,0.178871894137963,0.0952169859182719,-0.328314882350413,-0.189062948899179,0.0117407748553773,-0.0161182851915754,0.555059634361917,0.0913160222890949,0.15630491077087,0.34537848980658,0.241201290693308,0.0883752717066166,0.992248062015504,0.98671096345515,0.984496124031008,0.913621262458472,0.959025470653378,0.957918050941307,0.415282392026578,0.547065337763012,0.0044296788482835,0.0044296788482835,0.98671096345515,0.287929125138427,0.324374820440329,0.278243419030538,0.488563937302536,0.67129868454934,0.676932496712488,0.716145518702973,0.0455163007423114,0.0406507155767074,311.767646445937,295,0.318675793198856,0.95611224625752,0.964910171539487,0.0149889960069358,0.065061222057971,25.7450091734481,0.0426195602966784,0.0564757839029413,0.0112032147537114,0.00338392880023782,0.161683277962348,2.00355670787185,2.00246730780042,2.00561162376715,2.00248510815134,2.01509024781245,2.13160353073958,2.14774802404699,2.16761761972889,2.15229093807428,2.15264418104756,2.25240617385865,2.25748993125448,2.37572586627015,2.37861636144423,2.37906153310101,2.36813346078941,2.38639036351702,2.64125278354143,2.65897569678629,2.64368263521237,2.50726266102927,2.50150340226181,3.01619040684538,3.0013628853682,3.00789023285476,0.4515
"11",11,500,"intercept","strong","Cor.Unique","poor",0.3,5,5,1,0.125,1,0.2025,0.18,1,1,0,2000,218,"latent",500,1582,0.209,1.08130540073767,0.209570667525692,0.15810571103357,0.391833026060476,1.0007112611927,0.124186362707551,0.0813054007376686,0.00707066752569169,-0.0218942889664295,-0.00816697393952356,0.000711261192702937,-0.000813637292448801,0.0813054007376686,0.0349168766700824,-0.121634938702386,-0.0204174348488089,0.000711261192702937,-0.0065090983395904,0.358445034264731,0.0605024570263267,0.105520414038785,0.281666303911708,0.152284739070232,0.0564741763410033,0.97787610619469,0.97724399494311,0.978508217446271,0.929835651074589,0.951959544879899,0.943742098609355,0.872945638432364,0.972819216182048,0.218078381795196,0,1,0.608723135271808,0.391833026060476,0.279202788219775,0.496287576032595,0.678158253139876,0.68644708502911,0.723313935810262,0.0271492038665713,0.0244771915643315,302.042182200979,295,0.421082615850885,0.987569244304617,0.993843394196476,0.00692675247950667,0.0409855466573108,25.4512449319803,0.0159705241357655,0.0235863595799373,0.00676378554118964,0.00206604739941919,0.0916561314791403,2.00318174737694,2.00158570107384,2.00387935244982,2.00202203881698,2.00045933338313,2.12722896635348,2.12897500291146,2.1565549663467,2.16296635549821,2.15304866747756,2.25124999586575,2.25527757313052,2.36986414930838,2.37935912475642,2.3723791654901,2.37603011412684,2.38234254423808,2.64189310560024,2.65599497595591,2.65862965572319,2.4941271212047,2.49503522496126,2.99528632427405,3.00298084182805,3.00103313744816,0.791
"12",12,800,"intercept","strong","Cor.Unique","poor",0.3,5,5,1,0.125,1,0.2025,0.18,1,1,0,2000,218,"latent",800,1807,0.0965,1.03894745034798,0.208350487191726,0.164957124148341,0.399577684524227,1.00000418553783,0.126183916096794,0.0389474503479813,0.00585048719172644,-0.0150428758516586,-0.000422315475772474,4.18553783348086e-06,0.00118391609679417,0.0389474503479813,0.0288912947739577,-0.0835715325092146,-0.00105578868943119,4.18553783348086e-06,0.00947132877435333,0.276749911468438,0.0493926499702297,0.0876117722737866,0.248734144776798,0.125489820487659,0.044132598005916,0.97841726618705,0.966242390702822,0.976203652462645,0.937465412285556,0.945766463752075,0.951853901494189,0.983951300498063,1,0.398450470392916,0.00442722744881018,1,0.819037078029884,0.399577684524227,0.282633764426266,0.508495848210496,0.679825169495493,0.688533926003268,0.725625013943671,0.020757558109,0.0184240606431057,298.539514463268,295,0.45849814847,0.993271449796356,0.998118580256382,0.00487662667518111,0.0323250009941707,25.191898540671,0.00913442606473146,0.0147110720346953,0.00515418238652711,0.00162114371714529,0.0713890426120642,2.00216161198718,1.99476000596473,2.00156646921532,1.99660893210995,2.00045209089492,2.13657172951621,2.1220251547966,2.15425554153527,2.15243196936599,2.15385609420184,2.24654807854205,2.25104976944519,2.37026974984936,2.37119503257745,2.37442057625755,2.37655050355133,2.3753398543338,2.65991369888195,2.65187044858541,2.66114332330708,2.50244491994046,2.50466427901551,3.00030156298742,3.00037480431346,3.00603339187384,0.9035
"13",13,200,"intercept","weak","Basic","vgood",0.7,5,5,1,0.125,1,0.2025,0.18,1,1,0,2000,218,"latent",200,1978,0.011,1.00370721736671,0.202701211123629,0.179030132646951,0.420092711716148,1.00300700852282,0.125113540137014,0.00370721736670742,0.000201211123629103,-0.000969867353049043,0.0200927117161481,0.0030070085228186,0.00011354013701358,0.00370721736670742,0.000993635178415321,-0.00538815196138358,0.0502317792903703,0.0030070085228186,0.000908321096108636,0.218272175911451,0.0395280721876889,0.0648492235736863,0.187608579078407,0.10874800216683,0.0426020570141944,0.941860465116279,0.942366026289181,0.96056622851365,0.963599595551062,0.944388270980789,0.951466127401416,1,1,0.778564206268959,0.63953488372093,1,0.842770475227502,0.420092711716148,0.281755834785842,0.508474215069721,0.675234956556899,0.827659248689875,0.861853767938658,0.025012134673182,0.0194357702549927,339.814527113735,323,0.322717490885608,0.993414541063462,0.995072898173422,0.0143272171024735,0.0563303742689155,26.6193171872423,0.0067085505131629,0.00783525911626193,0.0108016835612435,0.00617468733872604,0.158240647118301,2.00542139076973,1.99936419558297,2.0068696576974,2.0051123961376,2.01005358284901,2.12815221755786,2.12933232922047,2.12471266453988,2.13249924934627,2.14645933241121,2.25291750870967,2.25070718758926,2.25526315505155,2.25140198318085,2.31736355938644,2.37634256744065,2.3759599932048,2.37544173327498,2.37863531377529,2.5160105602879,2.50422013999059,2.50941079183117,2.50436792385718,2.50370591650028,2.75322288559962,0.989
"14",14,500,"intercept","weak","Basic","vgood",0.7,5,5,1,0.125,1,0.2025,0.18,1,1,0,2000,218,"latent",500,1999,5e-04,1.00407661247903,0.202270098935156,0.179483410901702,0.40766207159767,1.00047622392188,0.124743561840698,0.00407661247903369,-0.000229901064843665,-0.0005165890982984,0.00766207159767,0.000476223921882914,-0.000256438159301961,0.00407661247903369,-0.00113531390046254,-0.00286993943499111,0.019155178994175,0.000476223921882914,-0.00205150527441568,0.141637960097614,0.024937546360203,0.042797630177074,0.119330683405272,0.0687138869908407,0.0268287831560641,0.937968984492246,0.942471235617809,0.946973486743372,0.95247623811906,0.947973986993497,0.944472236118059,1,1,0.987993996998499,0.977488744372186,1,0.9959979989995,0.40766207159767,0.278833003569463,0.50130516367354,0.677902707642132,0.832076856842563,0.864984480766439,0.0146292097003407,0.0118214928891987,330.203774368708,323,0.420224752680966,0.998200017757824,0.999151156368789,0.00668337540491747,0.0355744028967448,25.7194324099728,0.00228053343386159,0.0030527511441787,0.00653085643883336,0.00377584328341398,0.0755377688844422,1.99938997735338,1.99868049675976,2.00144276906083,2.00029057870802,1.99976784031526,2.12657980454122,2.12693863400007,2.12415692914533,2.12383305506882,2.14170915117776,2.25060497100209,2.24973148378646,2.25213181296037,2.25145425952103,2.31459694732897,2.37393903288756,2.37499673043228,2.37199412444187,2.37457343835034,2.51701858074027,2.49914942632411,2.50090909774114,2.49577459929845,2.50075510776421,2.74827258643815,0.9995
"15",15,800,"intercept","weak","Basic","vgood",0.7,5,5,1,0.125,1,0.2025,0.18,1,1,0,2000,218,"latent",800,2000,0,0.99966161666698,0.20289598930546,0.179426546448264,0.404027601342163,0.998444250270777,0.125489843916086,-0.000338383333020212,0.000395989305460487,-0.000573453551736389,0.0040276013421633,-0.0015557497292232,0.000489843916085765,-0.000338383333020212,0.00195550274301475,-0.00318585306520216,0.0100690033554083,-0.0015557497292232,0.00391875132868612,0.10684978877245,0.0193591412949597,0.0330610989022212,0.0919585923806988,0.0541698864696754,0.0205621255024868,0.947,0.951,0.955,0.948,0.9525,0.961,1,1,0.9995,0.999,1,1,0.404027601342163,0.279595350825274,0.50424311391011,0.679525544672904,0.833050816436884,0.865776409597007,0.0114930386701724,0.00924659185542979,326.743347824139,323,0.459341537902962,0.999014400561979,0.99972585062118,0.00468879986336909,0.0280274746508983,26.003691369736,0.00134546258910201,0.00193340484713205,0.00507945904301509,0.00290156956392456,0.076,1.99678495303726,2.00013439773532,1.99835043857525,1.99986361563565,1.99958641945526,2.12336146701394,2.12400786848679,2.12635906138378,2.12440148690176,2.14107628211549,2.25090263638531,2.24910881592693,2.25063215915686,2.24955601214497,2.31321859506482,2.37342271524276,2.37685688496872,2.37553662666336,2.37535877664813,2.5174294615348,2.50269614227889,2.50075936470677,2.50062229157641,2.49896174960713,2.75180699308074,1
"16",16,200,"intercept","weak","Basic","poor",0.3,5,5,1,0.125,1,0.2025,0.18,1,1,0,2000,218,"latent",200,904,0.548,1.15443730730829,0.213140098085898,0.128277177684166,0.335363591843833,1.00581031972143,0.123832243389615,0.154437307308293,0.0106400980858984,-0.0517228223158341,-0.0646364081561673,0.00581031972142663,-0.00116775661038458,0.154437307308293,0.0525436942513501,-0.287349012865745,-0.161591020390418,0.00581031972142663,-0.00934205288307667,0.484086142419475,0.0797718511720545,0.138194532244872,0.324366313781734,0.201912917895682,0.0671904990338599,0.994469026548673,0.984513274336283,0.988938053097345,0.926991150442478,0.950221238938053,0.950221238938053,0.516592920353982,0.628318584070796,0.0143805309734513,0.00331858407079646,0.995575221238938,0.442477876106195,0.335363591843833,0.28261459866688,0.491271938819654,0.662165055347896,0.701305301678888,0.736560318740836,0.040984237927146,0.0363999839214678,340.268245940118,323,0.32028281419348,0.939765579715487,0.956877119493198,0.0146027570603035,0.0679567095996108,27.2527712082219,0.0591986834756025,0.0742270520728834,0.0108450489358023,0.00330223456153915,0.176991150442478,2.00903836007217,1.99015914378293,2.01355235437631,2.00807527793392,2.02347609130942,2.12341970229137,2.12709790361013,2.11269921807999,2.13696863885677,2.14740438443266,2.25369243635222,2.24680325262701,2.26100340508625,2.24896880877073,2.32225793539983,2.37363112863758,2.37243871176431,2.37082338635256,2.38077721731615,2.51127330499229,2.50198586107871,2.5181642135602,2.5024464775019,2.5003831165418,2.74887759384247,0.452
"17",17,500,"intercept","weak","Basic","poor",0.3,5,5,1,0.125,1,0.2025,0.18,1,1,0,2000,218,"latent",500,1570,0.215,1.06875930199289,0.209783756407319,0.160927692846093,0.393120946686981,0.997842819624693,0.124374844765462,0.0687593019928927,0.00728375640731867,-0.0190723071539066,-0.00687905331301887,-0.00215718037530698,-0.000625155234537776,0.0687593019928927,0.035969167443549,-0.105957261966148,-0.0171976332825472,-0.00215718037530698,-0.00500124187630221,0.3302208720397,0.0551690156427348,0.0979326254189925,0.268853186683691,0.127252611413741,0.0418561570272119,0.973248407643312,0.981528662420382,0.980254777070064,0.93375796178344,0.954777070063694,0.956687898089172,0.928662420382166,0.989171974522293,0.268789808917197,0.000636942675159236,1,0.843312101910828,0.393120946686981,0.277897967179992,0.496694351232115,0.67848795920811,0.7081970725016,0.741627251192444,0.0244835487266877,0.0228085542923311,330.278737474973,323,0.419993462082522,0.982716216958193,0.992389677009472,0.00676153670345663,0.0427911714306214,26.203617056048,0.021824278852862,0.0302161050200697,0.00653945542350268,0.00199684135055002,0.0910828025477707,1.99816784753753,1.995956520815,2.00456603967873,2.00097486419134,1.99934558019515,2.12909957446406,2.13021798302706,2.12154789629774,2.12053843753799,2.1431797097594,2.24989083710978,2.24716833047735,2.25464973601943,2.25253792064375,2.31704106595417,2.3710752385364,2.37437189649435,2.36501329962293,2.37305256922782,2.51935063420217,2.4997724030551,2.50525699060029,2.48925365842304,2.50477703081839,2.7470394467366,0.785
"18",18,800,"intercept","weak","Basic","poor",0.3,5,5,1,0.125,1,0.2025,0.18,1,1,0,2000,218,"latent",800,1785,0.1075,1.02496194727392,0.206873553079456,0.169911015263776,0.410628583837559,0.997489966201026,0.125834219955842,0.0249619472739198,0.00437355307945646,-0.0100889847362239,0.010628583837559,-0.00251003379897427,0.000834219955841527,0.0249619472739198,0.0215977929849702,-0.0560499152012438,0.0265714595938975,-0.00251003379897427,0.00667375964673222,0.257082120693977,0.0456421743228617,0.0800458009184631,0.235578557515221,0.10310574648781,0.0319042712351529,0.966946778711485,0.964705882352941,0.974229691876751,0.942296918767507,0.951820728291316,0.955742296918768,0.992156862745098,0.999439775910364,0.492436974789916,0.02296918767507,1,0.975350140056022,0.410628583837559,0.28146095809374,0.508690760478841,0.679436143726637,0.710294185976517,0.743002360014777,0.0192527158362602,0.0171776199267222,326.514557310989,323,0.462133748665775,0.990612726828164,0.997813542477318,0.00468916121085894,0.0337621228427687,26.3266204323435,0.0128940693267387,0.0189958198860651,0.00507964811353487,0.0016187063751996,0.0666666666666667,1.9912177867174,2.00165741908088,1.99609713089537,2.0008134387122,1.99994946677754,2.12005947649811,2.12207419665147,2.12940245302614,2.12330103629629,2.14219806407292,2.25373634655398,2.24814532242915,2.25289331641547,2.24953915470033,2.3156627219986,2.36977164910307,2.38047535453625,2.37636034068314,2.3758060133417,2.52093695987633,2.5063273125788,2.50029071617391,2.49986348323922,2.49468786481704,2.75355599029057,0.8925
"19",19,200,"intercept","weak","Cor.Unique","vgood",0.7,5,5,1,0.125,1,0.2025,0.18,1,1,0,2000,218,"latent",200,1973,0.0135,0.997384538146672,0.202092643241078,0.179378096781176,0.423097027337201,1.00451092567277,0.124699319403751,-0.00261546185332775,-0.000407356758922288,-0.00062190321882353,0.023097027337201,0.00451092567276892,-0.000300680596249008,-0.00261546185332775,-0.00201163831566562,-0.00345501788235294,0.0577425683430025,0.00451092567276892,-0.00240544476999206,0.219120919353915,0.0405015056413404,0.0659769598965492,0.189674948193841,0.110854430990708,0.0424144002635662,0.946274708565636,0.939178915357324,0.956918398378104,0.961986822098327,0.944754181449569,0.94931576279777,1,1,0.766852508869742,0.623922959959453,1,0.835276229092752,0.423097027337201,0.281519067445081,0.508829151785542,0.674924593070407,0.822107816403276,0.858622070193498,0.025234345485078,0.0198679212510433,319.277273479931,303,0.323840243215397,0.993775442630545,0.995067544247687,0.0145890128064338,0.0552361963589779,25.7054167659009,0.00625815125392409,0.00783338331184629,0.0110140926937544,0.00608847206967003,0.168778509883426,2.00323994812845,2.00544268472246,2.00119072688257,2.00464611493153,2.00469325564119,2.13077791162939,2.1359577001151,2.13230641876937,2.12738901642994,2.14312735067034,2.25292753810582,2.25200634845682,2.25509694843149,2.25156583574112,2.31820574822738,2.37457869934792,2.38043623186583,2.37197005827209,2.37765626595982,2.5133746502647,2.50549043197573,2.50619489421432,2.50564628490655,2.50534753002405,2.75344467593828,0.9865
"20",20,500,"intercept","weak","Cor.Unique","vgood",0.7,5,5,1,0.125,1,0.2025,0.18,1,1,0,2000,218,"latent",500,2000,0,1.00240133076181,0.201824533158547,0.180112204662647,0.409956098726708,1.00162531590709,0.124338934144554,0.00240133076181022,-0.000675466841453239,0.000112204662647463,0.009956098726708,0.00162531590708772,-0.000661065855445566,0.00240133076181022,-0.00333563872322587,0.000623359236930353,0.02489024681677,0.00162531590708772,-0.00528852684356453,0.141979054331833,0.0250922166047167,0.0428249721055637,0.120166647349946,0.0702147552029514,0.0273788071935891,0.9415,0.9435,0.949,0.9555,0.9495,0.943,1,1,0.988,0.978,1,0.995,0.409956098726708,0.278278370543249,0.500093808433254,0.677686474063744,0.826874761734832,0.861660529896026,0.0149704167236222,0.011961614793308,309.922725114079,303,0.422062752783279,0.998316006202714,0.999157688208956,0.0067869701789645,0.0348886709675821,24.935687261356,0.0021649716122111,0.00306789996827758,0.00660741792830567,0.00367091757614407,0.086,2.00138818443473,2.00188472615945,1.99984895835069,2.00003543040229,1.99879194107331,2.12597963988024,2.12653983708721,2.12536234499884,2.12741937082628,2.13986238640373,2.25065149179809,2.25093508084848,2.25036570627078,2.25262969655174,2.31363236302498,2.37552875187365,2.37755402774849,2.37059199430077,2.37511642899838,2.51658673790106,2.49772774864768,2.49902772021059,2.49633662135755,2.49958769656869,2.74822068443415,1
"21",21,800,"intercept","weak","Cor.Unique","vgood",0.7,5,5,1,0.125,1,0.2025,0.18,1,1,0,2000,218,"latent",800,2000,0,0.999815221051462,0.202356675436203,0.179534562280184,0.405093631981399,0.999861380841924,0.125347458663083,-0.000184778948537556,-0.000143324563797111,-0.000465437719816089,0.00509363198139917,-0.000138619158075666,0.000347458663083388,-0.000184778948537556,-0.000707775623689436,-0.00258576511008938,0.0127340799534979,-0.000138619158075666,0.0027796693046671,0.109700654435046,0.0200738045683731,0.0337058055123333,0.0939145230028993,0.0561206568292055,0.0212011590726888,0.95,0.9435,0.9485,0.9485,0.9455,0.953,1,1,1,0.9995,1,1,0.405093631981399,0.279758928201306,0.503721578394156,0.679006593068943,0.827913179914859,0.862452039338697,0.0115834779375488,0.00936616572415595,306.648524609343,303,0.457754180887388,0.99905689490873,0.999722605765719,0.00482070839485549,0.0275527811667036,25.7944143175803,0.00128525602498614,0.00198739457940029,0.00518651093625663,0.00295573342157252,0.0755,1.99875041043428,1.99844700953417,1.99887178542484,1.99852384005408,1.99841444143689,2.12865924728043,2.12399213393072,2.12430668055933,2.12372160687845,2.13980352214278,2.25014210947891,2.24951510354254,2.24941965115079,2.24847389071133,2.31335120712193,2.3755976383914,2.37520921450235,2.37627563457457,2.37369504350364,2.51729514645659,2.49990476579175,2.50268814892907,2.49952941277504,2.50079553900734,2.75126860134995,1
"22",22,200,"intercept","weak","Cor.Unique","poor",0.3,5,5,1,0.125,1,0.2025,0.18,1,1,0,2000,218,"latent",200,891,0.5545,1.17683507891598,0.221054394603789,0.12129111598479,0.325785595259242,1.00527078099633,0.125876073027798,0.17683507891598,0.0185543946037893,-0.0587088840152098,-0.0742144047407577,0.00527078099632978,0.000876073027798038,0.17683507891598,0.0916266400187128,-0.326160466751166,-0.185536011851894,0.00527078099632978,0.0070085842223843,0.556730361972171,0.0903299162891436,0.154581127814601,0.343674073483161,0.214383525262816,0.0689449080675392,0.98989898989899,0.986531986531986,0.984287317620651,0.914702581369248,0.960718294051627,0.950617283950617,0.408529741863075,0.549943883277217,0.00224466891133558,0.00448933782267116,0.994388327721661,0.418630751964085,0.325785595259242,0.282782831474977,0.500030136507494,0.670889120605562,0.677222580429496,0.716041133820612,0.0454551815946365,0.0407021779104797,319.622995190129,303,0.322304616765145,0.956168230972762,0.966219659389998,0.0146983962806837,0.0658035467174872,26.046972725188,0.0430352611164419,0.0558411407133819,0.0111547872070403,0.00337127556941588,0.163860830527497,2.00355670787185,2.00246730780042,2.00561162376715,2.00248510815134,2.01509024781245,2.13160353073958,2.14774802404699,2.13636761972889,2.12104093807428,2.13701918104756,2.25240617385865,2.25748993125448,2.25072586627015,2.25361636144423,2.31656153310101,2.36813346078941,2.38639036351702,2.36000278354143,2.37772569678629,2.50305763521237,2.50726266102927,2.50150340226181,2.51619040684538,2.5013628853682,2.75789023285476,0.4455
"23",23,500,"intercept","weak","Cor.Unique","poor",0.3,5,5,1,0.125,1,0.2025,0.18,1,1,0,2000,218,"latent",500,1579,0.2105,1.08007195721356,0.209574472494318,0.158599743827634,0.39290273850682,1.00032715474326,0.12420622840203,0.0800719572135555,0.00707447249431838,-0.0214002561723659,-0.00709726149318029,0.000327154743262863,-0.00079377159796972,0.0800719572135555,0.0349356666386093,-0.118890312068699,-0.0177431537329507,0.000327154743262863,-0.00635017278375776,0.357315698077308,0.060388884569893,0.105311557681999,0.281473031318803,0.136311778823533,0.0439694059041311,0.977834072197593,0.977834072197593,0.978467384420519,0.931602279924003,0.956934768841039,0.946168461051298,0.872070930968968,0.971500949968334,0.219126029132362,0,1,0.816972767574414,0.39290273850682,0.278854999243842,0.49567554274908,0.677953383930732,0.686469200353595,0.72336253211322,0.0271002928258288,0.0245109800866376,310.167331458828,303,0.420847550328178,0.987384685576122,0.99390250359842,0.00688008984082478,0.0414686874507025,25.8136590769729,0.0161793510354391,0.0232810203603466,0.00673042770179134,0.00206429553284572,0.0943635212159595,2.00318174737694,2.00158570107384,2.00387935244982,2.00202203881698,2.00045933338313,2.12722896635348,2.12897500291146,2.1253049663467,2.13171635549821,2.13742366747756,2.25124999586575,2.25527757313052,2.24486414930838,2.25435912475642,2.3098791654901,2.37603011412684,2.38234254423808,2.36064310560024,2.37474497595591,2.51800465572319,2.4941271212047,2.49503522496126,2.49528632427405,2.50298084182805,2.75103313744816,0.7895
"24",24,800,"intercept","weak","Cor.Unique","poor",0.3,5,5,1,0.125,1,0.2025,0.18,1,1,0,2000,218,"latent",800,1808,0.096,1.03720147662928,0.208227611499615,0.165548288593598,0.401363994326987,1.00138609279989,0.125612942753878,0.0372014766292851,0.00572761149961453,-0.0144517114064024,0.00136399432698687,0.00138609279988998,0.000612942753877557,0.0372014766292851,0.0282845012326643,-0.0802872855911245,0.00340998581746717,0.00138609279988998,0.00490354203102046,0.27702745007011,0.0491691576057334,0.0872618000975212,0.249037668559231,0.11179660447824,0.0341137067261743,0.977323008849557,0.968473451327434,0.976216814159292,0.938606194690266,0.952433628318584,0.952986725663717,0.98396017699115,1,0.402101769911504,0.00442477876106195,1,0.955199115044248,0.401363994326987,0.280928473217971,0.505905946990446,0.679691001765365,0.688581864589434,0.72562321398147,0.0206304828709523,0.0184090330833301,306.534612224286,303,0.45913120677461,0.993185688414422,0.998172423243755,0.00484432753514737,0.0326984116832535,25.464796000001,0.00921682546216081,0.0144820825193872,0.0051145946651779,0.00161354525759211,0.0658185840707965,2.00216161198718,1.99476000596473,2.00156646921532,1.99660893210995,2.00045209089492,2.13657172951621,2.1220251547966,2.12300554153527,2.12118196936599,2.13823109420184,2.24654807854205,2.25104976944519,2.24526974984936,2.24619503257745,2.31192057625755,2.37655050355133,2.3753398543338,2.37866369888195,2.37062044858541,2.52051832330708,2.50244491994046,2.50466427901551,2.50030156298742,2.50037480431346,2.75603339187384,0.904
"25",25,200,"loading","strong","Basic","vgood",0.7,5,5,1,0.125,1,0.2025,0.18,1,1,0,2000,218,"latent",200,1979,0.0105,1.0042144810533,0.203139407765133,0.178561123962729,0.4181299864502,1.00261011330502,0.125190463426917,0.00421448105330078,0.000639407765133132,-0.00143887603727135,0.0181299864501999,0.0026101133050233,0.000190463426917024,0.00421448105330078,0.00315756921053398,-0.00799375576261861,0.0453249661254996,0.0026101133050233,0.00152370741533619,0.223230298003138,0.0396372555887927,0.0641974251101976,0.184414772553056,0.110608211588972,0.0426816571748014,0.939868620515412,0.935826174835776,0.958564931783729,0.961596766043456,0.944921677614957,0.949469429004548,1,1,0.789287518948964,0.657402728650834,1,0.837291561394644,0.4181299864502,0.281153885563038,0.509953899039347,0.675474415037542,0.828502674256167,0.86696435607191,0.0248273766681731,0.0187030349329612,331.768074863254,315,0.321283162303247,0.994089276371351,0.99545381710726,0.0144636550217795,0.0507237965944798,26.3017501907662,0.00598325097550684,0.00715380284572147,0.0109211320315135,0.00593991155233116,0.160181910055584,2.00542139076973,1.99936419558297,2.0068696576974,2.0051123961376,2.01005358284901,2.12815221755786,2.12933232922047,2.14590743737423,2.15369402218062,2.15202910524557,2.25291750870967,2.25070718758926,2.34920451219015,2.34534334031944,2.34880491652504,2.37634256744065,2.3759599932048,2.60791569323761,2.61110927373793,2.60785952025053,2.50422013999059,2.50941079183117,2.95595061164747,2.95528860429057,2.95480557338991,0.9895
"26",26,500,"loading","strong","Basic","vgood",0.7,5,5,1,0.125,1,0.2025,0.18,1,1,0,2000,218,"latent",500,2000,0,1.00455475841211,0.202421576744101,0.179159713071554,0.406671398555959,1.0003643176933,0.12481142890011,0.00455475841210744,-7.84232558994715e-05,-0.00084028692844594,0.00667139855595947,0.000364317693295989,-0.000188571099890362,0.00455475841210744,-0.000387275337775167,-0.00466826071358856,0.0166784963898987,0.000364317693295989,-0.00150856879912289,0.145972492813937,0.0249854112773033,0.0424437715685384,0.118216802108151,0.0694237897655754,0.0271718926268464,0.941,0.942,0.9435,0.948,0.943,0.942,1,1,0.989,0.98,1,0.9945,0.406671398555959,0.278665674487948,0.502147001938558,0.678001741614391,0.832888000475892,0.870075605436276,0.0145208505829416,0.0114263395764822,322.331304274218,315,0.418240861387648,0.99838352683972,0.999200451632863,0.00674290398402769,0.032168064140235,25.4989834869255,0.0020547030138367,0.00279739161926763,0.00661065746910729,0.00362513820702251,0.082,1.99938997735338,1.99868049675976,2.00144276906083,2.00029057870802,1.99976784031526,2.12657980454122,2.12693863400007,2.14525798135154,2.14493410727504,2.14718520338398,2.25060497100209,2.24973148378646,2.34595248785184,2.34527493441249,2.34591762222044,2.37393903288756,2.37499673043228,2.60407463349728,2.60665394740575,2.60847408979569,2.49914942632411,2.50090909774114,2.94543113787781,2.95041164634357,2.94792912501751,1
"27",27,800,"loading","strong","Basic","vgood",0.7,5,5,1,0.125,1,0.2025,0.18,1,1,0,2000,218,"latent",800,2000,0,0.999618428455445,0.20306393233794,0.179243180022846,0.403385370435065,0.998064707104827,0.125662804481747,-0.000381571544554508,0.000563932337940106,-0.000756819977154379,0.00338537043506458,-0.00193529289517324,0.000662804481746546,-0.000381571544554508,0.00278485105155608,-0.00420455542863544,0.00846342608766144,-0.00193529289517324,0.00530243585397237,0.110405401625671,0.0194130561684934,0.0326230116927135,0.0903578529050285,0.0552265180295045,0.0207740167937539,0.9465,0.9525,0.953,0.9485,0.951,0.9625,1,1,0.9995,0.9995,1,1,0.403385370435065,0.279749875913899,0.505337481216445,0.679671136248745,0.833890320203183,0.870952326710563,0.0114420399462942,0.00892848381289406,318.801063927379,315,0.458197969120759,0.999117510363652,0.999742314384614,0.00474312909145809,0.0252803789547533,25.700038589991,0.00120090232878725,0.00176657364082153,0.00511521627199907,0.00277936429113117,0.079,1.99678495303726,2.00013439773532,1.99835043857525,1.99986361563565,1.99958641945526,2.12336146701394,2.12400786848679,2.14745133662096,2.14549376213894,2.14654355735267,2.25090263638531,2.24910881592693,2.34434945733414,2.34327331032224,2.34443589324209,2.37342271524276,2.37685688496872,2.60759276720535,2.60741491719013,2.60886060207679,2.50269614227889,2.50075936470677,2.95091651865259,2.94925597668331,2.95210122015692,1
"28",28,200,"loading","strong","Basic","poor",0.3,5,5,1,0.125,1,0.2025,0.18,1,1,0,2000,218,"latent",200,948,0.526,1.18134939309356,0.215346276753691,0.129229223702531,0.339590510622987,0.999230831290344,0.126156631885031,0.181349393093561,0.0128462767536907,-0.0507707762974687,-0.0604094893770127,-0.000769168709656023,0.00115663188503051,0.181349393093561,0.0634384037219292,-0.28205986831927,-0.151023723442532,-0.000769168709656023,0.00925305508024409,0.564004760342243,0.0807700068935125,0.139501241498271,0.325667230369246,0.216097360581992,0.0698683079336865,0.975738396624473,0.981012658227848,0.986286919831224,0.925105485232067,0.934599156118143,0.953586497890295,0.457805907172996,0.70464135021097,0.0348101265822785,0.00527426160337553,0.9957805907173,0.420886075949367,0.339590510622987,0.280521106184176,0.515658359399888,0.661229650399819,0.708572125053425,0.759110224557648,0.0397832043545607,0.0353840237815527,331.921039685966,315,0.32500292248594,0.953044622921091,0.965201033614445,0.0144542226247986,0.0647253821081101,27.0986864088775,0.0477194787325109,0.0590828280585409,0.0111528936180804,0.0032199632459116,0.177215189873418,2.00903836007217,1.99015914378293,2.01355235437631,2.00807527793392,2.02347609130942,2.12341970229137,2.12709790361013,2.13389399091434,2.15816341169112,2.15297415726701,2.25369243635222,2.24680325262701,2.35494476222485,2.34291016590932,2.35369929253843,2.37363112863758,2.37243871176431,2.6032973463152,2.61325117727879,2.60312226495493,2.50198586107871,2.5181642135602,2.95402916529219,2.95196580433209,2.95046028163276,0.474
"29",29,500,"loading","strong","Basic","poor",0.3,5,5,1,0.125,1,0.2025,0.18,1,1,0,2000,218,"latent",500,1643,0.1785,1.06882951137585,0.211245116824519,0.158315686241632,0.387375555588039,0.994357222983102,0.126762597283089,0.0688295113758536,0.00874511682451875,-0.0216843137583685,-0.0126244444119609,-0.00564277701689832,0.0017625972830885,0.0688295113758536,0.0431857620963889,-0.120468409768714,-0.0315611110299021,-0.00564277701689832,0.014100778264708,0.363903994435334,0.0559903098062376,0.0960789200795472,0.263732953003657,0.1346129064535,0.044793126886678,0.965307364576993,0.975045648204504,0.975654290931223,0.928788800973828,0.956786366402921,0.952525867315886,0.919050517346318,0.990870359099209,0.318928788800974,0.00182592818015825,1,0.816189896530736,0.387375555588039,0.280150133297446,0.516808037318048,0.680416626533525,0.716356090319447,0.76516850580764,0.0243740050719787,0.0213675484454216,322.339835012298,315,0.420393387403509,0.986430988416154,0.993651696364214,0.00676716890286184,0.0408966635438141,26.0108171045186,0.0173882659605988,0.0240866591488211,0.00665316841246868,0.00196205962262362,0.0900791235544735,1.99816784753753,1.995956520815,2.00456603967873,2.00097486419134,1.99934558019515,2.12909957446406,2.13021798302706,2.14264894850396,2.14163948974421,2.14865576196562,2.24989083710978,2.24716833047735,2.3484704109109,2.34635859553521,2.34836174084563,2.3710752385364,2.37437189649435,2.59709380867834,2.60513307828324,2.61080614325759,2.4997724030551,2.50525699060029,2.93891019700239,2.95443356939775,2.94669598531596,0.8215
"30",30,800,"loading","strong","Basic","poor",0.3,5,5,1,0.125,1,0.2025,0.18,1,1,0,2000,218,"latent",800,1850,0.075,1.02064600667255,0.207166304979158,0.170328648800063,0.412411937260369,0.995034636721914,0.126637237409966,0.0206460066725501,0.00466630497915828,-0.00967135119993689,0.0124119372603685,-0.00496536327808639,0.00163723740996627,0.0206460066725501,0.0230434813785594,-0.0537297288885383,0.0310298431509214,-0.00496536327808639,0.0130978992797302,0.280145985278858,0.044604703317033,0.0786523042733621,0.234234748830867,0.109254596224441,0.0341937681366408,0.96,0.961081081081081,0.970810810810811,0.942162162162162,0.946486486486486,0.958378378378378,0.98972972972973,0.99945945945946,0.547567567567568,0.0767567567567567,1,0.958918918918919,0.412411937260369,0.281441763564796,0.519213742706248,0.679168187552067,0.718902412296168,0.767013300703382,0.0192922904968541,0.0161842481539142,318.50569830199,315,0.461223705367481,0.992664390763308,0.998176793554954,0.00473903962920185,0.0322405516389108,25.9881758744,0.0100332992796568,0.0151231146421747,0.00509942532871443,0.00155089439058519,0.0713513513513514,1.9912177867174,2.00165741908088,1.99609713089537,2.0008134387122,1.99994946677754,2.12005947649811,2.12207419665147,2.15049472826333,2.14439331153347,2.1476653393101,2.25373634655398,2.24814532242915,2.34661061459274,2.34325645287761,2.34688002017588,2.36977164910307,2.38047535453625,2.60841648122514,2.60786215388369,2.61236810041833,2.5063273125788,2.50029071617391,2.95015771031539,2.94498209189322,2.95385021736675,0.925
"31",31,200,"loading","strong","Cor.Unique","vgood",0.7,5,5,1,0.125,1,0.2025,0.18,1,1,0,2000,218,"latent",200,1982,0.009,0.997085084145354,0.202544456259248,0.179200383177711,0.422942230514638,1.00378601089444,0.125032224634529,-0.00291491585464563,4.44562592482545e-05,-0.000799616822288616,0.0229422305146384,0.00378601089444331,3.2224634528696e-05,-0.00291491585464563,0.000219537082707429,-0.0044423156793812,0.057355576286596,0.00378601089444331,0.000257797076229568,0.229610113488242,0.0405843582572211,0.0660574480572407,0.190483018020876,0.114086802023807,0.0427802662190613,0.937941473259334,0.939959636730575,0.952068617558022,0.958627648839556,0.946518668012109,0.952573158425832,1,1,0.77598385469223,0.643289606458123,1,0.832492431886983,0.422942230514638,0.281455943084549,0.512538413917387,0.674996346190416,0.823009750433712,0.8642269571099,0.0253024005388567,0.0192945442305908,311.321412213714,295,0.320920112987043,0.994366816830279,0.995401827159636,0.0148189464862388,0.0498975367427534,25.4273856797045,0.00559667414942921,0.00720098100024436,0.0111192946600956,0.005798004652714,0.160948536831483,2.00323994812845,2.00544268472246,2.00119072688257,2.00464611493153,2.00469325564119,2.13077791162939,2.1359577001151,2.15350119160372,2.14858378926429,2.14869712350469,2.25292753810582,2.25200634845682,2.34903830557008,2.34550719287971,2.34964710536598,2.37457869934792,2.38043623186583,2.60444401823473,2.61013022592246,2.60522361022733,2.50549043197573,2.50619489421432,2.95722897269684,2.95693021781434,2.95502736372857,0.991
"32",32,500,"loading","strong","Cor.Unique","vgood",0.7,5,5,1,0.125,1,0.2025,0.18,1,1,0,2000,218,"latent",500,2000,0,1.00183304874887,0.20211268937644,0.179815598217278,0.408952689611505,1.00100527117028,0.124671172453858,0.00183304874886895,-0.000387310623559987,-0.000184401782721524,0.0089526896115052,0.00100527117027688,-0.000328827546142054,0.00183304874886895,-0.00191264505461722,-0.00102445434845291,0.022381724028763,0.00100527117027688,-0.00263062036913643,0.145180462807477,0.0251266588586783,0.0422714176287611,0.11803096010417,0.0712350697482526,0.0273101725517079,0.9415,0.946,0.9515,0.9575,0.9545,0.9455,1,1,0.9895,0.9815,1,0.9935,0.408952689611505,0.278598279646121,0.502147340092952,0.677942596209688,0.827957670475552,0.867478187172097,0.0148395103227582,0.0114610088528086,301.8961630424,295,0.420509491225387,0.998501525297758,0.999218978190063,0.00681513838460863,0.0315409861585051,24.5617720421635,0.00193493447547353,0.00280694275072977,0.00664649623853848,0.00353468567798064,0.081,2.00138818443473,2.00188472615945,1.99984895835069,2.00003543040229,1.99879194107331,2.12597963988024,2.12653983708721,2.14646339720505,2.1485204230325,2.14533843860994,2.25065149179809,2.25093508084848,2.34418638116225,2.34645037144321,2.34495303791645,2.37552875187365,2.37755402774849,2.60267250335619,2.60719693805379,2.60804224695648,2.49772774864768,2.49902772021059,2.9459931599369,2.94924423514805,2.94787722301351,1
"33",33,800,"loading","strong","Cor.Unique","vgood",0.7,5,5,1,0.125,1,0.2025,0.18,1,1,0,2000,218,"latent",800,2000,0,1.00055106616592,0.202388799220713,0.179381019040729,0.404455295306891,0.999817098151225,0.125363092068674,0.00055106616591559,-0.000111200779286833,-0.000618980959270673,0.00445529530689121,-0.000182901848774543,0.000363092068673991,0.00055106616591559,-0.000549139650799173,-0.00343878310705929,0.011138238267228,-0.000182901848774543,0.00290473654939193,0.112955542342666,0.0200033244005359,0.0332664285440734,0.0922290953613448,0.0573715996918209,0.0213050958057695,0.9505,0.9485,0.9515,0.95,0.9475,0.9555,1,1,1,0.9995,1,1,0.404455295306891,0.279611837022378,0.504022655893523,0.678993632033376,0.828982783340994,0.868304333374082,0.0115319952239354,0.00899828553224117,298.630897274545,295,0.456861455369145,0.999161596713929,0.999742818969133,0.00487240976668283,0.0248892536476696,25.29785652429,0.00114103955546382,0.00181055977013457,0.00518309210329902,0.00281313252320495,0.0705,1.99875041043428,1.99844700953417,1.99887178542484,1.99852384005408,1.99841444143689,2.12865924728043,2.12399213393072,2.14539895579652,2.14481388211564,2.14527079737996,2.25014210947891,2.24951510354254,2.34313694932807,2.3421911888886,2.34456850529921,2.3755976383914,2.37520921450235,2.60833177511656,2.60575118404564,2.60872628699859,2.49990476579175,2.50268814892907,2.94982363985122,2.95108976608352,2.95156282842613,1
"34",34,200,"loading","strong","Cor.Unique","poor",0.3,5,5,1,0.125,1,0.2025,0.18,1,1,0,2000,218,"latent",200,973,0.5135,1.17957171272515,0.22352119355243,0.117666580019885,0.324825625672227,1.0006310002358,0.125549850839842,0.179571712725151,0.0210211935524303,-0.0623334199801148,-0.0751743743277728,0.000631000235798477,0.000549850839842402,0.179571712725151,0.103808363221878,-0.346296777667305,-0.187935935819432,0.000631000235798477,0.00439880671873922,0.624389917384055,0.0898576734686278,0.156580523733088,0.341764427463026,0.231171802624969,0.073320917106878,0.965056526207605,0.979445015416238,0.976361767728674,0.906474820143885,0.948612538540596,0.953751284686536,0.345323741007194,0.649537512846865,0.0154162384378212,0.0092497430626927,0.996916752312436,0.389516957862282,0.324825625672227,0.275278655149265,0.533570697726972,0.672943956623778,0.685049530209406,0.741473508985475,0.0460821556786317,0.0398965398389863,310.998720444766,295,0.325366641067739,0.96401719126422,0.971651870420227,0.0146854680835247,0.0626997465898583,25.5341697377641,0.0354682972760526,0.0473750075703192,0.0111494008129562,0.003214019037994,0.156217882836588,2.00355670787185,2.00246730780042,2.00561162376715,2.00248510815134,2.01509024781245,2.13160353073958,2.14774802404699,2.15756239256324,2.14223571090863,2.14258895388192,2.25240617385865,2.25748993125448,2.34466722340875,2.34755771858283,2.3480028902396,2.36813346078941,2.38639036351702,2.59247674350406,2.61019965674893,2.594906595175,2.50726266102927,2.50150340226181,2.96777309463567,2.95294557315848,2.95947292064505,0.4865
"35",35,500,"loading","strong","Cor.Unique","poor",0.3,5,5,1,0.125,1,0.2025,0.18,1,1,0,2000,218,"latent",500,1651,0.1745,1.07206113065647,0.209374965619615,0.159477556090486,0.396658875925691,0.99668881941448,0.126815769192359,0.0720611306564711,0.00687496561961549,-0.0205224439095137,-0.00334112407430901,-0.00331118058552035,0.00181576919235893,0.0720611306564711,0.033950447504274,-0.114013577275076,-0.00835281018577253,-0.00331118058552035,0.0145261535388714,0.390206616404153,0.0580321322286228,0.101430703544762,0.274794078262175,0.144870173852466,0.0470512444030585,0.967292549969715,0.978800726832223,0.978800726832223,0.93519079345851,0.950333131435494,0.940036341611145,0.850999394306481,0.976377952755906,0.276801938219261,0.000605693519079346,1,0.78679588128407,0.396658875925691,0.281909661687672,0.520039802504848,0.67861235266774,0.697207385954101,0.75034636959992,0.0261173356076355,0.0224377787481327,301.755692582735,295,0.424750206496285,0.989763926899878,0.995042291095429,0.00682795197946464,0.0395467596947698,25.3112184347681,0.013289384634876,0.0195816989665024,0.00675893660235441,0.00200786025306066,0.0854027861901878,2.00318174737694,2.00158570107384,2.00387935244982,2.00202203881698,2.00045933338313,2.12722896635348,2.12897500291146,2.14640601855292,2.15281740770443,2.14289971968378,2.25124999586575,2.25527757313052,2.33868482419984,2.34817979964789,2.34119984038157,2.37603011412684,2.38234254423808,2.59272361465565,2.60682548501133,2.6094601647786,2.4941271212047,2.49503522496126,2.94494286285341,2.9526373804074,2.95068967602752,0.8255
"36",36,800,"loading","strong","Cor.Unique","poor",0.3,5,5,1,0.125,1,0.2025,0.18,1,1,0,2000,218,"latent",800,1846,0.077,1.0368217356257,0.207888308810958,0.165776042963595,0.402703242498121,0.99951077479871,0.126160431665173,0.0368217356256967,0.00538830881095846,-0.014223957036405,0.00270324249812086,-0.000489225201289947,0.00116043166517299,0.0368217356256967,0.0266089323997949,-0.0790219835355831,0.00675810624530214,-0.000489225201289947,0.00928345332138391,0.304915425454039,0.0475715321147551,0.0849263315669374,0.243607297309656,0.120264743242315,0.0367176937568728,0.965330444203684,0.961538461538462,0.969664138678223,0.942036836403034,0.939328277356446,0.952871072589382,0.977248104008667,0.999458288190683,0.462080173347779,0.0232936078006501,1,0.942578548212351,0.402703242498121,0.280676101059049,0.516299467429347,0.678867505425585,0.69948224907452,0.752826757818532,0.020621362096026,0.0169062521043226,298.312120513508,295,0.460269452911301,0.994440675674472,0.998512060633305,0.0048208568725643,0.03116432384539,25.0947804747505,0.00756402860724845,0.0122389696858214,0.00514766701611585,0.00153430915992165,0.0687973997833153,2.00216161198718,1.99476000596473,2.00156646921532,1.99660893210995,2.00045209089492,2.13657172951621,2.1220251547966,2.14409781677245,2.14227424460317,2.14369836943902,2.24654807854205,2.25104976944519,2.33898704802664,2.33991233075473,2.34313787443483,2.37655050355133,2.3753398543338,2.61071983942394,2.6026765891274,2.61194946384907,2.50244491994046,2.50466427901551,2.9505957900636,2.95066903138964,2.95632761895002,0.923
"37",37,200,"loading","weak","Basic","vgood",0.7,5,5,1,0.125,1,0.2025,0.18,1,1,0,2000,218,"latent",200,1976,0.012,1.00366867731656,0.202881664365417,0.178847018421464,0.419242437007026,1.00338445853019,0.124902122173888,0.00366867731655577,0.000381664365417141,-0.00115298157853633,0.0192424370070265,0.00338445853019355,-9.78778261118626e-05,0.00366867731655577,0.00188476229835625,-0.0064054532140907,0.0481060925175661,0.00338445853019355,-0.0007830226088949,0.218766221418044,0.0394697930606731,0.0646245113739988,0.186141118042684,0.107948285848702,0.0420367839009529,0.944838056680162,0.939777327935223,0.959008097165992,0.965587044534413,0.947874493927126,0.949392712550607,1,1,0.780364372469636,0.646255060728745,1,0.851720647773279,0.419242437007026,0.281053284381395,0.507683486541073,0.675409864727302,0.827813631841838,0.862896512552318,0.0249716518838102,0.0192490915215799,339.707287226869,323,0.323382628954614,0.993578866109219,0.995193500072978,0.0142484036220947,0.0548216675105748,26.5172218905378,0.00656216170223898,0.00765762091427552,0.0108044146202214,0.00606259237661182,0.15587044534413,2.00542139076973,1.99936419558297,2.0068696576974,2.0051123961376,2.01005358284901,2.12815221755786,2.12933232922047,2.12471266453988,2.13249924934627,2.14143171882839,2.25291750870967,2.25070718758926,2.25526315505155,2.25140198318085,2.30183423795574,2.37634256744065,2.3759599932048,2.37544173327498,2.37863531377529,2.49162254026921,2.50422013999059,2.50941079183117,2.50436792385718,2.50370591650028,2.72901422949476,0.988
"38",38,500,"loading","weak","Basic","vgood",0.7,5,5,1,0.125,1,0.2025,0.18,1,1,0,2000,218,"latent",500,1999,5e-04,1.00422340851432,0.202295132243353,0.17938024643117,0.407382171798143,1.00051306486115,0.124720840674296,0.00422340851431682,-0.000204867756647252,-0.000619753568830205,0.00738217179814259,0.00051306486115167,-0.000279159325704493,0.00422340851431682,-0.00101169262541853,-0.00344307538239003,0.0184554294953565,0.00051306486115167,-0.00223327460563594,0.142659541911464,0.0249520747987015,0.0427230781504772,0.119072036370795,0.0681932041651868,0.0264431501653967,0.939469734867434,0.942471235617809,0.945972986493247,0.951975987993997,0.948974487243622,0.945472736368184,1,1,0.988494247123562,0.978489244622311,1,0.9959979989995,0.407382171798143,0.27871673807846,0.501299307220698,0.677901664317718,0.83221915970631,0.86598514433561,0.014610722058804,0.0117452532189186,330.224275275072,323,0.420233526004352,0.99823071743548,0.999163904424641,0.00668371147096638,0.0346476922956771,25.7561256696967,0.00224507589824771,0.00300104436886376,0.00653795699637888,0.00371953738746182,0.0810405202601301,1.99938997735338,1.99868049675976,2.00144276906083,2.00029057870802,1.99976784031526,2.12657980454122,2.12693863400007,2.12415692914533,2.12383305506882,2.13663467728087,2.25060497100209,2.24973148378646,2.25213181296037,2.25145425952103,2.2990072847747,2.37393903288756,2.37499673043228,2.37199412444187,2.37457343835034,2.49243383526798,2.49914942632411,2.50090909774114,2.49577459929845,2.50075510776421,2.72310085572783,0.9995
"39",39,800,"loading","weak","Basic","vgood",0.7,5,5,1,0.125,1,0.2025,0.18,1,1,0,2000,218,"latent",800,2000,0,0.999909522264373,0.20285136829307,0.179398885339204,0.403946996530284,0.998466620874165,0.125478041196699,-9.04777356273418e-05,0.000351368293069603,-0.000601114660796015,0.00394699653028447,-0.00153337912583511,0.000478041196699178,-9.04777356273418e-05,0.00173515206454125,-0.0033395258933112,0.00986749132571118,-0.00153337912583511,0.00382432957359342,0.107710504576092,0.019360993375239,0.0329947264036157,0.0916795905904861,0.0539467061852245,0.0203968250014664,0.9445,0.95,0.9555,0.9485,0.951,0.962,1,1,0.9995,0.999,1,1,0.403946996530284,0.279580965542453,0.504188414005526,0.67943133574909,0.833195602187463,0.866800881187886,0.0114820322423449,0.009182103534089,326.825137226046,323,0.458822987528124,0.999025661014404,0.999724714309041,0.00469571776021761,0.0273211171774898,26.0348671702016,0.00132597353163848,0.00190042457401873,0.00510546912016604,0.0028872092889379,0.075,1.99678495303726,2.00013439773532,1.99835043857525,1.99986361563565,1.99958641945526,2.12336146701394,2.12400786848679,2.12635906138378,2.12440148690176,2.13599741973408,2.25090263638531,2.24910881592693,2.25063215915686,2.24955601214497,2.29757724415345,2.37342271524276,2.37685688496872,2.37553662666336,2.37535877664813,2.49283253180579,2.50269614227889,2.50075936470677,2.50062229157641,2.49896174960713,2.72695410661883,1
"40",40,200,"loading","weak","Basic","poor",0.3,5,5,1,0.125,1,0.2025,0.18,1,1,0,2000,218,"latent",200,890,0.555,1.16570471811657,0.216501770330508,0.123913298584926,0.321972814187842,1.0022856448824,0.125008182333807,0.165704718116573,0.0140017703305076,-0.0560867014150735,-0.0780271858121584,0.00228564488240396,8.18233380675842e-06,0.165704718116573,0.0691445448420127,-0.311592785639297,-0.195067964530396,0.00228564488240396,6.54586704540673e-05,0.501793208621924,0.0792499935270277,0.140588998545297,0.323569099868832,0.196948012066834,0.0643469173113641,0.991011235955056,0.987640449438202,0.985393258426966,0.926966292134832,0.953932584269663,0.940449438202247,0.508988764044944,0.67191011235955,0.0168539325842697,0.00449438202247191,0.997752808988764,0.491011235955056,0.321972814187842,0.281855032239118,0.496793512817194,0.665977089066362,0.701335950785011,0.739893075919581,0.0417346341194062,0.0366614409155618,339.702415824948,323,0.32534268759668,0.943286644198123,0.959736091826045,0.0143253469594912,0.0671834034319633,27.0788142958605,0.0569335542288432,0.0711617411200974,0.0108476976712918,0.00320244868163297,0.165168539325843,2.00903836007217,1.99015914378293,2.01355235437631,2.00807527793392,2.02347609130942,2.12341970229137,2.12709790361013,2.11269921807999,2.13696863885677,2.14237677084983,2.25369243635222,2.24680325262701,2.26100340508625,2.24896880877073,2.30672861396913,2.37363112863758,2.37243871176431,2.37082338635256,2.38077721731615,2.48688528497361,2.50198586107871,2.5181642135602,2.5024464775019,2.5003831165418,2.72466893773762,0.445
"41",41,500,"loading","weak","Basic","poor",0.3,5,5,1,0.125,1,0.2025,0.18,1,1,0,2000,218,"latent",500,1577,0.2115,1.06993401541141,0.210046027691248,0.160052148906025,0.391848200672492,0.996641310102024,0.124869021628751,0.0699340154114133,0.00754602769124764,-0.0199478510939753,-0.00815179932750791,-0.00335868989797599,-0.000130978371248782,0.0699340154114133,0.0372643342777661,-0.110821394966529,-0.0203794983187698,-0.00335868989797599,-0.00104782696999026,0.33876513199859,0.0558270615354061,0.0978235209094198,0.269018429457879,0.12543423650935,0.0395848319435786,0.970830691185796,0.974635383639822,0.978440076093849,0.93151553582752,0.955611921369689,0.953709575142676,0.922637920101459,0.989854153455929,0.276474318325935,0,1,0.886493341788205,0.391848200672492,0.278594397053523,0.500080641744222,0.678287974212299,0.709715799618562,0.745817097315764,0.0244821575304098,0.0225375090168761,330.386202383616,323,0.419623757320319,0.983357047657107,0.992539571856195,0.00675101371302812,0.0424125551947234,26.1901492839241,0.0210537839883168,0.0289058109232005,0.00657049811496283,0.00195404713279786,0.0970196575776791,1.99816784753753,1.995956520815,2.00456603967873,2.00097486419134,1.99934558019515,2.12909957446406,2.13021798302706,2.12154789629774,2.12053843753799,2.13810523586251,2.24989083710978,2.24716833047735,2.25464973601943,2.25253792064375,2.3014514033999,2.3710752385364,2.37437189649435,2.36501329962293,2.37305256922782,2.49476588872988,2.4997724030551,2.50525699060029,2.48925365842304,2.50477703081839,2.72186771602628,0.7885
"42",42,800,"loading","weak","Basic","poor",0.3,5,5,1,0.125,1,0.2025,0.18,1,1,0,2000,218,"latent",800,1807,0.0965,1.02598135070637,0.206855568327171,0.169762164719653,0.409750152134159,0.997248237342636,0.125939275862045,0.0259813507063652,0.00435556832717105,-0.0102378352803473,0.00975015213415932,-0.00275176265736426,0.000939275862044576,0.0259813507063652,0.0215089793934373,-0.0568768626685961,0.0243753803353983,-0.00275176265736426,0.00751420689635661,0.260016260304378,0.0453824269212756,0.0795964037988552,0.234336071461544,0.101916370270769,0.0307637964351725,0.970116214720531,0.963475373547316,0.97399003873824,0.939679026009961,0.950747094631987,0.959048146098506,0.993912562257886,0.998893193137797,0.502490315439956,0.0265633646928611,1,0.985611510791367,0.409750152134159,0.281360617719043,0.509488041259305,0.679518805492121,0.711848179157717,0.74749197545935,0.0192866426974096,0.0169910360900155,326.607879873259,323,0.461381879832762,0.990946090167807,0.997833429262265,0.00471256421973428,0.0334668218706094,26.3900052631252,0.0124091256169333,0.0182249229840318,0.00508819736153845,0.00159661114191305,0.0697288323187604,1.9912177867174,2.00165741908088,1.99609713089537,2.0008134387122,1.99994946677754,2.12005947649811,2.12207419665147,2.12940245302614,2.12330103629629,2.13711920169151,2.25373634655398,2.24814532242915,2.25289331641547,2.24953915470033,2.30002137108724,2.36977164910307,2.38047535453625,2.37636034068314,2.3758060133417,2.49634003014733,2.5063273125788,2.50029071617391,2.49986348323922,2.49468786481704,2.72870310382866,0.9035
"43",43,200,"loading","weak","Cor.Unique","vgood",0.7,5,5,1,0.125,1,0.2025,0.18,1,1,0,2000,218,"latent",200,1976,0.012,0.99648702359051,0.202129638991722,0.179514678165989,0.423793285790125,1.00452802249322,0.124649961564123,-0.0035129764094902,-0.000370361008278009,-0.000485321834010936,0.0237932857901255,0.00452802249322212,-0.000350038435877475,-0.0035129764094902,-0.0018289432507556,-0.00269623241117187,0.0594832144753138,0.00452802249322212,-0.0028003074870198,0.221181580073262,0.0405325279217164,0.0660213104051163,0.19062973200252,0.110212625518477,0.0418564621599838,0.94331983805668,0.939777327935223,0.955971659919028,0.963562753036437,0.947368421052632,0.950404858299595,1,1,0.766194331983806,0.626012145748988,1,0.846153846153846,0.423793285790125,0.281330762372672,0.509213389773702,0.674794699923928,0.822189548526617,0.859713204711681,0.0253221274767357,0.0197941293948841,319.273861193414,303,0.323914393032333,0.993878015460795,0.995155124285355,0.0145950709525493,0.0538041369110763,25.663966676745,0.00613606610707905,0.00768198947229352,0.011023062370376,0.00593251779084629,0.163967611336032,2.00323994812845,2.00544268472246,2.00119072688257,2.00464611493153,2.00469325564119,2.13077791162939,2.1359577001151,2.13230641876937,2.12738901642994,2.13809973708752,2.25292753810582,2.25200634845682,2.25509694843149,2.25156583574112,2.30267642679668,2.37457869934792,2.38043623186583,2.37197005827209,2.37765626595982,2.48898663024602,2.50549043197573,2.50619489421432,2.50564628490655,2.50534753002405,2.72923601983343,0.988
"44",44,500,"loading","weak","Cor.Unique","vgood",0.7,5,5,1,0.125,1,0.2025,0.18,1,1,0,2000,218,"latent",500,2000,0,1.00208719824664,0.201835097369377,0.180091577405476,0.40991463013889,1.00135970686797,0.124487074197067,0.00208719824663853,-0.000664902630622946,9.1577405476193e-05,0.0099146301388899,0.00135970686797152,-0.000512925802933082,0.00208719824663853,-0.00328346978085406,0.000508763363756628,0.0247865753472248,0.00135970686797152,-0.00410340642346465,0.142108295782859,0.0251224296588813,0.0426925286890614,0.119717305334873,0.0699633840540619,0.026836303569825,0.939,0.944,0.9495,0.9555,0.952,0.944,1,1,0.987,0.9775,1,0.995,0.40991463013889,0.278554324032973,0.500847659504817,0.677655949270495,0.827062223291018,0.86282038178947,0.0149637486913809,0.011856890095388,309.853555984148,303,0.422219972649804,0.998351879612433,0.999180622688142,0.00677101364095702,0.033997517801724,24.9256096309326,0.00211904598918381,0.00301316585690276,0.00659767027543792,0.00364600050729366,0.0815,2.00138818443473,2.00188472615945,1.99984895835069,2.00003543040229,1.99879194107331,2.12597963988024,2.12653983708721,2.12536234499884,2.12741937082628,2.13478791250683,2.25065149179809,2.25093508084848,2.25036570627078,2.25262969655174,2.29804270047072,2.37552875187365,2.37755402774849,2.37059199430077,2.37511642899838,2.49200199242877,2.49772774864768,2.49902772021059,2.49633662135755,2.49958769656869,2.72304895372383,1
"45",45,800,"loading","weak","Cor.Unique","vgood",0.7,5,5,1,0.125,1,0.2025,0.18,1,1,0,2000,218,"latent",800,2000,0,0.999846163790241,0.202337093209661,0.179526722158322,0.405080455100422,0.999789768272318,0.125389070551752,-0.000153836209758909,-0.000162906790339129,-0.000473277841677602,0.00508045510042175,-0.000210231727682199,0.000389070551752117,-0.000153836209758909,-0.000804477976983352,-0.00262932134265334,0.0127011377510544,-0.000210231727682199,0.00311256441401693,0.11037626615692,0.0200162342590583,0.0336694797862279,0.0937929123161601,0.0560981776543357,0.0208518167390499,0.9505,0.9475,0.949,0.948,0.944,0.9585,1,1,1,0.9995,1,1,0.405080455100422,0.279824537878867,0.503920849053259,0.678964427356294,0.828097276546874,0.863601307259147,0.0115800450997723,0.00929061511896741,306.734393598281,303,0.456959821018986,0.999071647743639,0.999720750570291,0.004843990638661,0.0268569804604098,25.7435057590079,0.00126593207207311,0.00194891139490584,0.00517372234859463,0.002946115922046,0.0745,1.99875041043428,1.99844700953417,1.99887178542484,1.99852384005408,1.99841444143689,2.12865924728043,2.12399213393072,2.12430668055933,2.12372160687845,2.13472465976137,2.25014210947891,2.24951510354254,2.24941965115079,2.24847389071133,2.29770985621057,2.3755976383914,2.37520921450235,2.37627563457457,2.37369504350364,2.49269821672759,2.49990476579175,2.50268814892907,2.49952941277504,2.50079553900734,2.72641571488804,1
"46",46,200,"loading","weak","Cor.Unique","poor",0.3,5,5,1,0.125,1,0.2025,0.18,1,1,0,2000,218,"latent",200,895,0.5525,1.16805176436681,0.221091544365696,0.119943249880231,0.328566505597711,1.00820896360664,0.124960837835875,0.168051764366806,0.0185915443656962,-0.0600567501197686,-0.0714334944022887,0.00820896360664201,-3.91621641250456e-05,0.168051764366806,0.0918100956330676,-0.333648611776492,-0.178583736005722,0.00820896360664201,-0.000313297313000365,0.564777133987663,0.0900506087400562,0.156449589465693,0.348550654932156,0.212282270695302,0.0660909922663153,0.985474860335195,0.98659217877095,0.983240223463687,0.911731843575419,0.959776536312849,0.946368715083799,0.388826815642458,0.568715083798883,0.0100558659217877,0.00558659217877095,0.995530726256983,0.478212290502793,0.328566505597711,0.279535577178566,0.502570748996254,0.669927443709844,0.676162050171876,0.720343918890432,0.0460788621758374,0.040549595254483,319.565494356331,303,0.322953083835817,0.957734535811564,0.967348273472458,0.0146482314088084,0.065169339266351,26.010681179638,0.0420205129482247,0.0541820163849097,0.011135162660423,0.00330646918818593,0.16536312849162,2.00355670787185,2.00246730780042,2.00561162376715,2.00248510815134,2.01509024781245,2.13160353073958,2.14774802404699,2.13636761972889,2.12104093807428,2.13199156746474,2.25240617385865,2.25748993125448,2.25072586627015,2.25361636144423,2.30103221167031,2.36813346078941,2.38639036351702,2.36000278354143,2.37772569678629,2.47866961519369,2.50726266102927,2.50150340226181,2.51619040684538,2.5013628853682,2.73368157674991,0.4475
"47",47,500,"loading","weak","Cor.Unique","poor",0.3,5,5,1,0.125,1,0.2025,0.18,1,1,0,2000,218,"latent",500,1595,0.2025,1.07861744557356,0.209090072387102,0.158716191081909,0.392507004585192,0.999480070696731,0.124893097169848,0.0786174455735632,0.00659007238710158,-0.0212838089180914,-0.00749299541480795,-0.000519929303269101,-0.000106902830152333,0.0786174455735632,0.0325435673437115,-0.118243382878286,-0.0187324885370199,-0.000519929303269101,-0.00085522264121866,0.359696740779834,0.0599608520988938,0.104083322436634,0.277157166617707,0.13609650959305,0.0424733270310212,0.979937304075235,0.97742946708464,0.981191222570533,0.93166144200627,0.959247648902821,0.944827586206897,0.87460815047022,0.974921630094044,0.221316614420063,0,1,0.850156739811912,0.392507004585192,0.28003082509562,0.500377404657971,0.677357243740115,0.688288759696241,0.728523653298905,0.0269496426221083,0.0240610410565681,309.87997238032,303,0.42406217713929,0.987888355256974,0.994337228800117,0.00682128097532324,0.0410545304910394,25.8583148241313,0.0156019627315859,0.022600250242379,0.00672493711510565,0.00205095788909498,0.0927899686520376,2.00318174737694,2.00158570107384,2.00387935244982,2.00202203881698,2.00045933338313,2.12722896635348,2.12897500291146,2.1253049663467,2.13171635549821,2.13234919358067,2.25124999586575,2.25527757313052,2.24486414930838,2.25435912475642,2.29428950293584,2.37603011412684,2.38234254423808,2.36064310560024,2.37474497595591,2.4934199102509,2.4941271212047,2.49503522496126,2.49528632427405,2.50298084182805,2.72586140673784,0.7975
"48",48,800,"loading","weak","Cor.Unique","poor",0.3,5,5,1,0.125,1,0.2025,0.18,1,1,0,2000,218,"latent",800,1823,0.0885,1.03713011425819,0.207778100671426,0.165803216198322,0.40325159129155,1.00060734844603,0.12574693284193,0.0371301142581891,0.00527810067142582,-0.0141967838016777,0.0032515912915497,0.000607348446029291,0.000746932841929819,0.0371301142581891,0.0260646946737077,-0.0788710211204319,0.00812897822887424,0.000607348446029291,0.00597546273543855,0.283131793836568,0.0490461447973821,0.0872140849552376,0.250702133704328,0.110809989365399,0.0327251373444889,0.97970378496983,0.964344487109161,0.973121228743829,0.93911135490949,0.953373560065826,0.956664838178826,0.982446516730664,1,0.412506856829402,0.00713110257816786,1,0.972024136039495,0.40325159129155,0.281227847996256,0.507870628730278,0.67900904693395,0.690229675555134,0.730626266175925,0.0208395813740093,0.0181034569334597,306.426327401742,303,0.460240699924992,0.993442862282246,0.998281717491107,0.00480398011341199,0.0323807993714999,25.3670272376967,0.00888110246452222,0.0139829681580925,0.00511616349761615,0.00157759772909088,0.0652770159078442,2.00216161198718,1.99476000596473,2.00156646921532,1.99660893210995,2.00045209089492,2.13657172951621,2.1220251547966,2.12300554153527,2.12118196936599,2.13315223182043,2.24654807854205,2.25104976944519,2.24526974984936,2.24619503257745,2.29627922534619,2.37655050355133,2.3753398543338,2.37866369888195,2.37062044858541,2.49592139357808,2.50244491994046,2.50466427901551,2.50030156298742,2.50037480431346,2.73118050541193,0.9115
"49",49,200,"none","none","Basic","vgood",0.7,5,5,1,0.125,1,0.2025,0.18,1,1,0,2000,218,"latent",200,1978,0.011,1.00354302810291,0.202640514901182,0.179126705336057,0.4204671903151,1.00373788571555,0.124820561749051,0.0035430281029066,0.000140514901181659,-0.000873294663942525,0.0204671903151002,0.00373788571555172,-0.000179438250949216,0.0035430281029066,0.000693900746576092,-0.00485163702190292,0.0511679757877505,0.00373788571555172,-0.00143550600759373,0.218183572346303,0.0395941020118672,0.0648351294315166,0.187810507242099,0.107362356667537,0.0419818853940478,0.942366026289181,0.939838220424671,0.96056622851365,0.963599595551062,0.945399393326593,0.946916076845298,1,1,0.778564206268959,0.640040444893832,1,0.851365015166835,0.4204671903151,0.281170605358922,0.507249367734847,0.675118822138319,0.827646878820353,0.861831670258997,0.0250356900613775,0.019466916961802,343.774133522851,327,0.324668857124507,0.993422438246864,0.995145147117882,0.0141708972963205,0.056566490598979,26.7719601552684,0.00676432509962013,0.00778255558417644,0.01080780741118,0.00615388504875943,0.160768452982811,2.00542139076973,1.99936419558297,2.0068696576974,2.0051123961376,2.01005358284901,2.12815221755786,2.12933232922047,2.12471266453988,2.13249924934627,2.13083433241121,2.25291750870967,2.25070718758926,2.25526315505155,2.25140198318085,2.25486355938644,2.37634256744065,2.3759599932048,2.37544173327498,2.37863531377529,2.3753855602879,2.50422013999059,2.50941079183117,2.50436792385718,2.50370591650028,2.50322288559962,0.989
"50",50,500,"none","none","Basic","vgood",0.7,5,5,1,0.125,1,0.2025,0.18,1,1,0,2000,218,"latent",500,1999,5e-04,1.00395902063243,0.202253078618414,0.179533053496193,0.407819513784686,1.00051384366079,0.12473554065195,0.0039590206324324,-0.000246921381585852,-0.000466946503807193,0.00781951378468553,0.000513843660793732,-0.000264459348050457,0.0039590206324324,-0.00121936484733754,-0.00259414724337329,0.0195487844617138,0.000513843660793732,-0.00211567478440365,0.141605838861955,0.0249364077737363,0.0428080122325021,0.119409049449139,0.0680065920358718,0.0262753167319438,0.937468734367184,0.941970985492746,0.946973486743372,0.95247623811906,0.947473736868434,0.944472236118059,1,1,0.988494247123562,0.977488744372186,1,0.996998499249625,0.407819513784686,0.278822672370462,0.50128505708387,0.6778685623964,0.832074049401354,0.864982812657223,0.0146309901814689,0.011823818795031,334.188843731809,327,0.420838289371528,0.998198108209724,0.999163373044142,0.00663287559820283,0.035721567757144,25.8406221735977,0.00229005727739587,0.00302884528615383,0.006507987044674,0.0037662157691166,0.080040020010005,1.99938997735338,1.99868049675976,2.00144276906083,2.00029057870802,1.99976784031526,2.12657980454122,2.12693863400007,2.12415692914533,2.12383305506882,2.12608415117776,2.25060497100209,2.24973148378646,2.25213181296037,2.25145425952103,2.25209694732897,2.37393903288756,2.37499673043228,2.37199412444187,2.37457343835034,2.37639358074027,2.49914942632411,2.50090909774114,2.49577459929845,2.50075510776421,2.49827258643815,0.9995
"51",51,800,"none","none","Basic","vgood",0.7,5,5,1,0.125,1,0.2025,0.18,1,1,0,2000,218,"latent",800,2000,0,0.999594322739449,0.20288511565576,0.179451998480067,0.404105507232389,0.99841136451669,0.12550886612778,-0.000405677260551274,0.000385115655759939,-0.000548001519932861,0.00410550723238856,-0.00158863548330957,0.000508866127779577,-0.000405677260551274,0.00190180570745649,-0.0030444528885159,0.0102637680809714,-0.00158863548330957,0.00407092902223661,0.106829775475024,0.0193562122624536,0.0330597085322906,0.0919556702028935,0.0538000614152603,0.0203886313647929,0.9465,0.95,0.9545,0.948,0.9515,0.959,1,1,0.9995,0.999,1,1,0.404105507232389,0.279646485014019,0.504313039979883,0.679507402484173,0.833051533884533,0.86577718854383,0.0114930528549918,0.00924672571036278,330.755766484119,327,0.459704793062543,0.999007442466511,0.999728421496874,0.00467341310040305,0.0281431819451552,26.1813425232748,0.00135523987399591,0.00192275900324338,0.00506957245045694,0.00289020664262974,0.0755,1.99678495303726,2.00013439773532,1.99835043857525,1.99986361563565,1.99958641945526,2.12336146701394,2.12400786848679,2.12635906138378,2.12440148690176,2.12545128211549,2.25090263638531,2.24910881592693,2.25063215915686,2.24955601214497,2.25071859506482,2.37342271524276,2.37685688496872,2.37553662666336,2.37535877664813,2.3768044615348,2.50269614227889,2.50075936470677,2.50062229157641,2.49896174960713,2.50180699308074,1
"52",52,200,"none","none","Basic","poor",0.3,5,5,1,0.125,1,0.2025,0.18,1,1,0,2000,218,"latent",200,906,0.547,1.15592348515533,0.213292795583285,0.129262000001083,0.33657409448947,1.00598378504147,0.122503869145265,0.155923485155335,0.0107927955832851,-0.0507379999989167,-0.0634259055105297,0.00598378504146572,-0.0024961308547352,0.155923485155335,0.0532977559668398,-0.281877777771759,-0.158564763776324,0.00598378504146572,-0.0199690468378816,0.485697978302334,0.0793922306918008,0.137812626784622,0.323355065802653,0.195797234224826,0.0630692508829595,0.99448123620309,0.986754966887417,0.990066225165563,0.928256070640177,0.955849889624724,0.947019867549669,0.51766004415011,0.6280353200883,0.0154525386313466,0.0033112582781457,0.996688741721854,0.486754966887417,0.33657409448947,0.279258271491602,0.484319385875944,0.6626851062929,0.701134279635548,0.736805615776058,0.0410864373321475,0.0366290493646232,344.245174554105,327,0.322032318682875,0.939884595262796,0.957532912277624,0.0144496729729953,0.068343078537281,27.3755105910414,0.0594856752740714,0.073443233374296,0.0108533228493077,0.0033019162234518,0.173289183222958,2.00903836007217,1.99015914378293,2.01355235437631,2.00807527793392,2.02347609130942,2.12341970229137,2.12709790361013,2.11269921807999,2.13696863885677,2.13177938443266,2.25369243635222,2.24680325262701,2.26100340508625,2.24896880877073,2.25975793539983,2.37363112863758,2.37243871176431,2.37082338635256,2.38077721731615,2.37064830499229,2.50198586107871,2.5181642135602,2.5024464775019,2.5003831165418,2.49887759384247,0.453
"53",53,500,"none","none","Basic","poor",0.3,5,5,1,0.125,1,0.2025,0.18,1,1,0,2000,218,"latent",500,1563,0.2185,1.06875738963987,0.209719030068983,0.161246582039982,0.393317207802553,0.997323801863817,0.124651034782666,0.0687573896398699,0.00721903006898287,-0.0187534179600178,-0.00668279219744709,-0.00267619813618266,-0.00034896521733374,0.0687573896398699,0.0356495312048537,-0.104185655333432,-0.0167069804936177,-0.00267619813618266,-0.00279172173866992,0.329346618700418,0.0549591991560709,0.0975953352676499,0.267411510091419,0.123807218142222,0.038647653321184,0.973768394113884,0.981445937300064,0.979526551503519,0.934101087651951,0.961612284069098,0.953934740882918,0.928342930262316,0.989123480486244,0.2680742162508,0.000639795265515035,1,0.90339091490723,0.393317207802553,0.278628880255778,0.497637614848962,0.678433233762618,0.708257250469841,0.741733247960433,0.0244983519362451,0.0227173609728219,334.498857543838,327,0.418143709980156,0.982582920182927,0.992227436347029,0.00674710103990517,0.0430463590354652,26.2714081217077,0.0219484814262886,0.0298455973820721,0.00652959608485055,0.00199159654769469,0.0934101087651951,1.99816784753753,1.995956520815,2.00456603967873,2.00097486419134,1.99934558019515,2.12909957446406,2.13021798302706,2.12154789629774,2.12053843753799,2.1275547097594,2.24989083710978,2.24716833047735,2.25464973601943,2.25253792064375,2.25454106595417,2.3710752385364,2.37437189649435,2.36501329962293,2.37305256922782,2.37872563420217,2.4997724030551,2.50525699060029,2.48925365842304,2.50477703081839,2.4970394467366,0.7815
"54",54,800,"none","none","Basic","poor",0.3,5,5,1,0.125,1,0.2025,0.18,1,1,0,2000,218,"latent",800,1788,0.106,1.02424620918099,0.206808800143276,0.170373370332416,0.411828357035952,0.997355358184805,0.125969149576934,0.0242462091809896,0.00430880014327553,-0.00962662966758448,0.0118283570359521,-0.00264464181519536,0.000969149576934186,0.0242462091809896,0.0212780253988915,-0.0534812759310249,0.0295708925898801,-0.00264464181519536,0.00775319661547349,0.256900406087331,0.0455997611854682,0.0802026005977275,0.236069652837408,0.100640125064151,0.0300078052971821,0.967561521252796,0.963087248322148,0.97427293064877,0.942393736017897,0.950782997762864,0.963087248322148,0.992170022371365,0.999440715883669,0.493288590604027,0.0229306487695749,1,0.991051454138702,0.411828357035952,0.28182915588382,0.509242809442716,0.679256975675786,0.710275445766647,0.742975346800907,0.0192777313303009,0.0172247119872044,330.550564800447,327,0.462219337740807,0.990527676839021,0.997825373111824,0.00469375013532241,0.033952605962189,26.5140430768358,0.0129652281697974,0.0188827732466005,0.00506312617536856,0.00161470941600734,0.0693512304250559,1.9912177867174,2.00165741908088,1.99609713089537,2.0008134387122,1.99994946677754,2.12005947649811,2.12207419665147,2.12940245302614,2.12330103629629,2.12657306407292,2.25373634655398,2.24814532242915,2.25289331641547,2.24953915470033,2.2531627219986,2.36977164910307,2.38047535453625,2.37636034068314,2.3758060133417,2.38031195987633,2.5063273125788,2.50029071617391,2.49986348323922,2.49468786481704,2.50355599029057,0.894
"55",55,200,"none","none","Cor.Unique","vgood",0.7,5,5,1,0.125,1,0.2025,0.18,1,1,0,2000,218,"latent",200,1974,0.013,0.996948939078966,0.202037308792433,0.179571449847819,0.423794291520258,1.0048374152673,0.124521153617139,-0.0030510609210339,-0.000462691207566574,-0.00042855015218068,0.0237942915202578,0.0048374152672992,-0.000478846382861292,-0.0030510609210339,-0.00228489485218061,-0.00238083417878155,0.0594857288006445,0.0048374152672992,-0.00383077106289033,0.219238722710304,0.0405190077826998,0.0660412648701985,0.190311054997427,0.110053217329934,0.0417591777509307,0.945288753799392,0.939716312056738,0.956433637284701,0.961499493414387,0.948328267477204,0.952887537993921,1,1,0.766970618034448,0.625126646403242,1,0.849544072948328,0.423794291520258,0.281192745493004,0.508124010700173,0.674792344466484,0.822067094862126,0.858602690827977,0.0252868991661714,0.0198783800895198,323.420658472146,307,0.323838744887981,0.993729722202751,0.995088820311944,0.0145372986631241,0.0554688559919895,25.856744633315,0.00631380906905527,0.00777671891070992,0.0109950097419981,0.00607150822745698,0.168693009118541,2.00323994812845,2.00544268472246,2.00119072688257,2.00464611493153,2.00469325564119,2.13077791162939,2.1359577001151,2.13230641876937,2.12738901642994,2.12750235067034,2.25292753810582,2.25200634845682,2.25509694843149,2.25156583574112,2.25570574822738,2.37457869934792,2.38043623186583,2.37197005827209,2.37765626595982,2.3727496502647,2.50549043197573,2.50619489421432,2.50564628490655,2.50534753002405,2.50344467593828,0.987
"56",56,500,"none","none","Cor.Unique","vgood",0.7,5,5,1,0.125,1,0.2025,0.18,1,1,0,2000,218,"latent",500,2000,0,1.00230887350337,0.201811853857428,0.180150532045684,0.410076494904942,1.00139345074645,0.124450684923885,0.00230887350337422,-0.000688146142571657,0.000150532045683787,0.0100764949049419,0.00139345074644949,-0.000549315076115286,0.00230887350337422,-0.00339825255590942,0.000836289142687703,0.0251912372623547,0.00139345074644949,-0.00439452060892229,0.141987318317222,0.025090980491347,0.0428235978227269,0.120197749175162,0.0697741002691755,0.0266625829767469,0.941,0.9445,0.95,0.955,0.955,0.948,1,1,0.9885,0.979,1,0.995,0.410076494904942,0.278543102169446,0.500562259979206,0.677666180575693,0.826874193636521,0.861660865155683,0.0149707257086351,0.011961477099934,313.834889378068,307,0.423331556581582,0.998317030986164,0.999179439542386,0.00672235087686305,0.0350256447396943,25.1065395380242,0.00217490624767381,0.00304894399061888,0.00658044787388033,0.00366308162148889,0.0865,2.00138818443473,2.00188472615945,1.99984895835069,2.00003543040229,1.99879194107331,2.12597963988024,2.12653983708721,2.12536234499884,2.12741937082628,2.12423738640373,2.25065149179809,2.25093508084848,2.25036570627078,2.25262969655174,2.25113236302498,2.37552875187365,2.37755402774849,2.37059199430077,2.37511642899838,2.37596173790106,2.49772774864768,2.49902772021059,2.49633662135755,2.49958769656869,2.49822068443415,1
"57",57,800,"none","none","Cor.Unique","vgood",0.7,5,5,1,0.125,1,0.2025,0.18,1,1,0,2000,218,"latent",800,2000,0,0.999734116133809,0.202343665103195,0.179564633194935,0.405190560239692,0.999750878132054,0.125404678499973,-0.000265883866190717,-0.000156334896804814,-0.000435366805065432,0.00519056023969212,-0.000249121867946377,0.000404678499973375,-0.000265883866190717,-0.000772024181752168,-0.00241870447258573,0.0129764005992303,-0.000249121867946377,0.003237427999787,0.109667960422709,0.0200696368388165,0.0337130601531766,0.093949561593968,0.0558617286962756,0.0208120890891396,0.95,0.9435,0.9495,0.9485,0.9455,0.9565,1,1,1,0.9995,1,1,0.405190560239692,0.279879506442156,0.5039360061452,0.678984947394202,0.827912112364221,0.862451772251463,0.0115849333086386,0.0093669488683673,310.662282677178,307,0.45807027514019,0.999052015434511,0.999725016615747,0.00480646451570203,0.0276679234787942,25.9467827580002,0.00129544596603571,0.00197331115767722,0.0051606922809056,0.00294534118864878,0.073,1.99875041043428,1.99844700953417,1.99887178542484,1.99852384005408,1.99841444143689,2.12865924728043,2.12399213393072,2.12430668055933,2.12372160687845,2.12417852214278,2.25014210947891,2.24951510354254,2.24941965115079,2.24847389071133,2.25085120712193,2.3755976383914,2.37520921450235,2.37627563457457,2.37369504350364,2.37667014645659,2.49990476579175,2.50268814892907,2.49952941277504,2.50079553900734,2.50126860134995,1
"58",58,200,"none","none","Cor.Unique","poor",0.3,5,5,1,0.125,1,0.2025,0.18,1,1,0,2000,218,"latent",200,897,0.5515,1.17323545096554,0.220135436023495,0.122562032661374,0.330472272409679,1.00794650210879,0.124236865418096,0.173235450965538,0.017635436023495,-0.0574379673386259,-0.069527727590321,0.00794650210878513,-0.000763134581904401,0.173235450965538,0.0870885729555309,-0.319099818547921,-0.173819318975802,0.00794650210878513,-0.00610507665523521,0.5532036425035,0.0905939476490251,0.154465752280551,0.346051596402604,0.209215970760701,0.0647594745642302,0.989966555183946,0.984392419175028,0.983277591973244,0.914158305462653,0.953177257525084,0.948717948717949,0.406911928651059,0.544035674470457,0.00222965440356745,0.00445930880713489,0.996655518394649,0.472686733556299,0.330472272409679,0.279216855397266,0.492929340388846,0.670142407740545,0.676977449170602,0.716155031408408,0.0455211659233271,0.0405397253597532,323.653321233596,307,0.323260450615689,0.956026641446064,0.966538523399238,0.0145899389547347,0.066192137987503,26.2013562044605,0.0434087773726541,0.055449269355705,0.0111300900289634,0.00336630110083886,0.160535117056856,2.00355670787185,2.00246730780042,2.00561162376715,2.00248510815134,2.01509024781245,2.13160353073958,2.14774802404699,2.13636761972889,2.12104093807428,2.12139418104756,2.25240617385865,2.25748993125448,2.25072586627015,2.25361636144423,2.25406153310101,2.36813346078941,2.38639036351702,2.36000278354143,2.37772569678629,2.36243263521237,2.50726266102927,2.50150340226181,2.51619040684538,2.5013628853682,2.50789023285476,0.4485
"59",59,500,"none","none","Cor.Unique","poor",0.3,5,5,1,0.125,1,0.2025,0.18,1,1,0,2000,218,"latent",500,1579,0.2105,1.08021230986216,0.209476351093385,0.158608888576943,0.393129108005524,0.998783936328656,0.124756806367943,0.0802123098621566,0.00697635109338466,-0.0213911114230568,-0.00687089199447642,-0.0012160636713444,-0.000243193632057418,0.0802123098621566,0.0344511165105415,-0.118839507905871,-0.0171772299861911,-0.0012160636713444,-0.00194554905645934,0.357003266640582,0.0606077105977804,0.104948154097986,0.28096966867022,0.134104952967571,0.0411871306753738,0.978467384420519,0.977834072197593,0.977834072197593,0.931602279924003,0.95820139328689,0.942368587713743,0.87017099430019,0.968967701076631,0.218492716909436,0,1,0.875237492083597,0.393129108005524,0.280342017229275,0.497693605038402,0.677989196628815,0.686445928187167,0.723353947522428,0.0271127205296989,0.0245679335798059,314.119607467719,307,0.421999935031774,0.987381382582383,0.994022027653793,0.00682795861871607,0.0416942279447443,25.9216457165851,0.0162535019770839,0.0230699576208805,0.00669456012375621,0.00205933613031253,0.090563647878404,2.00318174737694,2.00158570107384,2.00387935244982,2.00202203881698,2.00045933338313,2.12722896635348,2.12897500291146,2.1253049663467,2.13171635549821,2.12179866747756,2.25124999586575,2.25527757313052,2.24486414930838,2.25435912475642,2.2473791654901,2.37603011412684,2.38234254423808,2.36064310560024,2.37474497595591,2.37737965572319,2.4941271212047,2.49503522496126,2.49528632427405,2.50298084182805,2.50103313744816,0.7895
"60",60,800,"none","none","Cor.Unique","poor",0.3,5,5,1,0.125,1,0.2025,0.18,1,1,0,2000,218,"latent",800,1812,0.094,1.03681895170436,0.208242226753747,0.165729334608906,0.401851095249749,1.00101718528854,0.125687760916516,0.0368189517043568,0.0057422267537467,-0.0142706653910941,0.00185109524974865,0.00101718528854408,0.000687760916516383,0.0368189517043568,0.0283566753271442,-0.0792814743949674,0.00462773812437163,0.00101718528854408,0.00550208733213107,0.27664896629828,0.0491697960002045,0.0877448438525557,0.249896049709236,0.109046379601472,0.0319287033733263,0.977373068432671,0.967439293598234,0.975165562913907,0.938189845474614,0.952538631346578,0.956953642384106,0.983995584988962,1,0.403421633554084,0.00441501103752759,1,0.979028697571744,0.401851095249749,0.281015556192257,0.505983782548204,0.67975813007915,0.688499320262763,0.725649178096842,0.0207613157647286,0.018382030471372,310.512052429876,307,0.459177604839128,0.993159091589848,0.998209664571723,0.00480864216031983,0.0328813454190726,25.578895426031,0.00921766185616886,0.0143622228898264,0.00510315642649703,0.0016083754460321,0.0667770419426049,2.00216161198718,1.99476000596473,2.00156646921532,1.99660893210995,2.00045209089492,2.13657172951621,2.1220251547966,2.12300554153527,2.12118196936599,2.12260609420184,2.24654807854205,2.25104976944519,2.24526974984936,2.24619503257745,2.24942057625755,2.37655050355133,2.3753398543338,2.37866369888195,2.37062044858541,2.37989332330708,2.50244491994046,2.50466427901551,2.50030156298742,2.50037480431346,2.50603339187384,0.906
"61",61,200,"intercept","strong","Basic","vgood",0.7,5,5,1,0.125,1,0.2025,0.18,1,1,0,2000,218,"sum",200,1978,0.011,25.0090606599331,5.05138436589553,4.48707792838419,0.422196909044292,9.80910600963213,1.00778375269947,0.00906065993311256,-0.0111156341044738,-0.012922071615813,0.0221969090442925,-0.00339399036787393,0.00778375269946654,0.000362426397324502,-0.00219568081076025,-0.00287157147018067,0.0554922726107312,-0.000345884368700528,0.00778375269946654,5.28651882385952,0.958220433391112,1.60763573346075,0.187916155291278,0.492583454046428,0.209665835392764,0.942871587462083,0.946410515672396,0.956016177957533,0.965621840242669,0.947927199191102,0.946916076845298,1,1,0.781092012133468,0.646612740141557,1,0.99747219413549,0.422196909044292,0.454486955797317,0.820309613163875,0.584070569004361,0.827693972182704,0.861942404651399,0.0250968180743857,0.0194333445265625,10.7907240283769,10,0.453850408848124,0.995557081985007,0.998513659792098,0.0216656792062908,0.0386743934773705,4.83607975106291,0.0069241733579879,0.00954449986523509,0.0258472788113655,0.0117889529737009,0.076845298281092,2.00542139076973,1.99936419558297,2.0068696576974,2.0051123961376,2.01005358284901,2.12815221755786,2.12933232922047,2.15596266453988,2.16374924934627,2.16208433241121,2.25291750870967,2.25070718758926,2.38026315505155,2.37640198318085,2.37986355938644,2.37634256744065,2.3759599932048,2.65669173327498,2.65988531377529,2.6566355602879,2.50422013999059,2.50941079183117,3.00436792385718,3.00370591650028,3.00322288559962,0.989
"62",62,500,"intercept","strong","Basic","vgood",0.7,5,5,1,0.125,1,0.2025,0.18,1,1,0,2000,218,"sum",500,1999,5e-04,25.0184661066561,5.04018526586544,4.49714457116309,0.409977462494195,9.79279272767822,1.00710446189271,0.018466106656063,-0.022314734134561,-0.00285542883690856,0.00997746249419528,-0.0197072723217836,0.00710446189270554,0.000738644266242519,-0.00440784871793797,-0.000634539741535236,0.0249436562354882,-0.00200838444043655,0.00710446189270554,3.45046340747646,0.60384323969759,1.05502577964929,0.119803227829535,0.313801218201389,0.130994666156182,0.937468734367184,0.945472736368184,0.949974987493747,0.952976488244122,0.948474237118559,0.945472736368184,1,1,0.988994497248624,0.978989494747374,1,1,0.409977462494195,0.450971325146778,0.811021713239924,0.586331474169873,0.832101936598557,0.865009292052948,0.0146291929719668,0.0118262350579636,11.8408095111791,10,0.398244326955318,0.997591432667862,0.998557998616539,0.0173474159635895,0.0254190810801501,5.31664928206623,0.0032483039547179,0.00418352811663311,0.017671687505735,0.00750188934136666,0.122061030515258,1.99938997735338,1.99868049675976,2.00144276906083,2.00029057870802,1.99976784031526,2.12657980454122,2.12693863400007,2.15540692914533,2.15508305506882,2.15733415117776,2.25060497100209,2.24973148378646,2.37713181296037,2.37645425952103,2.37709694732897,2.37393903288756,2.37499673043228,2.65324412444187,2.65582343835034,2.65764358074027,2.49914942632411,2.50090909774114,2.99577459929845,3.00075510776421,2.99827258643815,0.9995
"63",63,800,"intercept","strong","Basic","vgood",0.7,5,5,1,0.125,1,0.2025,0.18,1,1,0,2000,218,"sum",800,2000,0,24.9300754882019,5.05931455258346,4.49804298063456,0.406251182059715,9.78401969862834,1.01162467198818,-0.0699245117981459,-0.00318544741653689,-0.00195701936543523,0.00625118205971461,-0.0284803013716607,0.0116246719881758,-0.00279698047192583,-0.000629224181044325,-0.000434893192318939,0.0156279551492865,-0.00290245109520109,0.0116246719881758,2.63770269617988,0.471923405526976,0.81477730790775,0.0922755202905533,0.246579778995622,0.102596210975717,0.9435,0.9445,0.954,0.9495,0.949,0.9595,1,1,0.9995,0.999,1,1,0.406251182059715,0.451284524604183,0.813934352248862,0.587997520014667,0.833065831027667,0.865784785390197,0.0114961446064941,0.00925012709931523,12.7637923035158,10,0.346473237991739,0.99820470590152,0.998645481015256,0.0158253752409053,0.0205469191541357,5.45795860766571,0.00222296975260438,0.00267571629249851,0.0143875419481212,0.00555981384421709,0.151,1.99678495303726,2.00013439773532,1.99835043857525,1.99986361563565,1.99958641945526,2.12336146701394,2.12400786848679,2.15760906138378,2.15565148690176,2.15670128211549,2.25090263638531,2.24910881592693,2.37563215915686,2.37455601214497,2.37571859506482,2.37342271524276,2.37685688496872,2.65678662666336,2.65660877664813,2.6580544615348,2.50269614227889,2.50075936470677,3.00062229157641,2.99896174960713,3.00180699308074,1
"64",64,200,"intercept","strong","Basic","poor",0.3,5,5,1,0.125,1,0.2025,0.18,1,1,0,2000,218,"sum",200,1527,0.2365,29.7109487942868,5.7117228736171,2.80510188585375,0.292300087607968,9.8284440122956,0.993053103523106,4.71094879428677,0.6492228736171,-1.69489811414625,-0.107699912392031,0.0159440122956045,-0.00694689647689394,0.188437951771471,0.12824155528239,-0.376644025365833,-0.269249780980079,0.00162486749509345,-0.00694689647689394,11.5853120100791,1.97675252224696,3.66570369449543,0.335675399068641,0.731017757567522,0.310347087543078,0.97773411918795,0.982318271119843,0.982973149967256,0.899803536345776,0.949574328749181,0.946299934512115,0.624099541584807,0.768172888015717,0.0189914865749836,0.00523903077930583,1,0.891944990176817,0.292300087607968,0.434876577735558,0.770244708205618,0.294109101524901,0.699285582661546,0.735197652735071,0.0436504063846523,0.0372664394650641,10.369039113198,10,0.479602402407021,0.985249681873272,0.998308085146649,0.0200605154135695,0.0450221699823354,4.77114631317072,0.0240623096134969,0.0357118544325296,0.0250217111697211,0.0116105367087553,0.0667976424361493,2.00903836007217,1.99015914378293,2.01355235437631,2.00807527793392,2.02347609130942,2.12341970229137,2.12709790361013,2.14394921807999,2.16821863885677,2.16302938443266,2.25369243635222,2.24680325262701,2.38600340508625,2.37396880877073,2.38475793539983,2.37363112863758,2.37243871176431,2.65207338635256,2.66202721731615,2.65189830499229,2.50198586107871,2.5181642135602,3.0024464775019,3.0003831165418,2.99887759384247,0.7635
"65",65,500,"intercept","strong","Basic","poor",0.3,5,5,1,0.125,1,0.2025,0.18,1,1,0,2000,218,"sum",500,1756,0.122,26.6552047975476,5.28319628633272,3.86230743763231,0.380789339678015,9.80800130800903,1.00159780325768,1.65520479754763,0.220696286332719,-0.637692562367691,-0.0192106603219846,-0.00449869199097423,0.00159780325767782,0.0662081919019053,0.0435943281644877,-0.141709458303931,-0.0480266508049615,-0.000458465425831768,0.00159780325767782,7.62177167726522,1.29213542161442,2.44659869039362,0.27135559204301,0.460925616597099,0.188100912925659,0.97380410022779,0.975512528473804,0.978929384965831,0.920273348519362,0.952164009111617,0.955580865603645,0.935079726651481,0.989749430523918,0.280182232346241,0.000569476082004556,1,0.999430523917995,0.380789339678015,0.445973942645053,0.800679921617248,0.279209335645768,0.708615181097248,0.741588428005448,0.0247753427182369,0.0229907884223592,10.5189039727808,10,0.47161316421253,0.993912100213068,0.998587355173419,0.0126917824736725,0.0287460028794229,4.75401733873128,0.0101170051041302,0.0140643824638427,0.0160012821579586,0.00709542008709131,0.0740318906605923,1.99816784753753,1.995956520815,2.00456603967873,2.00097486419134,1.99934558019515,2.12909957446406,2.13021798302706,2.15279789629774,2.15178843753799,2.1588047097594,2.24989083710978,2.24716833047735,2.37964973601943,2.37753792064375,2.37954106595417,2.3710752385364,2.37437189649435,2.64626329962293,2.65430256922782,2.65997563420217,2.4997724030551,2.50525699060029,2.98925365842304,3.00477703081839,2.9970394467366,0.878
"66",66,800,"intercept","strong","Basic","poor",0.3,5,5,1,0.125,1,0.2025,0.18,1,1,0,2000,218,"sum",800,1865,0.0675,25.5275681689635,5.17684718678257,4.22300744742103,0.409484268056324,9.80397113305622,1.00595764933696,0.52756816896348,0.114347186782575,-0.276992552578974,0.00948426805632362,-0.00852886694378269,0.00595764933695825,0.0211027267585392,0.0225870986237185,-0.0615539005731052,0.023710670140809,-0.000869183892360019,0.00595764933695825,6.04695394642971,1.05317236009953,1.98009772825938,0.237890527272878,0.362255160559104,0.148207801669699,0.969973190348525,0.967292225201072,0.976407506702413,0.93941018766756,0.954423592493298,0.961394101876676,0.994638069705094,0.999463806970509,0.501340482573727,0.020911528150134,1,1,0.409484268056324,0.44940841779019,0.813986356910618,0.275401683685442,0.710326896404536,0.743130947757326,0.0195424401618519,0.0172390771629526,10.7460344434286,10,0.455963643239593,0.995953582739135,0.998706542775231,0.0107130164937567,0.0228900682528217,4.77982703057737,0.00633720970241304,0.00875152551240722,0.0128164700099768,0.00557871378889575,0.0739946380697051,1.9912177867174,2.00165741908088,1.99609713089537,2.0008134387122,1.99994946677754,2.12005947649811,2.12207419665147,2.16065245302614,2.15455103629629,2.15782306407292,2.25373634655398,2.24814532242915,2.37789331641547,2.37453915470033,2.3781627219986,2.36977164910307,2.38047535453625,2.65761034068314,2.6570560133417,2.66156195987633,2.5063273125788,2.50029071617391,2.99986348323922,2.99468786481704,3.00355599029057,0.9325
"67",67,200,"intercept","strong","Cor.Unique","vgood",0.7,5,5,1,0.125,1,0.2025,0.18,1,1,0,2000,218,"sum",200,1667,0.1665,26.1510459064087,5.19031736984881,4.05068861594009,0.398831507297514,9.81722928396794,1.01126776306794,1.15104590640866,0.127817369848812,-0.449311384059907,-0.00116849270248563,0.00472928396794255,0.0112677630679354,0.0460418362563464,0.0252478755256913,-0.0998469742355349,-0.00292123175621407,0.000481965245140643,0.0112677630679354,7.25216245713804,1.32016572144401,2.27098024059558,0.258890338555565,0.498952081293117,0.211280026884814,0.973005398920216,0.98380323935213,0.974805038992202,0.930413917216557,0.94121175764847,0.945410917816437,0.959208158368326,0.963407318536293,0.32873425314937,0,1,0.995200959808038,0.398831507297514,0.455332029235456,0.815917207256011,0.589561463267523,0.811149602551957,0.848016284483789,0.0304581261953805,0.0258216335685574,6.74394598098523,6,0.442158108744745,0.996495512653495,0.997667832163134,0.0252859022304055,0.0296416072028627,3.79188648220776,0.00540941546421761,0.0120135873325481,0.0299542940030237,0.0104429520103139,0.0797840431913617,2.00323994812845,2.00544268472246,2.00119072688257,2.00464611493153,2.00469325564119,2.13077791162939,2.1359577001151,2.16355641876937,2.15863901642994,2.15875235067034,2.25292753810582,2.25200634845682,2.38009694843149,2.37656583574112,2.38070574822738,2.37457869934792,2.38043623186583,2.65322005827209,2.65890626595982,2.6539996502647,2.50549043197573,2.50619489421432,3.00564628490655,3.00534753002405,3.00344467593828,0.8335
"68",68,500,"intercept","strong","Cor.Unique","vgood",0.7,5,5,1,0.125,1,0.2025,0.18,1,1,0,2000,218,"sum",500,1939,0.0305,25.3567475846793,5.09109417038504,4.3724707967205,0.415350405182585,9.79896923296218,1.00735395290992,0.356747584679327,0.0285941703850446,-0.127529203279505,0.0153504051825846,-0.0135307670378242,0.00735395290991556,0.0142699033871731,0.0056482311871693,-0.0283398229510011,0.0383760129564615,-0.0013789316726445,0.00735395290991556,4.90860513430658,0.942737568652294,1.5950853366287,0.202977526249347,0.313245213216096,0.13288785358639,0.959257349149046,0.959257349149046,0.964930376482723,0.940691077875193,0.952037132542548,0.948942753996906,1,1,0.749355337802991,0.418772563176895,1,1,0.415350405182585,0.452117461557172,0.811726660416971,0.587261737288239,0.81971732429481,0.854732977886569,0.0190688568297112,0.0160262600015428,7.77864893138635,6,0.37393456377561,0.998016111402305,0.997761598222743,0.0208955416162333,0.0197781350016365,4.28781808508913,0.00264465340978807,0.00542917169268017,0.0208817458633526,0.00648920737737736,0.132542547705003,2.00138818443473,2.00188472615945,1.99984895835069,2.00003543040229,1.99879194107331,2.12597963988024,2.12653983708721,2.15661234499884,2.15866937082628,2.15548738640373,2.25065149179809,2.25093508084848,2.37536570627078,2.37762969655174,2.37613236302498,2.37552875187365,2.37755402774849,2.65184199430077,2.65636642899838,2.65721173790106,2.49772774864768,2.49902772021059,2.99633662135755,2.99958769656869,2.99822068443415,0.9695
"69",69,800,"intercept","strong","Cor.Unique","vgood",0.7,5,5,1,0.125,1,0.2025,0.18,1,1,0,2000,218,"sum",800,1984,0.008,25.00560648695,5.05002315365297,4.49835120695246,0.421913952370279,9.78710352281371,1.01104642781417,0.00560648695002326,-0.0124768463470294,-0.00164879304754059,0.0219139523702794,-0.0253964771862875,0.0110464278141665,0.000224259478000931,-0.00246456224138852,-0.000366398455009021,0.0547848809256984,-0.00258817601898471,0.0110464278141665,3.9451862281728,0.785117765892685,1.3193116793852,0.171414123241843,0.249090457024701,0.104998145176026,0.951612903225806,0.951612903225806,0.955645161290323,0.945564516129032,0.940524193548387,0.955645161290323,1,1,0.924899193548387,0.820060483870968,1,1,0.421913952370279,0.454077337864279,0.816447385024578,0.585196125689929,0.822808028110787,0.857534655022517,0.0144487507176181,0.0122846931162217,8.7584429707113,6,0.323468786798892,0.998385059449073,0.997820569505548,0.0197077610583084,0.0163197164772524,4.91324028405859,0.00203446253296681,0.00388795929966095,0.017900636618438,0.00522639461166301,0.189012096774194,1.99875041043428,1.99844700953417,1.99887178542484,1.99852384005408,1.99841444143689,2.12865924728043,2.12399213393072,2.15555668055933,2.15497160687845,2.15542852214278,2.25014210947891,2.24951510354254,2.37441965115079,2.37347389071133,2.37585120712193,2.3755976383914,2.37520921450235,2.65752563457457,2.65494504350364,2.65792014645659,2.49990476579175,2.50268814892907,2.99952941277504,3.00079553900734,3.00126860134995,0.992
"70",70,200,"intercept","strong","Cor.Unique","poor",0.3,5,5,1,0.125,1,0.2025,0.18,1,1,0,2000,218,"sum",200,1239,0.3805,37.3976364225342,6.96290958152967,0.0937872887861966,0.120623329464639,9.87588729519027,0.994900707952398,12.3976364225342,1.90040958152967,-4.4062127112138,-0.279376670535361,0.0633872951902701,-0.00509929204760155,0.495905456901366,0.375389546968823,-0.979158380269734,-0.698441676338402,0.00645985173913581,-0.00509929204760155,21.1523416411603,3.44591728298901,6.781110914401,0.451883475292956,0.781499945454698,0.321559752866775,0.962066182405166,0.952380952380952,0.954802259887006,0.783696529459241,0.949959644874899,0.94592413236481,0.278450363196126,0.425343018563358,0.00887812752219532,0.0581113801452785,1,0.887005649717514,0.120623329464639,0.410148036149591,0.715475760078485,0.340170356411777,0.651135415209917,0.6916936512542,0.0628504456168772,0.0640901717497364,6.21501715996743,6,0.480333825379671,0.991639456656533,0.99850341789752,0.0213699210752753,0.0320146085863512,3.47515296657761,0.0139716867062994,0.0336893941680858,0.0277794239799923,0.0100889821162028,0.0605326876513317,2.00355670787185,2.00246730780042,2.00561162376715,2.00248510815134,2.01509024781245,2.13160353073958,2.14774802404699,2.16761761972889,2.15229093807428,2.15264418104756,2.25240617385865,2.25748993125448,2.37572586627015,2.37861636144423,2.37906153310101,2.36813346078941,2.38639036351702,2.64125278354143,2.65897569678629,2.64368263521237,2.50726266102927,2.50150340226181,3.01619040684538,3.0013628853682,3.00789023285476,0.6195
"71",71,500,"intercept","strong","Cor.Unique","poor",0.3,5,5,1,0.125,1,0.2025,0.18,1,1,0,2000,218,"sum",500,1485,0.2575,31.0828422673478,5.83211487222135,2.50006712541371,0.277810869017209,9.82643036399836,0.998733434168113,6.0828422673478,0.769614872221351,-1.99993287458629,-0.122189130982791,0.0139303639983598,-0.00126656583188715,0.243313690693912,0.152022690809156,-0.444429527685843,-0.305472827456978,0.00141965492976915,-0.00126656583188715,12.8738206079211,2.06477476138002,4.0365723537489,0.353421500035269,0.469696778750414,0.20111951390564,0.971043771043771,0.969023569023569,0.963636363636364,0.858585858585859,0.961616161616162,0.943434343434343,0.534006734006734,0.705050505050505,0.00404040404040404,0.0154882154882155,1,0.998653198653199,0.277810869017209,0.432673010724474,0.755575735518503,0.30055589807031,0.675350622612604,0.713427343416432,0.0356826411654342,0.033229007642889,6.55687306301029,6,0.45569126423575,0.996093517155586,0.997913300506613,0.0152134664452291,0.0208519702940352,3.720509882409,0.00638830689675077,0.0143035333016244,0.0184124224076934,0.00648977478686305,0.0727272727272727,2.00318174737694,2.00158570107384,2.00387935244982,2.00202203881698,2.00045933338313,2.12722896635348,2.12897500291146,2.1565549663467,2.16296635549821,2.15304866747756,2.25124999586575,2.25527757313052,2.36986414930838,2.37935912475642,2.3723791654901,2.37603011412684,2.38234254423808,2.64189310560024,2.65599497595591,2.65862965572319,2.4941271212047,2.49503522496126,2.99528632427405,3.00298084182805,3.00103313744816,0.7425
"72",72,800,"intercept","strong","Cor.Unique","poor",0.3,5,5,1,0.125,1,0.2025,0.18,1,1,0,2000,218,"sum",800,1594,0.203,28.5770708075392,5.62779671071661,3.17709239469863,0.328152718465846,9.81138597230121,1.00550646827283,3.57707080753921,0.565296710716607,-1.32290760530137,-0.0718472815341537,-0.00111402769878787,0.00550646827282645,0.143082832301569,0.111663547795873,-0.29397946784475,-0.179618203835384,-0.000113531485226789,0.00550646827282645,10.0650144704803,1.68735471068426,3.23514365668358,0.313214683636331,0.377320940397734,0.158016130596667,0.969887076537014,0.973023839397742,0.961731493099122,0.883939774153074,0.951693851944793,0.954830614805521,0.70702634880803,0.883939774153074,0.0338770388958595,0.00564617314930991,1,1,0.328152718465846,0.438066443998618,0.784597725938282,0.292613517911474,0.681037197101312,0.719090450496165,0.0271232909434926,0.0239332288089104,6.74410724724448,6,0.444276020050669,0.997383240699274,0.998267609749588,0.0124383470840117,0.0167504972757512,3.86611678615432,0.00421944510344371,0.00921102302061706,0.0151266956485587,0.00521901808316591,0.0784190715181932,2.00216161198718,1.99476000596473,2.00156646921532,1.99660893210995,2.00045209089492,2.13657172951621,2.1220251547966,2.15425554153527,2.15243196936599,2.15385609420184,2.24654807854205,2.25104976944519,2.37026974984936,2.37119503257745,2.37442057625755,2.37655050355133,2.3753398543338,2.65991369888195,2.65187044858541,2.66114332330708,2.50244491994046,2.50466427901551,3.00030156298742,3.00037480431346,3.00603339187384,0.797
"73",73,200,"intercept","weak","Basic","vgood",0.7,5,5,1,0.125,1,0.2025,0.18,1,1,0,2000,218,"sum",200,1979,0.0105,25.05066899152,5.05895486271374,4.47171588705992,0.420150953004837,9.98528128527998,0.687922634071212,0.0506689915199667,-0.00354513728625739,-0.0282841129400757,0.0201509530048367,0.0165312852799836,0.000422634071212032,0.00202675966079867,-0.000700274031853311,-0.00628535843112793,0.0503773825120919,0.00165831074908926,0.0006147404672175,5.28655468926716,0.95999148479412,1.60766760042359,0.187454349930747,0.49235965211536,0.20927825344994,0.941384537645275,0.945426983324912,0.956543708943911,0.965133906013138,0.945426983324912,0.945426983324912,1,1,0.779686710459828,0.643254168772107,1,0.911571500757959,0.420150953004837,0.30999010878114,0.559287091986298,0.584771877269858,0.827725925495643,0.861934985247359,0.0250609692274476,0.0194640025425318,10.0764428500971,10,0.496771672451464,0.996420638975283,0.999914317855325,0.018184700601086,0.0377404631590917,4.55413008675342,0.00611096482098508,0.00901209980611138,0.024188939352819,0.0118212929279343,0.0586154623547246,2.00542139076973,1.99936419558297,2.0068696576974,2.0051123961376,2.01005358284901,2.12815221755786,2.12933232922047,2.12471266453988,2.13249924934627,2.14645933241121,2.25291750870967,2.25070718758926,2.25526315505155,2.25140198318085,2.31736355938644,2.37634256744065,2.3759599932048,2.37544173327498,2.37863531377529,2.5160105602879,2.50422013999059,2.50941079183117,2.50436792385718,2.50370591650028,2.75322288559962,0.9895
"74",74,500,"intercept","weak","Basic","vgood",0.7,5,5,1,0.125,1,0.2025,0.18,1,1,0,2000,218,"sum",500,1999,5e-04,25.0575467446338,5.04843777810804,4.48146964010418,0.407908877685677,9.96870134688521,0.687206740615009,0.0575467446337962,-0.0140622218919582,-0.0185303598958185,0.00790887768567684,-4.86531147915341e-05,-0.000293259384991272,0.00230186978535185,-0.00277772284285593,-0.00411785775462634,0.0197721942141921,-4.88056323927618e-06,-0.000426559105441849,3.45202511670596,0.604334214444614,1.05540551579511,0.119382152920309,0.312931662790614,0.130561654414873,0.939469734867434,0.945972986493247,0.948474237118559,0.95247623811906,0.944972486243122,0.945972986493247,1,1,0.987993996998499,0.977988994497249,1,0.998999499749875,0.407908877685677,0.307464255695499,0.55284101095486,0.587066290276109,0.832112186839171,0.865017449983936,0.0146269281619628,0.0118196599243154,10.2108149273746,10,0.488118304833329,0.998468584830132,0.999839354750245,0.0122259870671581,0.0241388926372178,4.65265871532362,0.00248949341583257,0.00366048581416356,0.0155065415548009,0.00749241457045852,0.0550275137568784,1.99938997735338,1.99868049675976,2.00144276906083,2.00029057870802,1.99976784031526,2.12657980454122,2.12693863400007,2.12415692914533,2.12383305506882,2.14170915117776,2.25060497100209,2.24973148378646,2.25213181296037,2.25145425952103,2.31459694732897,2.37393903288756,2.37499673043228,2.37199412444187,2.37457343835034,2.51701858074027,2.49914942632411,2.50090909774114,2.49577459929845,2.50075510776421,2.74827258643815,0.9995
"75",75,800,"intercept","weak","Basic","vgood",0.7,5,5,1,0.125,1,0.2025,0.18,1,1,0,2000,218,"sum",800,2000,0,24.9701507959029,5.06770568040475,4.48202730064936,0.404146671397621,9.96038084793839,0.691422206569788,-0.0298492040970969,0.0052056804047517,-0.0179726993506435,0.00414667139762073,-0.00836915206161061,0.00392220656978795,-0.00119396816388388,0.00102828254908675,-0.00399393318903189,0.0103666784940518,-0.000839538764801064,0.00570502773787338,2.63607350743679,0.472348126199853,0.815619574389256,0.0919691281589292,0.244905340812597,0.101950791429021,0.945,0.945,0.9545,0.9475,0.944,0.959,1,1,0.9995,0.999,1,1,0.404146671397621,0.308210736441005,0.555834112329671,0.588745637690991,0.833074166754171,0.865792217165624,0.0114918514175228,0.00924489474111541,10.0877598034885,10,0.492756388207656,0.999128374021651,0.99996424454381,0.00904706953274765,0.0188817557502124,4.44476060495403,0.00148716515878701,0.0021823943636602,0.0118634849212733,0.00558242540317015,0.049,1.99678495303726,2.00013439773532,1.99835043857525,1.99986361563565,1.99958641945526,2.12336146701394,2.12400786848679,2.12635906138378,2.12440148690176,2.14107628211549,2.25090263638531,2.24910881592693,2.25063215915686,2.24955601214497,2.31321859506482,2.37342271524276,2.37685688496872,2.37553662666336,2.37535877664813,2.5174294615348,2.50269614227889,2.50075936470677,2.50062229157641,2.49896174960713,2.75180699308074,1
"76",76,200,"intercept","weak","Basic","poor",0.3,5,5,1,0.125,1,0.2025,0.18,1,1,0,2000,218,"sum",200,1525,0.2375,29.781256418411,5.71685380638518,2.7811263601102,0.289364151227732,9.98704502588261,0.67976076587589,4.78125641841099,0.654353806385178,-1.7188736398898,-0.110635848772268,0.0182950258826101,-0.00773923412411016,0.19125025673644,0.129255072866208,-0.381971919975512,-0.276589621930671,0.00183523770609255,-0.0112570678168875,11.5950348886304,1.98142588476168,3.66869786032431,0.33459850672354,0.731303620873204,0.310171248089404,0.977704918032787,0.981639344262295,0.982295081967213,0.902295081967213,0.949508196721311,0.946229508196721,0.627540983606557,0.769180327868852,0.0177049180327869,0.00524590163934426,1,0.597377049180328,0.289364151227732,0.297669391905643,0.526213204144184,0.29437856573085,0.699225340702379,0.735109947913986,0.0436380192810308,0.0372868721513134,10.1684557397334,10,0.491592312757331,0.986189821193646,0.999739958058317,0.0190273207136168,0.0446653269016326,4.67845410757217,0.0232422799775809,0.0351140493218569,0.0244737743595943,0.0115620612694268,0.0577049180327869,2.00903836007217,1.99015914378293,2.01355235437631,2.00807527793392,2.02347609130942,2.12341970229137,2.12709790361013,2.11269921807999,2.13696863885677,2.14740438443266,2.25369243635222,2.24680325262701,2.26100340508625,2.24896880877073,2.32225793539983,2.37363112863758,2.37243871176431,2.37082338635256,2.38077721731615,2.51127330499229,2.50198586107871,2.5181642135602,2.5024464775019,2.5003831165418,2.74887759384247,0.7625
"77",77,500,"intercept","weak","Basic","poor",0.3,5,5,1,0.125,1,0.2025,0.18,1,1,0,2000,218,"sum",500,1756,0.122,26.6978616943271,5.29020647597405,3.85104348724286,0.379003419712103,9.96900459942257,0.68732558644104,1.69786169432706,0.227706475974048,-0.648956512757136,-0.0209965802878972,0.000254599422572654,-0.000174413558960385,0.0679144677730825,0.044979056982528,-0.144212558390475,-0.0524914507197431,2.55397539884794e-05,-0.000253692449396924,7.61968451831604,1.29308968328896,2.45215522168247,0.270760143497899,0.461067494242247,0.188169722588795,0.97380410022779,0.975512528473804,0.977220956719818,0.919134396355353,0.951025056947608,0.953872437357631,0.939066059225513,0.990318906605923,0.27619589977221,0.000569476082004556,1,0.94874715261959,0.379003419712103,0.305823044966383,0.548631467033704,0.279553799353448,0.708613714434877,0.741578507038435,0.0247809760269418,0.0229930460866276,10.0969229502238,10,0.495532347058045,0.99468803493014,0.999834873805912,0.0114458785424758,0.0282647104823463,4.51974614588818,0.00911073362887808,0.0133568160666878,0.0152903019166359,0.00700574976377022,0.0552391799544419,1.99816784753753,1.995956520815,2.00456603967873,2.00097486419134,1.99934558019515,2.12909957446406,2.13021798302706,2.12154789629774,2.12053843753799,2.1431797097594,2.24989083710978,2.24716833047735,2.25464973601943,2.25253792064375,2.31704106595417,2.3710752385364,2.37437189649435,2.36501329962293,2.37305256922782,2.51935063420217,2.4997724030551,2.50525699060029,2.48925365842304,2.50477703081839,2.7470394467366,0.878
"78",78,800,"intercept","weak","Basic","poor",0.3,5,5,1,0.125,1,0.2025,0.18,1,1,0,2000,218,"sum",800,1865,0.0675,25.5613564906569,5.18345804713456,4.20909618360276,0.4076669505731,9.96525911384595,0.691566363293003,0.561356490656894,0.12095804713456,-0.290903816397237,0.0076669505731003,-0.00349088615405447,0.00406636329300282,0.0224542596262758,0.0238929475821352,-0.0646452925327194,0.0191673764327508,-0.000350182937083834,0.00591471024436774,6.05392651546235,1.05452284708526,1.98205940051011,0.237258741078228,0.362068251320968,0.14810757048823,0.968364611260054,0.966219839142091,0.975871313672922,0.93887399463807,0.954423592493298,0.960857908847185,0.994101876675603,0.999463806970509,0.498123324396783,0.020911528150134,1,0.996782841823056,0.4076669505731,0.308811248464159,0.5592030241628,0.27572020017042,0.710346153361268,0.743118019353577,0.0194960565252235,0.0172492831987947,10.0608721398477,10,0.495521722782888,0.996757307997661,0.999966380225567,0.00909912494786442,0.0222662369569342,4.47427840326645,0.00552582598890537,0.00821566016077578,0.0118821308356149,0.00549777475570435,0.053083109919571,1.9912177867174,2.00165741908088,1.99609713089537,2.0008134387122,1.99994946677754,2.12005947649811,2.12207419665147,2.12940245302614,2.12330103629629,2.14219806407292,2.25373634655398,2.24814532242915,2.25289331641547,2.24953915470033,2.3156627219986,2.36977164910307,2.38047535453625,2.37636034068314,2.3758060133417,2.52093695987633,2.5063273125788,2.50029071617391,2.49986348323922,2.49468786481704,2.75355599029057,0.9325
"79",79,200,"intercept","weak","Cor.Unique","vgood",0.7,5,5,1,0.125,1,0.2025,0.18,1,1,0,2000,218,"sum",200,1671,0.1645,26.2264755621646,5.20529247892041,4.02219289944723,0.394894292887757,9.98768949009994,0.692059258535137,1.22647556216457,0.14279247892041,-0.477807100552766,-0.00510570711224262,0.0189394900999407,0.00455925853513664,0.0490590224865829,0.0282059217620562,-0.106179355678392,-0.0127642677806065,0.00189988615422603,0.00663164877838057,7.26698967038519,1.31863759487222,2.27665345372122,0.257934671740133,0.499167573720567,0.210457135099602,0.97247157390784,0.983243566726511,0.974865350089767,0.9245960502693,0.940155595451825,0.947336923997606,0.961699581089168,0.966487133453022,0.322561340514662,0,1,0.91442250149611,0.394894292887757,0.311178380789022,0.557733624816851,0.59092525165505,0.811180634513951,0.848109010441919,0.0302717563540006,0.0256301476879117,6.02339829604831,6,0.496449969776598,0.997415593564825,0.999983256312506,0.019992315267381,0.0284104979300727,3.43228100531793,0.00450890697627718,0.0108969134183234,0.0271345964081604,0.010434277765649,0.0388988629563136,2.00323994812845,2.00544268472246,2.00119072688257,2.00464611493153,2.00469325564119,2.13077791162939,2.1359577001151,2.13230641876937,2.12738901642994,2.14312735067034,2.25292753810582,2.25200634845682,2.25509694843149,2.25156583574112,2.31820574822738,2.37457869934792,2.38043623186583,2.37197005827209,2.37765626595982,2.5133746502647,2.50549043197573,2.50619489421432,2.50564628490655,2.50534753002405,2.75344467593828,0.8355
"80",80,500,"intercept","weak","Cor.Unique","vgood",0.7,5,5,1,0.125,1,0.2025,0.18,1,1,0,2000,218,"sum",500,1943,0.0285,25.4308024734476,5.10307690625611,4.3474148425335,0.412143868607615,9.97131329911256,0.687077494169623,0.430802473447622,0.0405769062561051,-0.152585157466498,0.0121438686076151,0.00256329911256316,-0.000422505830376992,0.0172320989379049,0.00801519135923063,-0.0339078127703329,0.0303596715190378,0.000257133453297872,-0.000614553935093806,4.9351310404547,0.943331428451757,1.60232227032825,0.20285353359491,0.312428818386265,0.132214428091498,0.959341224909933,0.957282552753474,0.963973237261966,0.937210499227998,0.950591868244982,0.952650540401441,1,1,0.747297992794647,0.413278435409161,1,0.99897066392177,0.412143868607615,0.307975085912406,0.552735746326016,0.588316077472666,0.819651855556235,0.854727520765531,0.0191551033459002,0.0159919072538305,6.1774297529372,6,0.484259891680641,0.998895150665167,0.999790934146049,0.0134212777179886,0.0181452674160297,3.51990965785298,0.00188557730359806,0.00445137588137626,0.0175159600166063,0.0064322205108345,0.0488934637159032,2.00138818443473,2.00188472615945,1.99984895835069,2.00003543040229,1.99879194107331,2.12597963988024,2.12653983708721,2.12536234499884,2.12741937082628,2.13986238640373,2.25065149179809,2.25093508084848,2.25036570627078,2.25262969655174,2.31363236302498,2.37552875187365,2.37755402774849,2.37059199430077,2.37511642899838,2.51658673790106,2.49772774864768,2.49902772021059,2.49633662135755,2.49958769656869,2.74822068443415,0.9715
"81",81,800,"intercept","weak","Cor.Unique","vgood",0.7,5,5,1,0.125,1,0.2025,0.18,1,1,0,2000,218,"sum",800,1986,0.007,25.1014775434366,5.0648986667598,4.46667713980475,0.417558893215057,9.96025918001392,0.690867644849776,0.101477543436562,0.00239866675979853,-0.0333228601952475,0.0175588932150571,-0.00849081998608146,0.00336764484977581,0.00405910173746246,0.000473810717984894,-0.00740508004338834,0.0438972330376427,-0.000851743697663344,0.00489839250876482,3.94624115576634,0.785098778004936,1.31968908052635,0.170136343370706,0.24762115486375,0.104195673137283,0.953172205438066,0.952668680765357,0.952668680765357,0.944108761329305,0.947633434038268,0.95619335347432,1,1,0.920443101711984,0.817724068479356,1,1,0.417558893215057,0.30986932986633,0.55673289544658,0.586478329266037,0.822862088498227,0.857566853581942,0.0143826477203134,0.0123104499680857,6.09111556175864,6,0.49650693120914,0.999323524520702,0.999936019838773,0.0100998932982322,0.0142052949387115,3.60515650468135,0.00123099692604213,0.00285088788218211,0.0139927595293964,0.00515241114178905,0.0594159113796576,1.99875041043428,1.99844700953417,1.99887178542484,1.99852384005408,1.99841444143689,2.12865924728043,2.12399213393072,2.12430668055933,2.12372160687845,2.13980352214278,2.25014210947891,2.24951510354254,2.24941965115079,2.24847389071133,2.31335120712193,2.3755976383914,2.37520921450235,2.37627563457457,2.37369504350364,2.51729514645659,2.49990476579175,2.50268814892907,2.49952941277504,2.50079553900734,2.75126860134995,0.993
"82",82,200,"intercept","weak","Cor.Unique","poor",0.3,5,5,1,0.125,1,0.2025,0.18,1,1,0,2000,218,"sum",200,1246,0.377,37.3859507822222,6.95843149527841,0.107165931698449,0.122641799913569,10.0236772545987,0.680516373681085,12.3859507822222,1.89593149527841,-4.39283406830155,-0.277358200086431,0.0549272545987278,-0.00698362631891461,0.495438031288889,0.374504986721661,-0.976185348511456,-0.693395500216077,0.0055099440349821,-0.0101580019184212,21.153833487245,3.4466620847741,6.7820599763847,0.452729781043585,0.778588191062226,0.321917458495334,0.961476725521669,0.951845906902087,0.954253611556982,0.784911717495987,0.951043338683788,0.943820224719101,0.281701444622793,0.426163723916533,0.0104333868378812,0.057784911717496,1,0.574638844301766,0.122641799913569,0.280108968386975,0.49024687141722,0.340038358653695,0.650946051177263,0.69164598376342,0.0628105239029827,0.0640009233736339,6.06155540133413,6,0.493441948609346,0.99220182076268,0.999984996333638,0.0202979874287603,0.0316284715110266,3.43054808660719,0.0136558769048077,0.0332445434085113,0.0271357632163932,0.010039884646643,0.0465489566613162,2.00355670787185,2.00246730780042,2.00561162376715,2.00248510815134,2.01509024781245,2.13160353073958,2.14774802404699,2.13636761972889,2.12104093807428,2.13701918104756,2.25240617385865,2.25748993125448,2.25072586627015,2.25361636144423,2.31656153310101,2.36813346078941,2.38639036351702,2.36000278354143,2.37772569678629,2.50305763521237,2.50726266102927,2.50150340226181,2.51619040684538,2.5013628853682,2.75789023285476,0.623
"83",83,500,"intercept","weak","Cor.Unique","poor",0.3,5,5,1,0.125,1,0.2025,0.18,1,1,0,2000,218,"sum",500,1486,0.257,31.1611006723611,5.84642068361881,2.4746149060064,0.274627159276601,9.97739979127313,0.684105149473946,6.16110067236108,0.783920683618812,-2.0253850939936,-0.125372840723399,0.00864979127312544,-0.0033948505260542,0.246444026894443,0.154848530097543,-0.450085576443023,-0.313432101808498,0.000867690660627003,-0.00493796440153338,12.9173395743983,2.06908219040149,4.04951671561732,0.3527091215915,0.469614140729791,0.20122679206922,0.970390309555855,0.967025572005384,0.962987886944818,0.858681022880215,0.96164199192463,0.942799461641992,0.536339165545088,0.708613728129206,0.00403768506056528,0.0154777927321669,1,0.930013458950202,0.274627159276601,0.295963465165212,0.516366552434892,0.301219346641025,0.675244519278115,0.71329966190328,0.0357944376367355,0.0332784916609739,6.09452179947158,6,0.491815249173165,0.996801517926562,0.999678770380875,0.0128059157044067,0.0201314962778662,3.49229759176796,0.00571058397584146,0.0134201103576077,0.0174207984345949,0.00639038092509826,0.0578734858681023,2.00318174737694,2.00158570107384,2.00387935244982,2.00202203881698,2.00045933338313,2.12722896635348,2.12897500291146,2.1253049663467,2.13171635549821,2.13742366747756,2.25124999586575,2.25527757313052,2.24486414930838,2.25435912475642,2.3098791654901,2.37603011412684,2.38234254423808,2.36064310560024,2.37474497595591,2.51800465572319,2.4941271212047,2.49503522496126,2.49528632427405,2.50298084182805,2.75103313744816,0.743
"84",84,800,"intercept","weak","Cor.Unique","poor",0.3,5,5,1,0.125,1,0.2025,0.18,1,1,0,2000,218,"sum",800,1606,0.197,28.5791176836019,5.62528744101384,3.17931698976288,0.329237328228691,9.96380772904118,0.6908917602073,3.57911768360189,0.562787441013839,-1.32068301023712,-0.0707626717713087,-0.00494227095881722,0.00339176020730048,0.143164707344076,0.111167889582981,-0.293485113386026,-0.176906679428272,-0.00049577639712273,0.00493346939243707,10.0842914326076,1.69172807322212,3.24224367765603,0.31494827604259,0.377086384851057,0.157971793389666,0.970112079701121,0.971980074719801,0.962640099626401,0.882316313823163,0.952054794520548,0.955168119551681,0.709215442092154,0.88667496886675,0.0354919053549191,0.0062266500622665,1,0.993773349937733,0.329237328228691,0.301285318823114,0.538965245581113,0.292547915000561,0.680887984041045,0.719037153562063,0.0272101747607069,0.0239195175483754,6.05524067636271,6,0.497998353927741,0.998015581818655,0.99993565947212,0.00996062820170053,0.015882136120398,3.56689265757161,0.00359897406310814,0.00848296261567555,0.0138939364716043,0.00512811136500682,0.0547945205479452,2.00216161198718,1.99476000596473,2.00156646921532,1.99660893210995,2.00045209089492,2.13657172951621,2.1220251547966,2.12300554153527,2.12118196936599,2.13823109420184,2.24654807854205,2.25104976944519,2.24526974984936,2.24619503257745,2.31192057625755,2.37655050355133,2.3753398543338,2.37866369888195,2.37062044858541,2.52051832330708,2.50244491994046,2.50466427901551,2.50030156298742,2.50037480431346,2.75603339187384,0.803
"85",85,200,"loading","strong","Basic","vgood",0.7,5,5,1,0.125,1,0.2025,0.18,1,1,0,2000,218,"sum",200,1968,0.016,22.5911901130729,7.26890325686386,5.65527840392697,0.463513231342162,9.8254348788637,0.954298512724132,-5.89771613692711,1.49989974123886,0.527275278926974,0.0635132313421626,0.0138723788637009,-0.0039827372758682,-0.207017990974192,0.259992863096108,0.102822729642345,0.158783078355406,0.00141388070082629,-0.00415612564251696,7.84453068647377,1.94694807327311,1.8590730232799,0.191937352889269,0.48347015270219,0.240126768176472,0.752540650406504,0.801321138211382,0.947662601626016,0.973577235772358,0.948678861788618,0.948170731707317,1,1,0.869918699186992,0.777439024390244,1,0.977642276422764,0.463513231342162,0.357816853760648,0.820045640396769,0.646844747926983,0.827423220004783,0.86503816878587,0.0255376118746965,0.0197053169686304,12.5287948208467,10,0.359834050550465,0.993343405054046,0.995264255030755,0.0307461204015721,0.0449626523012573,5.46543445086788,0.00841881533919509,0.0104124657327855,0.0285769495204774,0.014276024225523,0.146341463414634,2.00542139076973,1.99936419558297,2.0068696576974,2.0051123961376,2.01005358284901,2.12815221755786,2.12933232922047,2.14590743737423,2.15369402218062,2.15202910524557,2.25291750870967,2.25070718758926,2.34920451219015,2.34534334031944,2.34880491652504,2.37634256744065,2.3759599932048,2.60791569323761,2.61110927373793,2.60785952025053,2.50422013999059,2.50941079183117,2.95595061164747,2.95528860429057,2.95480557338991,0.984
"86",86,500,"loading","strong","Basic","vgood",0.7,5,5,1,0.125,1,0.2025,0.18,1,1,0,2000,218,"sum",500,1999,5e-04,22.5432918186466,7.25425687838206,5.68275456232214,0.453769641991915,9.80772561792641,0.95259328518302,-5.94561443135343,1.48525336275706,0.554751437322138,0.0537696419919149,-0.00383688207358502,-0.0056879648169807,-0.208699287335871,0.257454057487456,0.10818079158681,0.134424104979787,-0.000391057191307197,-0.00593559022153538,6.85660661306686,1.67693455949495,1.28713882817456,0.128418295455649,0.307864352637184,0.150859755161265,0.55527763881941,0.508254127063532,0.922461230615308,0.95447723861931,0.948974487243622,0.943971985992996,1,1,0.999499749874938,0.99799899949975,1,1,0.453769641991915,0.355170153973551,0.809424958224709,0.648783309151272,0.832307821602706,0.867498219022773,0.0148255455786232,0.0121659026342205,16.040702590134,10,0.224074578255713,0.995088825846362,0.995415953126248,0.0298944943396083,0.0341329458655568,6.75652192666048,0.00472966434287013,0.00513321939548699,0.0200076347420472,0.00996603565183396,0.327163581790895,1.99938997735338,1.99868049675976,2.00144276906083,2.00029057870802,1.99976784031526,2.12657980454122,2.12693863400007,2.14525798135154,2.14493410727504,2.14718520338398,2.25060497100209,2.24973148378646,2.34595248785184,2.34527493441249,2.34591762222044,2.37393903288756,2.37499673043228,2.60407463349728,2.60665394740575,2.60847408979569,2.49914942632411,2.50090909774114,2.94543113787781,2.95041164634357,2.94792912501751,0.9995
"87",87,800,"loading","strong","Basic","vgood",0.7,5,5,1,0.125,1,0.2025,0.18,1,1,0,2000,218,"sum",800,2000,0,22.4477787262182,7.28013156022818,5.68071341311788,0.450029373250059,9.79870449012833,0.957308510917203,-6.04112752378178,1.51112804460318,0.552710288117882,0.0500293732500593,-0.0128580098716674,-0.000972739082797081,-0.212051928942754,0.261939179012525,0.107782751812945,0.125073433125148,-0.00131049563937114,-0.00101508725418251,6.58190590881004,1.62881643133267,1.05646123509999,0.103241279831144,0.241061064918659,0.117353742433343,0.3535,0.28,0.9185,0.9425,0.9465,0.9575,1,1,1,1,1,1,0.450029373250059,0.355772740636523,0.812467240289911,0.650252380239186,0.833448535468187,0.868047673400018,0.011640888262669,0.00958245242679581,19.681782860321,10,0.120616316155821,0.995336260130404,0.995405924243286,0.0318401570803603,0.0311075670747736,7.40680618715351,0.0033950875667145,0.00350466333781097,0.0146581612445357,0.00800467085136065,0.538,1.99678495303726,2.00013439773532,1.99835043857525,1.99986361563565,1.99958641945526,2.12336146701394,2.12400786848679,2.14745133662096,2.14549376213894,2.14654355735267,2.25090263638531,2.24910881592693,2.34434945733414,2.34327331032224,2.34443589324209,2.37342271524276,2.37685688496872,2.60759276720535,2.60741491719013,2.60886060207679,2.50269614227889,2.50075936470677,2.95091651865259,2.94925597668331,2.95210122015692,1
"88",88,200,"loading","strong","Basic","poor",0.3,5,5,1,0.125,1,0.2025,0.18,1,1,0,2000,218,"sum",200,1481,0.2595,27.4757713773449,7.81371417678212,4.1441553879088,0.350576650909203,9.82900789095319,0.949980113301455,-1.0131348726551,2.04471066115712,-0.983847737091197,-0.0494233490907972,0.017445390953187,-0.008301136698545,-0.0355624348567297,0.35443047583853,-0.191857866134042,-0.123558372726993,0.00177804411409365,-0.00866252647492059,10.2544721354769,2.9730494916555,3.53570036972952,0.30334658605659,0.726947284265576,0.332403303897333,0.99392302498312,0.932478055367995,0.989871708305199,0.939230249831195,0.950708980418636,0.947332883187036,0.513841998649561,0.945982444294396,0.0634706279540851,0.00135043889264011,1,0.824442943956786,0.350576650909203,0.35065743256821,0.770278075608771,0.356904321869237,0.706042599428262,0.763901424168817,0.0452001388345925,0.0308921557660936,10.7022922300069,10,0.461337430160389,0.985954752511047,0.996282490110263,0.0215331817158417,0.0460541957600011,4.92455244911063,0.0221064741835763,0.0313905574619899,0.0259704000204127,0.0122998096073085,0.0790006752194463,2.00903836007217,1.99015914378293,2.01355235437631,2.00807527793392,2.02347609130942,2.12341970229137,2.12709790361013,2.13389399091434,2.15816341169112,2.15297415726701,2.25369243635222,2.24680325262701,2.35494476222485,2.34291016590932,2.35369929253843,2.37363112863758,2.37243871176431,2.6032973463152,2.61325117727879,2.60312226495493,2.50198586107871,2.5181642135602,2.95402916529219,2.95196580433209,2.95046028163276,0.7405
"89",89,500,"loading","strong","Basic","poor",0.3,5,5,1,0.125,1,0.2025,0.18,1,1,0,2000,218,"sum",500,1715,0.1425,24.1197345618371,7.36950143313302,5.24420078434964,0.443591990690883,9.81067285616737,0.955472660445584,-4.36917168816293,1.60049791750802,0.116197659349639,0.0435919906908827,-0.00088964383262696,-0.0028085895544166,-0.153363967357045,0.27743056719816,0.0226594361425314,0.108979976727207,-9.06730026565044e-05,-0.00293086142968632,8.48493085098902,2.15160707823389,2.41764823096369,0.258941207191074,0.455144174825019,0.202832838616583,0.950437317784257,0.863556851311953,0.992419825072886,0.956851311953353,0.955685131195335,0.94868804664723,0.86997084548105,1,0.449562682215743,0.00291545189504373,1,0.996501457725948,0.443591990690883,0.357230638874464,0.807216481197303,0.344619805129935,0.716499207814115,0.766254231939147,0.0251557994817114,0.0203074120450731,11.3344269151849,10,0.423782802171833,0.993365664463329,0.996700971244764,0.0153510198694939,0.0304119316546702,5.08030581309677,0.00979716825343398,0.0128405308731755,0.0171204362362712,0.00792277954402426,0.0979591836734694,1.99816784753753,1.995956520815,2.00456603967873,2.00097486419134,1.99934558019515,2.12909957446406,2.13021798302706,2.14264894850396,2.14163948974421,2.14865576196562,2.24989083710978,2.24716833047735,2.3484704109109,2.34635859553521,2.34836174084563,2.3710752385364,2.37437189649435,2.59709380867834,2.60513307828324,2.61080614325759,2.4997724030551,2.50525699060029,2.93891019700239,2.95443356939775,2.94669598531596,0.8575
"90",90,800,"loading","strong","Basic","poor",0.3,5,5,1,0.125,1,0.2025,0.18,1,1,0,2000,218,"sum",800,1818,0.091,22.9546214064727,7.27164622962585,5.60789074277018,0.471416746599934,9.80822959301167,0.960820451080674,-5.53428484352729,1.50264271400084,0.479887617770177,0.0714167465999337,-0.00333290698832599,0.00253920108067328,-0.194261050071983,0.260468330437142,0.0935817717096607,0.178541866499834,-0.000339691765539484,0.00264974513554688,8.05869193773656,1.90455689702789,2.05007652683851,0.232269299145716,0.358338895836551,0.158363387602013,0.886688668866887,0.811881188118812,0.985698569856986,0.968646864686469,0.954345434543454,0.963146314631463,0.980748074807481,1,0.711221122112211,0.18041804180418,1,1,0.471416746599934,0.359950261388378,0.823096387362566,0.34179810867132,0.718748904879054,0.766549526132553,0.019675294196311,0.0157589597561001,12.0960452386641,10,0.382044415960216,0.995054364723925,0.996774877441571,0.014104953935504,0.025053643034025,5.27199034449302,0.00654504172767907,0.00825230114664127,0.0140884127726605,0.00643505103482462,0.125412541254125,1.9912177867174,2.00165741908088,1.99609713089537,2.0008134387122,1.99994946677754,2.12005947649811,2.12207419665147,2.15049472826333,2.14439331153347,2.1476653393101,2.25373634655398,2.24814532242915,2.34661061459274,2.34325645287761,2.34688002017588,2.36977164910307,2.38047535453625,2.60841648122514,2.60786215388369,2.61236810041833,2.5063273125788,2.50029071617391,2.95015771031539,2.94498209189322,2.95385021736675,0.909
"91",91,200,"loading","strong","Cor.Unique","vgood",0.7,5,5,1,0.125,1,0.2025,0.18,1,1,0,2000,218,"sum",200,1356,0.322,22.7270353682047,6.67428326521857,6.00701946179924,0.535780796683589,9.83214051943443,0.948844948909702,-5.76187088179528,0.905279749593568,0.879016336799237,0.135780796683589,0.0205780194344304,-0.00943630109029835,-0.202249634690531,0.156921337825791,0.171414937817386,0.339451991708972,0.00209732338090191,-0.00984711021977979,8.70162325746422,1.78565637873621,2.39118678468693,0.283830736331571,0.490113694186164,0.239808095523927,0.924778761061947,0.958702064896755,0.992625368731563,0.98598820058997,0.943215339233038,0.949115044247788,0.878318584070796,0.994100294985251,0.557522123893805,0.00442477876106195,1,0.975663716814159,0.535780796683589,0.375206265518557,0.824100307962988,0.613793828485622,0.81091570227625,0.845321210623549,0.0304164843548726,0.0291485191866523,7.21872728063217,6,0.408148678188976,0.995980215324586,0.996246016802206,0.0285914970242336,0.0308979212262382,3.99990837096006,0.00585319415199192,0.0123761713641895,0.0314982197145595,0.01111021881186,0.101769911504425,2.00323994812845,2.00544268472246,2.00119072688257,2.00464611493153,2.00469325564119,2.13077791162939,2.1359577001151,2.15350119160372,2.14858378926429,2.14869712350469,2.25292753810582,2.25200634845682,2.34903830557008,2.34550719287971,2.34964710536598,2.37457869934792,2.38043623186583,2.60444401823473,2.61013022592246,2.60522361022733,2.50549043197573,2.50619489421432,2.95722897269684,2.95693021781434,2.95502736372857,0.678
"92",92,500,"loading","strong","Cor.Unique","vgood",0.7,5,5,1,0.125,1,0.2025,0.18,1,1,0,2000,218,"sum",500,1611,0.1945,21.0252182513509,6.27590999032398,6.8310334864868,0.623761505863903,9.79754538698526,0.94514574363939,-7.46368799864906,0.506906474698974,1.7030303614868,0.223761505863904,-0.0140171130147416,-0.0131355063606102,-0.261985768535746,0.0878672500937203,0.33210400227414,0.559403764659759,-0.00142863208737055,-0.0137073602980442,8.62370799889626,1.13381370142402,2.28970785794061,0.298904197213858,0.30860095894827,0.152732237082355,0.702048417132216,0.954065797641217,0.937306021104904,0.997517070142768,0.950962135319677,0.948479205462446,0.999379267535692,1,0.963997517070143,0.836747361887027,1,1,0.623761505863903,0.380731701672855,0.837025322236392,0.596324327980225,0.816658217116311,0.843465231861972,0.0199497669959204,0.0230321663171827,8.76164775791875,6,0.320004015246253,0.997495177733805,0.996620993034827,0.0252564658067722,0.0214611605166943,4.76982270402633,0.0030178452481312,0.00583955216902842,0.0223100847679488,0.0073551159464064,0.203600248292986,2.00138818443473,2.00188472615945,1.99984895835069,2.00003543040229,1.99879194107331,2.12597963988024,2.12653983708721,2.14646339720505,2.1485204230325,2.14533843860994,2.25065149179809,2.25093508084848,2.34418638116225,2.34645037144321,2.34495303791645,2.37552875187365,2.37755402774849,2.60267250335619,2.60719693805379,2.60804224695648,2.49772774864768,2.49902772021059,2.9459931599369,2.94924423514805,2.94787722301351,0.8055
"93",93,800,"loading","strong","Cor.Unique","vgood",0.7,5,5,1,0.125,1,0.2025,0.18,1,1,0,2000,218,"sum",800,1708,0.146,20.2261007433458,6.15182013294469,7.12083162667688,0.661616950500423,9.79012898078451,0.947388988183164,-8.26280550665423,0.382816617319692,1.99282850167688,0.261616950500423,-0.0214335192154899,-0.0108922618168359,-0.290035897978857,0.0663574941985831,0.388616865688217,0.654042376251059,-0.00218451640250877,-0.0113664561597504,9.0079128013458,0.929603618224627,2.36778230998047,0.316483568283891,0.243120571660066,0.120655830794535,0.433255269320843,0.946135831381733,0.77751756440281,0.997658079625293,0.944379391100703,0.952576112412178,1,1,0.997658079625293,0.992974238875878,1,1,0.661616950500423,0.384617125981002,0.852554789653888,0.589444258199662,0.816040430560643,0.840519543947642,0.0179991410452449,0.0217737141928452,10.3158563938339,6,0.245713845258755,0.99781719115388,0.99667733361512,0.0253033777878798,0.0183382611804246,5.4356725842435,0.00230012441286018,0.0041870446816587,0.0185537441947394,0.00619116500391192,0.282201405152225,1.99875041043428,1.99844700953417,1.99887178542484,1.99852384005408,1.99841444143689,2.12865924728043,2.12399213393072,2.14539895579652,2.14481388211564,2.14527079737996,2.25014210947891,2.24951510354254,2.34313694932807,2.3421911888886,2.34456850529921,2.3755976383914,2.37520921450235,2.60833177511656,2.60575118404564,2.60872628699859,2.49990476579175,2.50268814892907,2.94982363985122,2.95108976608352,2.95156282842613,0.854
"94",94,200,"loading","strong","Cor.Unique","poor",0.3,5,5,1,0.125,1,0.2025,0.18,1,1,0,2000,218,"sum",200,1075,0.4625,34.488839022983,8.40866015735725,2.11575442613532,0.238309518242868,9.8750154968309,0.95241243191695,5.99993277298295,2.63965664173225,-3.01224869886468,-0.161690481757132,0.0634529968309006,-0.00586881808305059,0.210605936231158,0.45755850808253,-0.587411634790039,-0.40422620439283,0.00646716532977297,-0.0061243169299729,17.3837631938801,4.05881669550912,5.99856825179754,0.394536299568709,0.767761699331656,0.341593333724076,0.98046511627907,0.94046511627907,0.973953488372093,0.853023255813953,0.950697674418605,0.947906976744186,0.213023255813953,0.52093023255814,0.00465116279069767,0.027906976744186,1,0.803720930232558,0.238309518242868,0.347238157452439,0.714638807152437,0.374829497718577,0.662203644942126,0.733702789463546,0.063202426524768,0.0452128096382766,6.34498028903794,6,0.471239562881371,0.992095351477842,0.997596786620697,0.0224172697204944,0.0320891366884113,3.57584513654905,0.0130241072047023,0.0308131361496757,0.0284110443899315,0.0104947144856136,0.0641860465116279,2.00355670787185,2.00246730780042,2.00561162376715,2.00248510815134,2.01509024781245,2.13160353073958,2.14774802404699,2.15756239256324,2.14223571090863,2.14258895388192,2.25240617385865,2.25748993125448,2.34466722340875,2.34755771858283,2.3480028902396,2.36813346078941,2.38639036351702,2.59247674350406,2.61019965674893,2.594906595175,2.50726266102927,2.50150340226181,2.96777309463567,2.95294557315848,2.95947292064505,0.5375
"95",95,500,"loading","strong","Cor.Unique","poor",0.3,5,5,1,0.125,1,0.2025,0.18,1,1,0,2000,218,"sum",500,1188,0.406,28.1912060224138,7.22855434860225,4.50879185908855,0.396335727760778,9.82894209201697,0.95023645811164,-0.29770022758623,1.45955083297725,-0.619211265911446,-0.00366427223922233,0.0173795920169687,-0.00804479188836029,-0.0104496896080814,0.252998776829334,-0.120750953308252,-0.00916068059805582,0.00177133784929451,-0.00839502169990312,10.4347300549574,2.49051603766119,3.35978852685627,0.305713945838863,0.468242308253814,0.214264971833368,0.991582491582492,0.952020202020202,0.987373737373737,0.930976430976431,0.962962962962963,0.944444444444444,0.431818181818182,0.863636363636364,0.0109427609427609,0.00420875420875421,1,0.994949494949495,0.396335727760778,0.364417694981005,0.755376360906481,0.338595469327908,0.688352905663525,0.745781299781243,0.0349095296800723,0.0240695962619772,6.77430419978669,6,0.442820105988868,0.996145314803531,0.997356186086909,0.016264559913465,0.0210289585402399,3.87978280046471,0.00609643883751728,0.013298846175942,0.0191071741277082,0.00673757848124107,0.0841750841750842,2.00318174737694,2.00158570107384,2.00387935244982,2.00202203881698,2.00045933338313,2.12722896635348,2.12897500291146,2.14640601855292,2.15281740770443,2.14289971968378,2.25124999586575,2.25527757313052,2.33868482419984,2.34817979964789,2.34119984038157,2.37603011412684,2.38234254423808,2.59272361465565,2.60682548501133,2.6094601647786,2.4941271212047,2.49503522496126,2.94494286285341,2.9526373804074,2.95068967602752,0.594
"96",96,800,"loading","strong","Cor.Unique","poor",0.3,5,5,1,0.125,1,0.2025,0.18,1,1,0,2000,218,"sum",800,1247,0.3765,25.4256137695319,7.01927683875322,5.27769358711695,0.463150794706426,9.81326162412458,0.956089772397483,-3.06329248046814,1.25027332312822,0.149690462116945,0.0631507947064257,0.0016991241245821,-0.00219147760251742,-0.107525801572959,0.216722579513416,0.0291907899562649,0.157876986766064,0.000173175691902498,-0.00228688352455755,9.14342964238974,2.05403162093779,2.76392275380385,0.291964203415339,0.367378391972414,0.167724145534868,0.995188452285485,0.955092221331195,0.99037690457097,0.954290296712109,0.959101844426624,0.95990376904571,0.559743384121893,0.978348035284683,0.178829190056135,0,1,1,0.463150794706426,0.36869923095094,0.791613138518126,0.331309887193768,0.693421087259183,0.747398666866345,0.025269442171465,0.018303254346424,7.00865971150953,6,0.42676347429946,0.997410893018032,0.997882668620771,0.0134874871771121,0.0169772093634936,4.02345755190952,0.00398533992755181,0.00851403025259627,0.0156207286864525,0.00548292624920029,0.0954290296712109,2.00216161198718,1.99476000596473,2.00156646921532,1.99660893210995,2.00045209089492,2.13657172951621,2.1220251547966,2.14409781677245,2.14227424460317,2.14369836943902,2.24654807854205,2.25104976944519,2.33898704802664,2.33991233075473,2.34313787443483,2.37655050355133,2.3753398543338,2.61071983942394,2.6026765891274,2.61194946384907,2.50244491994046,2.50466427901551,2.9505957900636,2.95066903138964,2.95632761895002,0.6235
"97",97,200,"loading","weak","Basic","vgood",0.7,5,5,1,0.125,1,0.2025,0.18,1,1,0,2000,218,"sum",200,1978,0.011,24.6037286141439,5.40597386759282,4.69399119521009,0.429711832932403,9.98525081571836,0.68100246351873,-0.961935448356086,0.228926894936568,0.0921716639600891,0.0297118329324031,0.0166570657183559,0.000455588518730067,-0.0376260693250313,0.044219590076292,0.0200293956193133,0.0742795823310077,0.00167095441303904,0.000669444729622874,5.35228603457815,1.02985806704794,1.63955409495621,0.187653198297025,0.490808212418952,0.214105782894822,0.929221435793731,0.948432760364004,0.953993933265925,0.966632962588473,0.946916076845298,0.9474216380182,1,1,0.800808897876643,0.678463094034378,1,0.889787664307381,0.429711832932403,0.296690283161224,0.559028283750813,0.597104625927907,0.827720833605698,0.863012957341388,0.0250974825372122,0.0193714995998985,10.1382503889079,10,0.492667177902176,0.996368176291539,0.9997902808559,0.0184642275968972,0.0379604845319837,4.57995500684998,0.00614278369932754,0.00900707866581305,0.0243699051665456,0.0120094354838597,0.0611729019211325,2.00542139076973,1.99936419558297,2.0068696576974,2.0051123961376,2.01005358284901,2.12815221755786,2.12933232922047,2.12471266453988,2.13249924934627,2.14143171882839,2.25291750870967,2.25070718758926,2.25526315505155,2.25140198318085,2.30183423795574,2.37634256744065,2.3759599932048,2.37544173327498,2.37863531377529,2.49162254026921,2.50422013999059,2.50941079183117,2.50436792385718,2.50370591650028,2.72901422949476,0.989
"98",98,500,"loading","weak","Basic","vgood",0.7,5,5,1,0.125,1,0.2025,0.18,1,1,0,2000,218,"sum",500,1999,5e-04,24.6049638365417,5.39483070157168,4.70522077642747,0.41777703165203,9.96893560138173,0.679914113411819,-0.960700225958284,0.217783728915425,0.103401245177467,0.0177770316520301,0.000341851381726427,-0.000632761588181146,-0.0375777536468317,0.0420671726692262,0.0224696436866527,0.0444425791300753,3.42928391205055e-05,-0.000929783989061951,3.57421393385975,0.668001026059203,1.07751387767886,0.119752614205333,0.311906216611116,0.133906010726106,0.919959979989995,0.939969984992496,0.946473236618309,0.951975987993997,0.944972486243122,0.946973486743372,1,1,0.992496248124062,0.984992496248124,1,0.998499249624812,0.41777703165203,0.294202132511221,0.552106683991706,0.599321641422228,0.832182192125101,0.865980759668383,0.0146460978132763,0.0117816021742854,10.3411663948337,10,0.480516882544937,0.998410790665516,0.999737133568346,0.0126850414091929,0.0244336551820577,4.70614564601929,0.00253616139242329,0.00367780933900175,0.0156909728959943,0.00767161103251243,0.0580290145072536,1.99938997735338,1.99868049675976,2.00144276906083,2.00029057870802,1.99976784031526,2.12657980454122,2.12693863400007,2.12415692914533,2.12383305506882,2.13663467728087,2.25060497100209,2.24973148378646,2.25213181296037,2.25145425952103,2.2990072847747,2.37393903288756,2.37499673043228,2.37199412444187,2.37457343835034,2.49243383526798,2.49914942632411,2.50090909774114,2.49577459929845,2.50075510776421,2.72310085572783,0.9995
"99",99,800,"loading","weak","Basic","vgood",0.7,5,5,1,0.125,1,0.2025,0.18,1,1,0,2000,218,"sum",800,2000,0,24.5161965667227,5.41516889282671,4.70540161892358,0.414042318947083,9.96056120246673,0.68417248302679,-1.04946749577729,0.238121920170455,0.103582087673578,0.0140423189470829,-0.00803254753326789,0.00362560802678944,-0.0410498821079583,0.0459957040042615,0.0225089417284127,0.0351057973677073,-0.000805785423171436,0.00532749199206805,2.83133233585569,0.547989694777811,0.835766630519506,0.092491064642268,0.24408148502235,0.104511018190433,0.914,0.937,0.95,0.953,0.9445,0.9595,1,1,1,0.9995,1,1,0.414042318947083,0.294988930085229,0.555151885516556,0.600964062246584,0.833172270774758,0.866712209557439,0.011505554540327,0.00922972494261476,10.3284151403678,10,0.477679962856555,0.999064326109774,0.999846269167569,0.00966453700438732,0.0193368023324647,4.51142663096898,0.00153292319408048,0.00219962603292343,0.0121231312538614,0.00581457454894127,0.0515,1.99678495303726,2.00013439773532,1.99835043857525,1.99986361563565,1.99958641945526,2.12336146701394,2.12400786848679,2.12635906138378,2.12440148690176,2.13599741973408,2.25090263638531,2.24910881592693,2.25063215915686,2.24955601214497,2.29757724415345,2.37342271524276,2.37685688496872,2.37553662666336,2.37535877664813,2.49283253180579,2.50269614227889,2.50075936470677,2.50062229157641,2.49896174960713,2.72695410661883,1
"100",100,200,"loading","weak","Basic","poor",0.3,5,5,1,0.125,1,0.2025,0.18,1,1,0,2000,218,"sum",200,1521,0.2395,29.389507346967,6.02716477377188,3.04223347824041,0.303478131163824,9.98709985153188,0.673413479144208,3.82384328446696,0.850117801115631,-1.5595860530096,-0.0965218688361758,0.0185061015318767,-0.00713339585579263,0.149569488010124,0.16420901830826,-0.338906391791067,-0.241304672090439,0.0018564405367484,-0.0104818582199685,11.1567788193468,2.10138024196367,3.62165880400867,0.328422310820803,0.729600053224188,0.313348926228651,0.983563445101907,0.975673898750822,0.982905982905983,0.911242603550296,0.949375410913872,0.947403024326101,0.612097304404997,0.808678500986193,0.0216962524654832,0.00460223537146614,1,0.577909270216962,0.303478131163824,0.286382969149503,0.525306962300046,0.304530959856329,0.700679027832829,0.740889212004769,0.0438518524618686,0.0358036205846765,10.1787347925728,10,0.491314863759212,0.986482551991407,0.999624821488312,0.0190794647861975,0.0446820278392326,4.68969303591806,0.0227218957199271,0.0341908701260071,0.0245449101866094,0.0116235848860275,0.0585141354372124,2.00903836007217,1.99015914378293,2.01355235437631,2.00807527793392,2.02347609130942,2.12341970229137,2.12709790361013,2.11269921807999,2.13696863885677,2.14237677084983,2.25369243635222,2.24680325262701,2.26100340508625,2.24896880877073,2.30672861396913,2.37363112863758,2.37243871176431,2.37082338635256,2.38077721731615,2.48688528497361,2.50198586107871,2.5181642135602,2.5024464775019,2.5003831165418,2.72466893773762,0.7605
"101",101,500,"loading","weak","Basic","poor",0.3,5,5,1,0.125,1,0.2025,0.18,1,1,0,2000,218,"sum",500,1749,0.1255,26.2423802568574,5.60720748968187,4.10088800600635,0.392057586357832,9.96825845288417,0.680779075277986,0.676716194357424,0.430160517025616,-0.50093152524365,-0.00794241364216822,-0.000335297115827263,0.000232200277985646,0.0264697288012181,0.0830899389744012,-0.108855099997279,-0.0198560341054206,-3.36353475962708e-05,0.000341196597200811,7.44709161316553,1.36834238936705,2.41722572402134,0.266924107681762,0.459779640414854,0.190127774757364,0.978845054316752,0.966266437964551,0.980560320182962,0.927958833619211,0.950829045168668,0.95368782161235,0.928530588907947,0.995425957690109,0.305889079473985,0.000571755288736421,1,0.941109205260149,0.392057586357832,0.29374217298486,0.548797820078631,0.290574101069611,0.710075159356656,0.746523166358198,0.0248303050370844,0.0222908194271334,10.0974447408176,10,0.49511042908812,0.994825338700132,0.999819626217288,0.0114987044735975,0.0282693759928187,4.51268845814481,0.00885681637202021,0.0129815734891763,0.0152411028785046,0.00704378706817706,0.0566037735849057,1.99816784753753,1.995956520815,2.00456603967873,2.00097486419134,1.99934558019515,2.12909957446406,2.13021798302706,2.12154789629774,2.12053843753799,2.13810523586251,2.24989083710978,2.24716833047735,2.25464973601943,2.25253792064375,2.3014514033999,2.3710752385364,2.37437189649435,2.36501329962293,2.37305256922782,2.49476588872988,2.4997724030551,2.50525699060029,2.48925365842304,2.50477703081839,2.72186771602628,0.8745
"102",102,800,"loading","weak","Basic","poor",0.3,5,5,1,0.125,1,0.2025,0.18,1,1,0,2000,218,"sum",800,1860,0.07,25.0980058362411,5.49993770821406,4.46966904941647,0.421597557022578,9.96605230228352,0.684191694697364,-0.46765822625893,0.322890735557812,-0.132150481833534,0.0215975570225778,-0.00254144771648582,0.0036448196973635,-0.0182924341458783,0.0623696746935527,-0.028717006596223,0.0539938925564445,-0.000254945459733056,0.00535572174563802,6.022703224906,1.11490051474457,1.9729490901521,0.235885328153817,0.360806000382976,0.149453392383483,0.973118279569892,0.959139784946237,0.977956989247312,0.945698924731183,0.954838709677419,0.963440860215054,0.994086021505376,1,0.537096774193548,0.0365591397849462,1,0.995698924731183,0.421597557022578,0.296161804918576,0.558602381240932,0.286846964087221,0.711903879944251,0.747797087202151,0.0195260928759313,0.0168202239820094,10.109172073928,10,0.49248011641874,0.996799746855513,0.999879392110055,0.00919150897237443,0.0223292334841455,4.48938980824869,0.0054088472700145,0.0080096999261239,0.0119504949639474,0.00555287516178479,0.0543010752688172,1.9912177867174,2.00165741908088,1.99609713089537,2.0008134387122,1.99994946677754,2.12005947649811,2.12207419665147,2.12940245302614,2.12330103629629,2.13711920169151,2.25373634655398,2.24814532242915,2.25289331641547,2.24953915470033,2.30002137108724,2.36977164910307,2.38047535453625,2.37636034068314,2.3758060133417,2.49634003014733,2.5063273125788,2.50029071617391,2.49986348323922,2.49468786481704,2.72870310382866,0.93
"103",103,200,"loading","weak","Cor.Unique","vgood",0.7,5,5,1,0.125,1,0.2025,0.18,1,1,0,2000,218,"sum",200,1653,0.1735,25.5395763984696,5.42202881142072,4.41913033451834,0.426719642476223,9.98736553985481,0.683718529698264,-0.0260876640303931,0.244981838764471,-0.182689196731665,0.0267196424762235,0.0187717898548143,0.0031716546982637,-0.00102041800935102,0.0473207680089438,-0.0396993396831536,0.0667991061905587,0.00188309307466907,0.00466045002155612,7.06826963021124,1.37233517496194,2.2503439835154,0.2615024328159,0.498093674613643,0.215615386378627,0.978221415607985,0.980036297640653,0.980641258318209,0.942528735632184,0.940713853599516,0.949183303085299,0.955837870538415,0.97156684815487,0.372050816696915,0.00241984271022384,1,0.892921960072595,0.426719642476223,0.300970642628668,0.558856566084153,0.59473724868722,0.811156013627829,0.849480381855095,0.0301549019189669,0.0248497255268655,6.02396735812297,6,0.495469403043226,0.997443043697704,0.999967109849263,0.0199999852500851,0.0283585075169255,3.39750595906281,0.00443618569092867,0.0107369381022009,0.0269914599525464,0.0103207009595411,0.0381125226860254,2.00323994812845,2.00544268472246,2.00119072688257,2.00464611493153,2.00469325564119,2.13077791162939,2.1359577001151,2.13230641876937,2.12738901642994,2.13809973708752,2.25292753810582,2.25200634845682,2.25509694843149,2.25156583574112,2.30267642679668,2.37457869934792,2.38043623186583,2.37197005827209,2.37765626595982,2.48898663024602,2.50549043197573,2.50619489421432,2.50564628490655,2.50534753002405,2.72923601983343,0.8265
"104",104,500,"loading","weak","Cor.Unique","vgood",0.7,5,5,1,0.125,1,0.2025,0.18,1,1,0,2000,218,"sum",500,1919,0.0405,24.6119262785419,5.27477453198338,4.80277411228827,0.452602150328713,9.97226774512127,0.680238612971926,-0.953737783958118,0.0977275593271314,0.200954581038268,0.0526021503287126,0.00367399512126665,-0.000308262028074119,-0.0373054179866609,0.0188770856906073,0.0436685053974036,0.131505375821781,0.000368557011490879,-0.000452962226994458,4.92495888223501,0.970437492351732,1.6085224444503,0.211388026689164,0.312595061146286,0.135630841212931,0.96039603960396,0.958832725377801,0.97029702970297,0.956748306409588,0.949973944762897,0.951537258989057,0.999478895257947,1,0.815007816571131,0.515372589890568,1,0.997394476289734,0.452602150328713,0.299836602118373,0.556431137224294,0.589276096227272,0.819703612379161,0.855387629593265,0.0191309730919139,0.0167306775948356,6.20468278392025,6,0.482678441129739,0.998885227428862,0.999757727378051,0.0135182390587524,0.0181587792281352,3.55060051411004,0.00190245912455415,0.00446061424092149,0.0176507813947825,0.00647598880231626,0.0526315789473684,2.00138818443473,2.00188472615945,1.99984895835069,2.00003543040229,1.99879194107331,2.12597963988024,2.12653983708721,2.12536234499884,2.12741937082628,2.13478791250683,2.25065149179809,2.25093508084848,2.25036570627078,2.25262969655174,2.29804270047072,2.37552875187365,2.37755402774849,2.37059199430077,2.37511642899838,2.49200199242877,2.49772774864768,2.49902772021059,2.49633662135755,2.49958769656869,2.72304895372383,0.9595
"105",105,800,"loading","weak","Cor.Unique","vgood",0.7,5,5,1,0.125,1,0.2025,0.18,1,1,0,2000,218,"sum",800,1972,0.014,24.1866363546143,5.21993457623881,4.95643742943176,0.463510169473682,9.9601392103861,0.683336013313009,-1.37902770788573,0.0428876035825607,0.354617898181758,0.0635101694736817,-0.00845453961390372,0.00278913831300907,-0.0539406175608988,0.00828418281871524,0.0770603661820333,0.158775423684204,-0.000848117580667155,0.00409837795965057,4.14905879238381,0.800201456937168,1.37545379646824,0.185598997579698,0.246743657245969,0.106907568003849,0.936612576064909,0.955882352941177,0.951825557809331,0.967545638945233,0.948275862068966,0.956389452332657,1,1,0.955882352941177,0.889452332657201,1,1,0.463510169473682,0.301814131330776,0.56125519933533,0.586329740987755,0.822461000260416,0.857642012956176,0.0148812159851307,0.0131914630261621,6.14269612850468,6,0.492600726974998,0.999309771975989,0.999895014308165,0.0102834121609247,0.0142245567196686,3.63134572346369,0.00123774419282768,0.00285529483562545,0.014134180419907,0.00522233452075278,0.0588235294117647,1.99875041043428,1.99844700953417,1.99887178542484,1.99852384005408,1.99841444143689,2.12865924728043,2.12399213393072,2.12430668055933,2.12372160687845,2.13472465976137,2.25014210947891,2.24951510354254,2.24941965115079,2.24847389071133,2.29770985621057,2.3755976383914,2.37520921450235,2.37627563457457,2.37369504350364,2.49269821672759,2.49990476579175,2.50268814892907,2.49952941277504,2.50079553900734,2.72641571488804,0.986
"106",106,200,"loading","weak","Cor.Unique","poor",0.3,5,5,1,0.125,1,0.2025,0.18,1,1,0,2000,218,"sum",200,1218,0.391,36.8821432150791,7.17750718883197,0.443859008249723,0.143786333954095,10.0224175512716,0.675508191675902,11.3164791525791,2.00046021617572,-4.15796052300028,-0.256213666045905,0.0538238012716386,-0.00503868332409802,0.442643661628107,0.38640951622452,-0.903547063235408,-0.640534165114761,0.00539933742125248,-0.00740387401543504,20.4367003973217,3.53903291415695,6.61599233253729,0.439791674888486,0.778787054998879,0.325000233496574,0.96551724137931,0.94991789819376,0.959770114942529,0.801313628899836,0.950738916256158,0.944170771756979,0.270935960591133,0.443349753694581,0.00738916256157635,0.0525451559934319,1,0.557471264367816,0.143786333954095,0.273642130818486,0.490804478616686,0.345694971870336,0.652978527186555,0.700429537875424,0.0629561848776878,0.0599393157408419,6.04594332489488,6,0.494152220143272,0.992441352961076,1.00012501770556,0.0201971873019726,0.0315470492621889,3.41233024012559,0.0132531594848136,0.0323787249054065,0.0269957976687487,0.0100519952418084,0.0476190476190476,2.00355670787185,2.00246730780042,2.00561162376715,2.00248510815134,2.01509024781245,2.13160353073958,2.14774802404699,2.13636761972889,2.12104093807428,2.13199156746474,2.25240617385865,2.25748993125448,2.25072586627015,2.25361636144423,2.30103221167031,2.36813346078941,2.38639036351702,2.36000278354143,2.37772569678629,2.47866961519369,2.50726266102927,2.50150340226181,2.51619040684538,2.5013628853682,2.73368157674991,0.609
"107",107,500,"loading","weak","Cor.Unique","poor",0.3,5,5,1,0.125,1,0.2025,0.18,1,1,0,2000,218,"sum",500,1433,0.2835,30.6820671150254,6.06242072855199,2.81415734926031,0.295130470241427,9.97844181177146,0.676755043382722,5.11640305252544,0.885373755895736,-1.78766218198969,-0.104869529758573,0.00984806177145977,-0.00379183161727789,0.2001279153171,0.171019069475714,-0.388468554633672,-0.262173824396433,0.000987908828309888,-0.00557174201597486,12.2928388418679,2.12177284746713,3.89701368218528,0.341245791836703,0.470462371416688,0.203586002498043,0.976971388695045,0.964410327983252,0.968597348220516,0.87857641311933,0.960223307745987,0.941381716678297,0.517096999302163,0.73831123517097,0.00488485694347523,0.0118632240055827,1,0.918353105373343,0.295130470241427,0.286721077713774,0.514361261887866,0.307693332578233,0.67770192106188,0.720387000540173,0.0356851089075942,0.0310708172573801,6.11625861693763,6,0.490559500592545,0.996832831942013,0.999594267843452,0.0128690622425999,0.0201169868339289,3.51151044628026,0.00565650454574999,0.0132127870891998,0.0175124112147652,0.0064002730345198,0.0593161200279135,2.00318174737694,2.00158570107384,2.00387935244982,2.00202203881698,2.00045933338313,2.12722896635348,2.12897500291146,2.1253049663467,2.13171635549821,2.13234919358067,2.25124999586575,2.25527757313052,2.24486414930838,2.25435912475642,2.29428950293584,2.37603011412684,2.38234254423808,2.36064310560024,2.37474497595591,2.4934199102509,2.4941271212047,2.49503522496126,2.49528632427405,2.50298084182805,2.72586140673784,0.7165
"108",108,800,"loading","weak","Cor.Unique","poor",0.3,5,5,1,0.125,1,0.2025,0.18,1,1,0,2000,218,"sum",800,1544,0.228,28.0706187356009,5.84837923734997,3.53879250660865,0.351628679325575,9.96121364638048,0.684584222425682,2.50495467310087,0.671332264693718,-1.06302702464135,-0.0483713206744247,-0.00738010361951919,0.00403734742568154,0.0979812089753291,0.129674748604661,-0.231001458753989,-0.120928301686062,-0.00074033547806271,0.00593250454008996,9.59694490927479,1.72796955574056,3.11279008118364,0.305078279188666,0.377898805234108,0.159605031881729,0.978626943005181,0.970854922279793,0.965673575129534,0.895077720207254,0.951424870466321,0.95919689119171,0.687823834196891,0.908678756476684,0.0582901554404145,0.00518134715025907,1,0.992875647668394,0.351628679325575,0.291935809295409,0.538977976163126,0.299469030196754,0.68346700563262,0.725344772470263,0.0269276372902273,0.0221505785715605,6.05830986548027,6,0.498195120115576,0.998048920840937,0.999924384914933,0.00999145648679794,0.0158535877778797,3.58344129821292,0.00354871263408109,0.00834607227372051,0.013914966725505,0.00516635306130162,0.0563471502590674,2.00216161198718,1.99476000596473,2.00156646921532,1.99660893210995,2.00045209089492,2.13657172951621,2.1220251547966,2.12300554153527,2.12118196936599,2.13315223182043,2.24654807854205,2.25104976944519,2.24526974984936,2.24619503257745,2.29627922534619,2.37655050355133,2.3753398543338,2.37866369888195,2.37062044858541,2.49592139357808,2.50244491994046,2.50466427901551,2.50030156298742,2.50037480431346,2.73118050541193,0.772
"109",109,200,"none","none","Basic","vgood",0.7,5,5,1,0.125,1,0.2025,0.18,1,1,0,2000,218,"sum",200,1978,0.011,25.0584672793274,5.05992140697397,4.46980600381713,0.419769496488643,10.020225337866,0.624224959270303,0.0584672793274217,-0.00257859302602579,-0.0301939961828745,0.0197694964886429,0.0202253378659906,-0.000775040729696906,0.00233869117309687,-0.0005093517088446,-0.00670977692952766,0.0494237412216072,0.00202253378659906,-0.00124006516751505,5.28076772339782,0.959837511661893,1.60689284433787,0.186977833354935,0.492476438538198,0.208947877646824,0.942366026289181,0.945399393326593,0.956521739130435,0.965116279069767,0.944388270980789,0.946410515672396,1,1,0.778058645096057,0.64206268958544,1,0.856420626895854,0.419769496488643,0.281266512944063,0.507426636293355,0.584857437593522,0.827772574694332,0.861947923380819,0.0249882208906308,0.0194597413085732,10.0496280631576,10,0.498421641032693,0.996445767569155,0.999965262739592,0.0180734445138066,0.0376987671684664,4.54702554072618,0.00608169101795035,0.00900091993258523,0.0241315427173491,0.0118244379647777,0.0601617795753286,2.00542139076973,1.99936419558297,2.0068696576974,2.0051123961376,2.01005358284901,2.12815221755786,2.12933232922047,2.12471266453988,2.13249924934627,2.13083433241121,2.25291750870967,2.25070718758926,2.25526315505155,2.25140198318085,2.25486355938644,2.37634256744065,2.3759599932048,2.37544173327498,2.37863531377529,2.3753855602879,2.50422013999059,2.50941079183117,2.50436792385718,2.50370591650028,2.50322288559962,0.989
"110",110,500,"none","none","Basic","vgood",0.7,5,5,1,0.125,1,0.2025,0.18,1,1,0,2000,218,"sum",500,1999,5e-04,25.0584472143042,5.04864463325657,4.48109858335825,0.407863957373838,10.0038694313358,0.623217406130685,0.0584472143042265,-0.0138553667434335,-0.018901416641754,0.00786395737383806,0.00386943133575266,-0.00178259386931534,0.00233788857216906,-0.00273686256660415,-0.00420031480927866,0.0196598934345952,0.000386943133575266,-0.00285215019090455,3.45230499478248,0.604454132478232,1.05547659440556,0.119389119214723,0.312937912970993,0.130546115045228,0.939469734867434,0.946473236618309,0.948474237118559,0.95247623811906,0.943971985992996,0.946973486743372,1,1,0.988494247123562,0.977988994497249,1,0.996998499249625,0.407863957373838,0.278827417215871,0.501317891052653,0.587083502345865,0.832111395042836,0.865017074581212,0.0146292247920691,0.0118200414977816,10.173243969114,10,0.490522501294363,0.998488826645671,0.99986851688117,0.0120624315027682,0.0241135650886112,4.63574840413939,0.0024772280097659,0.00364733633640801,0.0154662480784186,0.00748221863193732,0.0515257628814407,1.99938997735338,1.99868049675976,2.00144276906083,2.00029057870802,1.99976784031526,2.12657980454122,2.12693863400007,2.12415692914533,2.12383305506882,2.12608415117776,2.25060497100209,2.24973148378646,2.25213181296037,2.25145425952103,2.25209694732897,2.37393903288756,2.37499673043228,2.37199412444187,2.37457343835034,2.37639358074027,2.49914942632411,2.50090909774114,2.49577459929845,2.50075510776421,2.49827258643815,0.9995
"111",111,800,"none","none","Basic","vgood",0.7,5,5,1,0.125,1,0.2025,0.18,1,1,0,2000,218,"sum",800,2000,0,24.9712494413733,5.06793973742563,4.48158511919961,0.404089916524809,9.99563916687388,0.627371986373436,-0.0287505586266696,0.00543973742562728,-0.0184148808003895,0.00408991652480875,-0.00436083312611781,0.00237198637343611,-0.00115002234506679,0.00107451603469181,-0.00409219573341989,0.0102247913120219,-0.000436083312611781,0.00379517819749778,2.63590665615434,0.47241571469306,0.815766908807178,0.0919761015871049,0.244795872681223,0.101908712534863,0.945,0.945,0.9545,0.9475,0.9435,0.9585,1,1,0.9995,0.999,1,1,0.404089916524809,0.279660609842242,0.504328143324533,0.588766103138167,0.833074030082322,0.865792310237801,0.0114918574314488,0.00924510620295467,10.0137794073199,10,0.497462178202175,0.999150123960099,1.00000118610395,0.00887595295129873,0.0188339979496173,4.42013316358192,0.00146820156617595,0.00217110373174758,0.0117617626605164,0.0055828872375159,0.048,1.99678495303726,2.00013439773532,1.99835043857525,1.99986361563565,1.99958641945526,2.12336146701394,2.12400786848679,2.12635906138378,2.12440148690176,2.12545128211549,2.25090263638531,2.24910881592693,2.25063215915686,2.24955601214497,2.25071859506482,2.37342271524276,2.37685688496872,2.37553662666336,2.37535877664813,2.3768044615348,2.50269614227889,2.50075936470677,2.50062229157641,2.49896174960713,2.50180699308074,1
"112",112,200,"none","none","Basic","poor",0.3,5,5,1,0.125,1,0.2025,0.18,1,1,0,2000,218,"sum",200,1528,0.236,29.7853533177778,5.71136482669552,2.7913778440504,0.290640272710032,10.0199074055421,0.617193867339326,4.78535331777784,0.648864826695521,-1.7086221559496,-0.109359727289968,0.0199074055421024,-0.00780613266067415,0.191414132711113,0.128170829964547,-0.379693812433245,-0.27339931822492,0.00199074055421024,-0.0124898122570786,11.6018117290506,1.98281548987948,3.67012304010396,0.335246647790649,0.731906270912982,0.30975431281653,0.977748691099476,0.981675392670157,0.982329842931937,0.903141361256545,0.948952879581152,0.946335078534031,0.6282722513089,0.768979057591623,0.0176701570680628,0.00523560209424084,1,0.515052356020942,0.290640272710032,0.27053333605036,0.477773246322878,0.294122562730645,0.699295446809183,0.735063153859598,0.0436633921014901,0.0373543752338134,10.1582835163967,10,0.492327692768472,0.986212524604347,0.99978578710933,0.01898630579096,0.0446460669795902,4.6752059935062,0.023244452161256,0.035110433963677,0.0244508402292262,0.0115563598729458,0.0569371727748691,2.00903836007217,1.99015914378293,2.01355235437631,2.00807527793392,2.02347609130942,2.12341970229137,2.12709790361013,2.11269921807999,2.13696863885677,2.13177938443266,2.25369243635222,2.24680325262701,2.26100340508625,2.24896880877073,2.25975793539983,2.37363112863758,2.37243871176431,2.37082338635256,2.38077721731615,2.37064830499229,2.50198586107871,2.5181642135602,2.5024464775019,2.5003831165418,2.49887759384247,0.764
"113",113,500,"none","none","Basic","poor",0.3,5,5,1,0.125,1,0.2025,0.18,1,1,0,2000,218,"sum",500,1756,0.122,26.6986557719057,5.29039721445106,3.8507128892026,0.378959905853329,10.0011454010774,0.624464962793946,1.69865577190575,0.227897214451057,-0.649287110797398,-0.0210400941466708,0.00114540107737186,-0.000535037206053774,0.0679462308762298,0.0450167337187273,-0.144286024621644,-0.0526002353666769,0.000114540107737186,-0.000856059529686039,7.61980231388017,1.29316952261882,2.45226159659237,0.270742723063932,0.461028489570889,0.18813023928126,0.973234624145786,0.975512528473804,0.977220956719818,0.919703872437358,0.951025056947608,0.954441913439636,0.938496583143508,0.990318906605923,0.275626423690205,0.000569476082004556,1,0.908314350797267,0.378959905853329,0.277853850114846,0.498366342980506,0.279562714851283,0.708613032732707,0.741578765710493,0.0247811299966489,0.0229924673736495,10.0865495031878,10,0.49588716968909,0.994705487422542,0.999865804462139,0.0114313883756895,0.0282547154088563,4.50442089625853,0.00904225310856722,0.0133067100253372,0.0152658050240076,0.00699636382762083,0.0523917995444191,1.99816784753753,1.995956520815,2.00456603967873,2.00097486419134,1.99934558019515,2.12909957446406,2.13021798302706,2.12154789629774,2.12053843753799,2.1275547097594,2.24989083710978,2.24716833047735,2.25464973601943,2.25253792064375,2.25454106595417,2.3710752385364,2.37437189649435,2.36501329962293,2.37305256922782,2.37872563420217,2.4997724030551,2.50525699060029,2.48925365842304,2.50477703081839,2.4970394467366,0.878
"114",114,800,"none","none","Basic","poor",0.3,5,5,1,0.125,1,0.2025,0.18,1,1,0,2000,218,"sum",800,1865,0.0675,25.5621967447505,5.18361680740881,4.20877680922109,0.407630071637787,9.99756479960817,0.628634878479651,0.56219674475053,0.121116807408812,-0.291223190778913,0.00763007163778694,-0.0024352003918352,0.00363487847965095,0.0224878697900212,0.0239243076363085,-0.0647162646175363,0.0190751790944673,-0.00024352003918352,0.00581580556744151,6.05428842057044,1.05461989570436,1.98228300212294,0.237265893507135,0.362075919225958,0.148104628445326,0.968364611260054,0.966219839142091,0.975871313672922,0.93887399463807,0.954423592493298,0.961394101876676,0.993565683646113,0.999463806970509,0.498123324396783,0.020911528150134,1,0.99088471849866,0.407630071637787,0.280721664888613,0.508284938835942,0.275727562201133,0.710345383304801,0.743117341405053,0.0194946306894026,0.0172485465109456,10.0458911865289,10,0.496279420625907,0.996774028843403,0.999994398151994,0.00907623077550215,0.0222533804731557,4.46254847417638,0.00549575882226724,0.00819746456457875,0.0118520803913544,0.00549086656783056,0.0514745308310992,1.9912177867174,2.00165741908088,1.99609713089537,2.0008134387122,1.99994946677754,2.12005947649811,2.12207419665147,2.12940245302614,2.12330103629629,2.12657306407292,2.25373634655398,2.24814532242915,2.25289331641547,2.24953915470033,2.2531627219986,2.36977164910307,2.38047535453625,2.37636034068314,2.3758060133417,2.38031195987633,2.5063273125788,2.50029071617391,2.49986348323922,2.49468786481704,2.50355599029057,0.9325
"115",115,200,"none","none","Cor.Unique","vgood",0.7,5,5,1,0.125,1,0.2025,0.18,1,1,0,2000,218,"sum",200,1671,0.1645,26.2321627464898,5.20340232765337,4.0231875140588,0.395118486896632,10.0219990447056,0.627904213334372,1.23216274648978,0.140902327653367,-0.4768124859412,-0.00488151310336814,0.0219990447055762,0.00290421333437201,0.0492865098595912,0.0278325585488133,-0.105958330209156,-0.0122037827584204,0.00219990447055762,0.00464674133499522,7.26526353690547,1.31950384761089,2.27748889835998,0.258287760080517,0.499146732923058,0.210250454638077,0.973070017953321,0.982046678635548,0.974266906044285,0.925194494314782,0.941352483542789,0.947935368043088,0.96229802513465,0.965290245362059,0.323758228605625,0,1,0.857570317175344,0.395118486896632,0.282457053989883,0.505987602988273,0.590765090527069,0.811155884943506,0.848057009931948,0.030264552624673,0.0257200043608988,5.99040707949796,6,0.499158472836652,0.997453073568758,1.00009224571245,0.019775339934558,0.0283480600948296,3.42099885519089,0.00447879303858846,0.0108715106395078,0.0269886689931401,0.0104533208184933,0.0394973070017953,2.00323994812845,2.00544268472246,2.00119072688257,2.00464611493153,2.00469325564119,2.13077791162939,2.1359577001151,2.13230641876937,2.12738901642994,2.12750235067034,2.25292753810582,2.25200634845682,2.25509694843149,2.25156583574112,2.25570574822738,2.37457869934792,2.38043623186583,2.37197005827209,2.37765626595982,2.3727496502647,2.50549043197573,2.50619489421432,2.50564628490655,2.50534753002405,2.50344467593828,0.8355
"116",116,500,"none","none","Cor.Unique","vgood",0.7,5,5,1,0.125,1,0.2025,0.18,1,1,0,2000,218,"sum",500,1943,0.0285,25.4329858476357,5.10341843872159,4.34668745628156,0.41204614581795,10.0058079803329,0.623007379334789,0.432985847635717,0.0409184387215868,-0.153312543718438,0.0120461458179504,0.00580798033285807,-0.00199262066521096,0.0173194339054287,0.00808265456228875,-0.0340694541596529,0.0301153645448761,0.000580798033285807,-0.00318819306433753,4.93569897469255,0.943441655721358,1.60238832742427,0.202811119132134,0.312485606497183,0.132192792790096,0.959341224909933,0.957797220792589,0.963458569222851,0.937210499227998,0.951106536284097,0.952650540401441,1,1,0.746268656716418,0.413793103448276,1,0.995882655687082,0.41204614581795,0.279242748678488,0.501124607536419,0.588344153839957,0.81965330150119,0.854728055015492,0.0191439141532371,0.0159896320279899,6.14228845230997,6,0.487180390041291,0.998913331831149,0.999835453982333,0.0132601314261511,0.018107078119719,3.51520382593678,0.00188161288739558,0.00444456409614477,0.0174079862904633,0.00643364919528755,0.0478641276376737,2.00138818443473,2.00188472615945,1.99984895835069,2.00003543040229,1.99879194107331,2.12597963988024,2.12653983708721,2.12536234499884,2.12741937082628,2.12423738640373,2.25065149179809,2.25093508084848,2.25036570627078,2.25262969655174,2.25113236302498,2.37552875187365,2.37755402774849,2.37059199430077,2.37511642899838,2.37596173790106,2.49772774864768,2.49902772021059,2.49633662135755,2.49958769656869,2.49822068443415,0.9715
"117",117,800,"none","none","Cor.Unique","vgood",0.7,5,5,1,0.125,1,0.2025,0.18,1,1,0,2000,218,"sum",800,1986,0.007,25.1043496602374,5.06537073103592,4.46570751313029,0.417419545598836,9.99493690758355,0.626826173833114,0.104349660237413,0.00287073103592297,-0.0342924868697098,0.0174195455988356,-0.00506309241644728,0.00182617383311449,0.00417398640949652,0.000567057982404537,-0.00762055263771328,0.043548863997089,-0.000506309241644729,0.00292187813298319,3.94585871807298,0.785021228987319,1.31958686634443,0.17007684335992,0.247486723419936,0.104141423700639,0.954179254783484,0.953172205438066,0.952668680765357,0.944612286002014,0.948640483383686,0.957200402819738,1,1,0.919436052366566,0.817724068479356,1,1,0.417419545598836,0.281147612056002,0.505077717334401,0.58651896846726,0.822865020245407,0.857570235748021,0.0143775239831706,0.0123073365871347,6.01706722716621,6,0.502282161156977,0.999346346070018,0.999995306251581,0.00982197278854484,0.0141400523135041,3.56362233406581,0.00120430278867327,0.00281694011466581,0.0138393231818175,0.00515797535413061,0.0599194360523666,1.99875041043428,1.99844700953417,1.99887178542484,1.99852384005408,1.99841444143689,2.12865924728043,2.12399213393072,2.12430668055933,2.12372160687845,2.12417852214278,2.25014210947891,2.24951510354254,2.24941965115079,2.24847389071133,2.25085120712193,2.3755976383914,2.37520921450235,2.37627563457457,2.37369504350364,2.37667014645659,2.49990476579175,2.50268814892907,2.49952941277504,2.50079553900734,2.50126860134995,0.993
"118",118,200,"none","none","Cor.Unique","poor",0.3,5,5,1,0.125,1,0.2025,0.18,1,1,0,2000,218,"sum",200,1247,0.3765,37.3653939711476,6.95926744463588,0.11233417213556,0.123259944132789,10.0526066601587,0.617830695234815,12.3653939711476,1.89676744463588,-4.38766582786444,-0.27674005586721,0.0526066601586681,-0.00716930476518546,0.494615758845906,0.374670112520667,-0.975036850636542,-0.691850139668026,0.00526066601586681,-0.0114708876242967,21.1524140610121,3.4461653559796,6.78055228303475,0.452843897462584,0.778285644186933,0.321828341370846,0.961507618283881,0.951082598235766,0.954290296712109,0.785084202085004,0.951082598235766,0.943865276663994,0.281475541299118,0.424218123496391,0.0104250200481155,0.057738572574178,1,0.482758620689655,0.123259944132789,0.254173099437573,0.445500931008637,0.340082269324797,0.650943068389828,0.69167921207739,0.0627940402090942,0.0639902317346509,6.05273749157317,6,0.494099688556578,0.992247380426054,1.00006885644091,0.0201730943479728,0.0316091287483381,3.42213512754972,0.013605808879822,0.0331547161067504,0.0271106428239236,0.010027993056046,0.0481154771451484,2.00355670787185,2.00246730780042,2.00561162376715,2.00248510815134,2.01509024781245,2.13160353073958,2.14774802404699,2.13636761972889,2.12104093807428,2.12139418104756,2.25240617385865,2.25748993125448,2.25072586627015,2.25361636144423,2.25406153310101,2.36813346078941,2.38639036351702,2.36000278354143,2.37772569678629,2.36243263521237,2.50726266102927,2.50150340226181,2.51619040684538,2.5013628853682,2.50789023285476,0.6235
"119",119,500,"none","none","Cor.Unique","poor",0.3,5,5,1,0.125,1,0.2025,0.18,1,1,0,2000,218,"sum",500,1485,0.2575,31.1798283083661,5.84797618349811,2.47132959840883,0.274011464576225,10.0074399438469,0.621346607357926,6.1798283083661,0.785476183498105,-2.02867040159117,-0.125988535423775,0.00743994384691447,-0.00365339264207355,0.247193132334644,0.155155789332959,-0.450815644798039,-0.314971338559438,0.000743994384691448,-0.00584542822731767,12.915942749179,2.06993480287738,4.05128756393358,0.352449139118351,0.469667305966935,0.201294073563238,0.96969696969697,0.967003367003367,0.962289562289562,0.858585858585859,0.961616161616162,0.942760942760943,0.538720538720539,0.707070707070707,0.00404040404040404,0.0154882154882155,1,0.876767676767677,0.274011464576225,0.268824306966267,0.468590393234635,0.301292368997642,0.67525531545616,0.713318079382597,0.0358109664486786,0.0332831026619697,6.07790208990561,6,0.493499563113324,0.996820236515427,0.999741736839984,0.0126836124444958,0.0201045837769986,3.48999339365211,0.00569708875959625,0.0134081651166159,0.017433977082758,0.00639547094796754,0.0552188552188552,2.00318174737694,2.00158570107384,2.00387935244982,2.00202203881698,2.00045933338313,2.12722896635348,2.12897500291146,2.1253049663467,2.13171635549821,2.12179866747756,2.25124999586575,2.25527757313052,2.24486414930838,2.25435912475642,2.2473791654901,2.37603011412684,2.38234254423808,2.36064310560024,2.37474497595591,2.37737965572319,2.4941271212047,2.49503522496126,2.49528632427405,2.50298084182805,2.50103313744816,0.7425
"120",120,800,"none","none","Cor.Unique","poor",0.3,5,5,1,0.125,1,0.2025,0.18,1,1,0,2000,218,"sum",800,1608,0.196,28.5666278145673,5.62301509939386,3.18362712160804,0.329916742686249,9.99419358867833,0.628240805571587,3.56662781456731,0.560515099393859,-1.31637287839196,-0.0700832573137513,-0.00580641132166679,0.00324080557158657,0.142665112582692,0.110719031979034,-0.292527306309324,-0.175208143284378,-0.000580641132166679,0.00518528891453852,10.0829081758797,1.69152609873684,3.24189817978179,0.315377020316504,0.376961534262165,0.158488695114464,0.970149253731343,0.972014925373134,0.962686567164179,0.883706467661692,0.95273631840796,0.953980099502488,0.709577114427861,0.886194029850746,0.0354477611940298,0.00621890547263682,1,0.978233830845771,0.329916742686249,0.274101148630177,0.490180916083851,0.292442411581893,0.680874774170509,0.719055914888864,0.0272028301072568,0.0239078892331132,6.03145931720382,6,0.500465184056538,0.998029723646884,0.999996756568836,0.00989247966195155,0.0158456368454775,3.57110118027956,0.00359150723840053,0.00849129844951777,0.0138746491314871,0.00514008207863595,0.0559701492537313,2.00216161198718,1.99476000596473,2.00156646921532,1.99660893210995,2.00045209089492,2.13657172951621,2.1220251547966,2.12300554153527,2.12118196936599,2.12260609420184,2.24654807854205,2.25104976944519,2.24526974984936,2.24619503257745,2.24942057625755,2.37655050355133,2.3753398543338,2.37866369888195,2.37062044858541,2.37989332330708,2.50244491994046,2.50466427901551,2.50030156298742,2.50037480431346,2.50603339187384,0.804
"121",121,200,"intercept","strong","Basic","vgood",0.7,5,5,1,0.125,1,0.2025,0.18,1,1,0,2000,218,"sum_scaled",200,1978,0.011,1.00233860962475,0.202396843276172,0.17879225981523,0.419769582982058,1.00404503704305,0.124844990505438,0.00233860962474635,-0.000103156723827585,-0.00120774018476999,0.0197695829820581,0.00404503704304736,-0.000155009494562251,0.00233860962474635,-0.000509415920136223,-0.00670966769316663,0.0494239574551453,0.00404503704304736,-0.00124007595649801,0.211230773104723,0.0383935010369639,0.0642757073773516,0.186977864108971,0.0984952740070127,0.0417895735692411,0.942366026289181,0.945399393326593,0.956521739130435,0.965116279069767,0.944388270980789,0.946410515672396,1,1,0.778058645096057,0.64206268958544,1,0.856420626895854,0.419769582982058,0.281266520201816,0.507426657008115,0.584857420981312,0.827772572957461,0.861947921224656,0.0249882229520206,0.0194597429049008,10.0496280631784,10,0.498421641031485,0.996445767569128,0.999965262739552,0.0180734445139161,0.0376987659760191,4.54702554073917,0.00608169101798438,0.00900091993261205,0.024131542717412,0.0118244366700462,0.0601617795753286,2.00542139076973,1.99936419558297,2.0068696576974,2.0051123961376,2.01005358284901,2.12815221755786,2.12933232922047,2.15596266453988,2.16374924934627,2.16208433241121,2.25291750870967,2.25070718758926,2.38026315505155,2.37640198318085,2.37986355938644,2.37634256744065,2.3759599932048,2.65669173327498,2.65988531377529,2.6566355602879,2.50422013999059,2.50941079183117,3.00436792385718,3.00370591650028,3.00322288559962,0.989
"122",122,500,"intercept","strong","Basic","vgood",0.7,5,5,1,0.125,1,0.2025,0.18,1,1,0,2000,218,"sum_scaled",500,1999,5e-04,1.00233780461653,0.201945774340949,0.179243947674732,0.407863999627389,1.00077388119416,0.124643477729744,0.00233780461653404,-0.000554225659051086,-0.000756052325268297,0.00786399962738858,0.00077388119416428,-0.000356522270256295,0.00233780461653404,-0.00273691683482018,-0.00420029069593498,0.0196599990684715,0.00077388119416428,-0.00285217816205036,0.138092240918617,0.0241781634967931,0.0422190564519226,0.119389126954829,0.0625875655169571,0.0261092220721915,0.939469734867434,0.946473236618309,0.948474237118559,0.95247623811906,0.943971985992996,0.946973486743372,1,1,0.988494247123562,0.977988994497249,1,0.996998499249625,0.407863999627389,0.278827417208421,0.501317900671748,0.587083491256777,0.832111394749299,0.865017073985265,0.0146292250826295,0.0118200420697279,10.1732439691328,10,0.490522501293306,0.998488826645662,0.999868516881155,0.0120624315028236,0.0241135638215171,4.63574840414955,0.0024772280097773,0.00364733633641601,0.0154662480784521,0.00748221753693123,0.0515257628814407,1.99938997735338,1.99868049675976,2.00144276906083,2.00029057870802,1.99976784031526,2.12657980454122,2.12693863400007,2.15540692914533,2.15508305506882,2.15733415117776,2.25060497100209,2.24973148378646,2.37713181296037,2.37645425952103,2.37709694732897,2.37393903288756,2.37499673043228,2.65324412444187,2.65582343835034,2.65764358074027,2.49914942632411,2.50090909774114,2.99577459929845,3.00075510776421,2.99827258643815,0.9995
"123",123,800,"intercept","strong","Basic","vgood",0.7,5,5,1,0.125,1,0.2025,0.18,1,1,0,2000,218,"sum_scaled",800,2000,0,0.998849918970609,0.202717582780035,0.179263400793055,0.404089928282233,0.999127842880908,0.125474392905903,-0.00115008102939126,0.000217582780034854,-0.000736599206944998,0.00408992828223286,-0.000872157119092172,0.000474392905903345,-0.00115008102939126,0.00107448286436965,-0.0040922178163611,0.0102248207055821,-0.000872157119092172,0.00379514324722676,0.105436297531013,0.0188966260543099,0.0326306716314678,0.0919761035764247,0.0489591673463266,0.0203817427223524,0.945,0.945,0.9545,0.9475,0.9435,0.9585,1,1,0.9995,0.999,1,1,0.404089928282233,0.279660604663995,0.504328141973491,0.588766096759414,0.833074029900173,0.865792309879753,0.0114918574157349,0.00924510635857575,10.0137794073364,10,0.497462178201156,0.999150123960093,1.00000118610395,0.00887595295133771,0.0188339975537919,4.42013316359028,0.00146820156618127,0.00217110373175173,0.0117617626605444,0.00558288640829307,0.048,1.99678495303726,2.00013439773532,1.99835043857525,1.99986361563565,1.99958641945526,2.12336146701394,2.12400786848679,2.15760906138378,2.15565148690176,2.15670128211549,2.25090263638531,2.24910881592693,2.37563215915686,2.37455601214497,2.37571859506482,2.37342271524276,2.37685688496872,2.65678662666336,2.65660877664813,2.6580544615348,2.50269614227889,2.50075936470677,3.00062229157641,2.99896174960713,3.00180699308074,1
"124",124,200,"intercept","strong","Basic","poor",0.3,5,5,1,0.125,1,0.2025,0.18,1,1,0,2000,218,"sum_scaled",200,1528,0.236,1.19141408222603,0.228454594914107,0.111655126291129,0.290640322376962,1.00398141917681,0.1234388132593,0.191414082226029,0.0259545949141073,-0.0683448737088706,-0.109359677623038,0.00398141917680687,-0.0015611867407001,0.191414082226029,0.128170839082011,-0.379693742827059,-0.273399194057594,0.00398141917680687,-0.0124894939256008,0.464072454586716,0.0793126359579827,0.146804963808002,0.335246640720128,0.146381287536969,0.0619508625845395,0.977748691099476,0.981675392670157,0.982329842931937,0.903141361256545,0.948952879581152,0.946335078534031,0.6282722513089,0.768979057591623,0.0176701570680628,0.00523560209424084,1,0.515052356020942,0.290640322376962,0.270533423245012,0.477773393698738,0.294122559669837,0.699295444039337,0.735063146571043,0.0436633935367833,0.037354375545801,10.1582835166669,10,0.492327692752786,0.986212524603026,0.999785787107272,0.0189863057923074,0.0446460721482756,4.67520599365298,0.0232444521628277,0.0351104339647924,0.0244508402299604,0.0115563605702889,0.0569371727748691,2.00903836007217,1.99015914378293,2.01355235437631,2.00807527793392,2.02347609130942,2.12341970229137,2.12709790361013,2.14394921807999,2.16821863885677,2.16302938443266,2.25369243635222,2.24680325262701,2.38600340508625,2.37396880877073,2.38475793539983,2.37363112863758,2.37243871176431,2.65207338635256,2.66202721731615,2.65189830499229,2.50198586107871,2.5181642135602,3.0024464775019,3.0003831165418,2.99887759384247,0.764
"125",125,500,"intercept","strong","Basic","poor",0.3,5,5,1,0.125,1,0.2025,0.18,1,1,0,2000,218,"sum_scaled",500,1756,0.122,1.06794609097524,0.211615911882776,0.154028508708415,0.3789598990122,1.00022899327432,0.124893034679297,0.0679460909752382,0.00911591188277571,-0.0259714912915849,-0.0210401009877996,0.000228993274320186,-0.000106965320703234,0.0679460909752382,0.0450168488038306,-0.144286062731027,-0.052600252469499,0.000228993274320186,-0.000855722565625874,0.30479208913488,0.0517267965326627,0.0980904930257353,0.270742706467245,0.0922056852724174,0.0376260452025311,0.973234624145786,0.975512528473804,0.977220956719818,0.919703872437358,0.951025056947608,0.954441913439636,0.938496583143508,0.990318906605923,0.275626423690205,0.000569476082004556,1,0.908314350797267,0.3789598990122,0.277853929551496,0.498366538917209,0.279562732052411,0.708613030188321,0.74157876377709,0.0247811325719223,0.0229924667801021,10.0865495034671,10,0.495887169672361,0.994705487422038,0.999865804461305,0.0114313883764645,0.028254719584726,4.50442089639379,0.00904225310914564,0.0133067100257317,0.0152658050245456,0.00699636902249169,0.0523917995444191,1.99816784753753,1.995956520815,2.00456603967873,2.00097486419134,1.99934558019515,2.12909957446406,2.13021798302706,2.15279789629774,2.15178843753799,2.1588047097594,2.24989083710978,2.24716833047735,2.37964973601943,2.37753792064375,2.37954106595417,2.3710752385364,2.37437189649435,2.64626329962293,2.65430256922782,2.65997563420217,2.4997724030551,2.50525699060029,2.98925365842304,3.00477703081839,2.9970394467366,0.878
"126",126,800,"intercept","strong","Basic","poor",0.3,5,5,1,0.125,1,0.2025,0.18,1,1,0,2000,218,"sum_scaled",800,1865,0.0675,1.02248772093158,0.207344700223302,0.168351057712166,0.407630055317952,0.999512875265242,0.125727014015593,0.0224877209315802,0.00484470022330195,-0.0116489422878342,0.00763005531795215,-0.000487124734757728,0.000727014015593059,0.0224877209315802,0.0239244455471701,-0.0647163460435232,0.0190751382948804,-0.000487124734757728,0.00581611212474447,0.242171550821526,0.0421848144404909,0.0792913501186626,0.237265896227911,0.0724151786522102,0.0296209272356713,0.968364611260054,0.966219839142091,0.975871313672922,0.93887399463807,0.954423592493298,0.961394101876676,0.993565683646113,0.999463806970509,0.498123324396783,0.020911528150134,1,0.99088471849866,0.407630055317952,0.280721732638673,0.50828513281823,0.275727583279887,0.71034538068856,0.743117339399841,0.0194946297336957,0.0172485474122874,10.0458911868436,10,0.496279420606543,0.99677402884304,0.999994398151414,0.00907623077628186,0.0222533805678146,4.46254847431223,0.00549575882262126,0.00819746456483249,0.0118520803917978,0.0054908684306413,0.0514745308310992,1.9912177867174,2.00165741908088,1.99609713089537,2.0008134387122,1.99994946677754,2.12005947649811,2.12207419665147,2.16065245302614,2.15455103629629,2.15782306407292,2.25373634655398,2.24814532242915,2.37789331641547,2.37453915470033,2.3781627219986,2.36977164910307,2.38047535453625,2.65761034068314,2.6570560133417,2.66156195987633,2.5063273125788,2.50029071617391,2.99986348323922,2.99468786481704,3.00355599029057,0.9325
"127",127,200,"intercept","strong","Cor.Unique","vgood",0.7,5,5,1,0.125,1,0.2025,0.18,1,1,0,2000,218,"sum_scaled",200,1671,0.1645,1.04928607893336,0.208135975683512,0.160927714725038,0.395119562082223,1.00439988649383,0.125580843935518,0.0492860789333621,0.0056359756835116,-0.0190722852749625,-0.00488043791777663,0.00439988649383121,0.000580843935517917,0.0492860789333621,0.0278319786840079,-0.105957140416458,-0.0122010947944416,0.00439988649383121,0.00464675148414333,0.290610878557537,0.0527803056014434,0.0910995914252057,0.258288706136954,0.0998293780333016,0.0420500916330263,0.973070017953321,0.982046678635548,0.974266906044285,0.925194494314782,0.941352483542789,0.947935368043088,0.96229802513465,0.965290245362059,0.323758228605625,0,1,0.857570317175344,0.395119562082223,0.282457222382836,0.505987808430814,0.590764803898383,0.811155821781048,0.84805687676051,0.030264549355749,0.0257201203223842,5.99040707059385,6,0.499158473692274,0.997453073579038,1.00009224574237,0.0197753398495886,0.0283480583244901,3.42099885313188,0.00447879303525023,0.010871510631081,0.0269886689767234,0.0104533228070858,0.0394973070017953,2.00323994812845,2.00544268472246,2.00119072688257,2.00464611493153,2.00469325564119,2.13077791162939,2.1359577001151,2.16355641876937,2.15863901642994,2.15875235067034,2.25292753810582,2.25200634845682,2.38009694843149,2.37656583574112,2.38070574822738,2.37457869934792,2.38043623186583,2.65322005827209,2.65890626595982,2.6539996502647,2.50549043197573,2.50619489421432,3.00564628490655,3.00534753002405,3.00344467593828,0.8355
"128",128,500,"intercept","strong","Cor.Unique","vgood",0.7,5,5,1,0.125,1,0.2025,0.18,1,1,0,2000,218,"sum_scaled",500,1943,0.0285,1.01731957584281,0.204136779215573,0.173867469650409,0.412045983201076,1.00116164408255,0.124601473942455,0.0173195758428065,0.00163677921557346,-0.00613253034959083,0.0120459832010757,0.00116164408254691,-0.000398526057544655,0.0173195758428065,0.00808286032381954,-0.0340696130532824,0.0301149580026892,0.00116164408254691,-0.00318820846035724,0.197427906593356,0.0377376804004279,0.0640954675303292,0.20281088008971,0.0624971332873735,0.0264385586559409,0.959341224909933,0.957797220792589,0.963458569222851,0.937210499227998,0.951106536284097,0.952650540401441,1,1,0.746268656716418,0.413793103448276,1,0.995882655687082,0.412045983201076,0.279242717479046,0.501124552563682,0.588344221251308,0.81965330682104,0.854728067650459,0.0191439183299038,0.0159896768805329,6.14228844823316,6,0.487180390188869,0.998913331834037,0.99983545398727,0.0132601314086035,0.0181070776215681,3.51520381948022,0.00188161288274241,0.0044445640889802,0.0174079862657346,0.00643364464695206,0.0478641276376737,2.00138818443473,2.00188472615945,1.99984895835069,2.00003543040229,1.99879194107331,2.12597963988024,2.12653983708721,2.15661234499884,2.15866937082628,2.15548738640373,2.25065149179809,2.25093508084848,2.37536570627078,2.37762969655174,2.37613236302498,2.37552875187365,2.37755402774849,2.65184199430077,2.65636642899838,2.65721173790106,2.49772774864768,2.49902772021059,2.99633662135755,2.99958769656869,2.99822068443415,0.9715
"129",129,800,"intercept","strong","Cor.Unique","vgood",0.7,5,5,1,0.125,1,0.2025,0.18,1,1,0,2000,218,"sum_scaled",800,1986,0.007,1.00417422135836,0.202614880298464,0.178628247149441,0.417419215053271,0.998987430562336,0.125365237377722,0.00417422135836232,0.000114880298463677,-0.00137175285055879,0.0174192150532714,-0.00101256943766429,0.000365237377722148,0.00417422135836232,0.000567310115870009,-0.00762084916977105,0.0435480376331785,-0.00101256943766429,0.00292189902177718,0.157834127392549,0.0314008265246336,0.0527833551921307,0.170076206801448,0.0494973608159275,0.0208282850653278,0.954179254783484,0.953172205438066,0.952668680765357,0.944612286002014,0.948640483383686,0.957200402819738,1,1,0.919436052366566,0.817724068479356,1,1,0.417419215053271,0.281147575276945,0.505077648381948,0.586519066087225,0.822865046561655,0.857570269277364,0.0143774993872165,0.0123073458663349,6.0170672197275,6,0.502282161278276,0.999346346073205,0.99999530625736,0.00982197277223541,0.0141400525846216,3.56362230900162,0.001204302774292,0.00281694009587236,0.0138393231417961,0.005157974399399,0.0599194360523666,1.99875041043428,1.99844700953417,1.99887178542484,1.99852384005408,1.99841444143689,2.12865924728043,2.12399213393072,2.15555668055933,2.15497160687845,2.15542852214278,2.25014210947891,2.24951510354254,2.37441965115079,2.37347389071133,2.37585120712193,2.3755976383914,2.37520921450235,2.65752563457457,2.65494504350364,2.65792014645659,2.49990476579175,2.50268814892907,2.99952941277504,3.00079553900734,3.00126860134995,0.993
"130",130,200,"intercept","strong","Cor.Unique","poor",0.3,5,5,1,0.125,1,0.2025,0.18,1,1,0,2000,218,"sum_scaled",200,1247,0.3765,1.49463050446478,0.27837130077063,0.00448956486245666,0.123237467362433,1.01052149028283,0.123566153235206,0.494630504464777,0.0758713007706304,-0.175510435137543,-0.276762532637567,0.010521490282831,-0.00143384676479408,0.494630504464777,0.374673090225335,-0.975057972986352,-0.691906331593918,0.010521490282831,-0.0114707741183526,0.846106476881788,0.13784721287954,0.271219865313282,0.452823007374875,0.155657328821291,0.0643656641803495,0.961507618283881,0.951082598235766,0.954290296712109,0.785084202085004,0.951082598235766,0.943865276663994,0.281475541299118,0.424218123496391,0.0104250200481155,0.057738572574178,1,0.482758620689655,0.123237467362433,0.254169322493577,0.445497051862051,0.340083138820464,0.650945032012834,0.691680290181498,0.0627923973573059,0.0639896606675317,6.05273633715544,6,0.494099775307792,0.992247385454197,1.00006886766078,0.0201730852350387,0.0316091451417783,3.42213444318476,0.0136058044948092,0.0331547088829482,0.0271106364563425,0.0100280300483236,0.0481154771451484,2.00355670787185,2.00246730780042,2.00561162376715,2.00248510815134,2.01509024781245,2.13160353073958,2.14774802404699,2.16761761972889,2.15229093807428,2.15264418104756,2.25240617385865,2.25748993125448,2.37572586627015,2.37861636144423,2.37906153310101,2.36813346078941,2.38639036351702,2.64125278354143,2.65897569678629,2.64368263521237,2.50726266102927,2.50150340226181,3.01619040684538,3.0013628853682,3.00789023285476,0.6235
"131",131,500,"intercept","strong","Cor.Unique","poor",0.3,5,5,1,0.125,1,0.2025,0.18,1,1,0,2000,218,"sum_scaled",500,1485,0.2575,1.2471648814456,0.233916489330814,0.0988614154952531,0.274048562599574,1.00148796785707,0.1242692962106,0.247164881445596,0.0314164893308136,-0.0811385845047469,-0.125951437400426,0.00148796785706816,-0.000730703789399598,0.247164881445596,0.155143157189203,-0.45076991391526,-0.314878593501065,0.00148796785706816,-0.00584563031519678,0.516642543141044,0.0827985041434391,0.162052515948296,0.352466549953645,0.0939335575088325,0.0402588404048843,0.96969696969697,0.967003367003367,0.962289562289562,0.858585858585859,0.961616161616162,0.942760942760943,0.538720538720539,0.707070707070707,0.00404040404040404,0.0154882154882155,1,0.876767676767677,0.274048562599574,0.268829810152246,0.468598338723502,0.301289210107332,0.675254296821788,0.713316543508569,0.0358115316054977,0.0332843831412735,6.07790118368954,6,0.493499615625062,0.996820237945387,0.999741740185745,0.0126836092705241,0.0201046063294294,3.48999217967288,0.00569708606255753,0.0134081614048689,0.017433973018343,0.00639550931787092,0.0552188552188552,2.00318174737694,2.00158570107384,2.00387935244982,2.00202203881698,2.00045933338313,2.12722896635348,2.12897500291146,2.1565549663467,2.16296635549821,2.15304866747756,2.25124999586575,2.25527757313052,2.36986414930838,2.37935912475642,2.3723791654901,2.37603011412684,2.38234254423808,2.64189310560024,2.65599497595591,2.65862965572319,2.4941271212047,2.49503522496126,2.99528632427405,3.00298084182805,3.00103313744816,0.7425
"132",132,800,"intercept","strong","Cor.Unique","poor",0.3,5,5,1,0.125,1,0.2025,0.18,1,1,0,2000,218,"sum_scaled",800,1608,0.196,1.14265439225707,0.224919423011666,0.127348306694736,0.329928306626606,0.998838668387544,0.125648168453468,0.14265439225707,0.0224194230116662,-0.0526516933052643,-0.0700716933733934,-0.00116133161245602,0.00064816845346848,0.14265439225707,0.110713200057611,-0.292509407251469,-0.175179233433484,-0.00116133161245602,0.00518534762774784,0.403317436946787,0.0676613444260932,0.129676301835775,0.315378631210253,0.0753923319066337,0.0316977638106328,0.970149253731343,0.972014925373134,0.962686567164179,0.883706467661692,0.95273631840796,0.953980099502488,0.709577114427861,0.886194029850746,0.0354477611940298,0.00621890547263682,1,0.978233830845771,0.329928306626606,0.274101370288798,0.490182487144516,0.292441074224511,0.680874766482167,0.719055812046203,0.0272025552320516,0.0239079665922275,6.03145853205949,6,0.500465235035558,0.998029724540963,0.999996758455385,0.0098924770498133,0.0158456249505709,3.57110062721211,0.00359150641086233,0.00849129714125544,0.0138746463204128,0.00514005715571134,0.0559701492537313,2.00216161198718,1.99476000596473,2.00156646921532,1.99660893210995,2.00045209089492,2.13657172951621,2.1220251547966,2.15425554153527,2.15243196936599,2.15385609420184,2.24654807854205,2.25104976944519,2.37026974984936,2.37119503257745,2.37442057625755,2.37655050355133,2.3753398543338,2.65991369888195,2.65187044858541,2.66114332330708,2.50244491994046,2.50466427901551,3.00030156298742,3.00037480431346,3.00603339187384,0.804
"133",133,200,"intercept","weak","Basic","vgood",0.7,5,5,1,0.125,1,0.2025,0.18,1,1,0,2000,218,"sum_scaled",200,1978,0.011,1.00233860962475,0.202396843276172,0.17879225981523,0.419769582982058,1.00404503704305,0.124844990505438,0.00233860962474635,-0.000103156723827585,-0.00120774018476999,0.0197695829820581,0.00404503704304736,-0.000155009494562251,0.00233860962474635,-0.000509415920136222,-0.00670966769316663,0.0494239574551453,0.00404503704304736,-0.00124007595649801,0.211230773104723,0.0383935010369639,0.0642757073773516,0.186977864108971,0.0984952740070127,0.0417895735692411,0.942366026289181,0.945399393326593,0.956521739130435,0.965116279069767,0.944388270980789,0.946410515672396,1,1,0.778058645096057,0.64206268958544,1,0.856420626895854,0.419769582982058,0.281266520201816,0.507426657008115,0.584857420981312,0.827772572957461,0.861947921224656,0.0249882229520206,0.0194597429049008,10.0496280631784,10,0.498421641031485,0.996445767569128,0.999965262739552,0.0180734445139161,0.0376987659760191,4.54702554073917,0.00608169101798438,0.00900091993261205,0.024131542717412,0.0118244366700462,0.0601617795753286,2.00542139076973,1.99936419558297,2.0068696576974,2.0051123961376,2.01005358284901,2.12815221755786,2.12933232922047,2.12471266453988,2.13249924934627,2.14645933241121,2.25291750870967,2.25070718758926,2.25526315505155,2.25140198318085,2.31736355938644,2.37634256744065,2.3759599932048,2.37544173327498,2.37863531377529,2.5160105602879,2.50422013999059,2.50941079183117,2.50436792385718,2.50370591650028,2.75322288559962,0.989
"134",134,500,"intercept","weak","Basic","vgood",0.7,5,5,1,0.125,1,0.2025,0.18,1,1,0,2000,218,"sum_scaled",500,1999,5e-04,1.00233780461653,0.201945774340949,0.179243947674732,0.407863999627389,1.00077388119416,0.124643477729744,0.00233780461653404,-0.000554225659051085,-0.000756052325268297,0.00786399962738858,0.000773881194164279,-0.000356522270256296,0.00233780461653404,-0.00273691683482017,-0.00420029069593498,0.0196599990684714,0.000773881194164279,-0.00285217816205037,0.138092240918617,0.0241781634967931,0.0422190564519226,0.119389126954829,0.0625875655169571,0.0261092220721915,0.939469734867434,0.946473236618309,0.948474237118559,0.95247623811906,0.943971985992996,0.946973486743372,1,1,0.988494247123562,0.977988994497249,1,0.996998499249625,0.407863999627389,0.278827417208421,0.501317900671748,0.587083491256777,0.832111394749299,0.865017073985265,0.0146292250826295,0.0118200420697279,10.1732439691328,10,0.490522501293306,0.998488826645662,0.999868516881155,0.0120624315028237,0.0241135638215171,4.63574840414956,0.0024772280097773,0.00364733633641601,0.0154662480784521,0.00748221753693123,0.0515257628814407,1.99938997735338,1.99868049675976,2.00144276906083,2.00029057870802,1.99976784031526,2.12657980454122,2.12693863400007,2.12415692914533,2.12383305506882,2.14170915117776,2.25060497100209,2.24973148378646,2.25213181296037,2.25145425952103,2.31459694732897,2.37393903288756,2.37499673043228,2.37199412444187,2.37457343835034,2.51701858074027,2.49914942632411,2.50090909774114,2.49577459929845,2.50075510776421,2.74827258643815,0.9995
"135",135,800,"intercept","weak","Basic","vgood",0.7,5,5,1,0.125,1,0.2025,0.18,1,1,0,2000,218,"sum_scaled",800,2000,0,0.998849918970609,0.202717582780035,0.179263400793055,0.404089928282233,0.999127842880908,0.125474392905903,-0.00115008102939126,0.000217582780034854,-0.000736599206944997,0.00408992828223286,-0.000872157119092172,0.000474392905903344,-0.00115008102939126,0.00107448286436965,-0.0040922178163611,0.0102248207055822,-0.000872157119092172,0.00379514324722675,0.105436297531013,0.0188966260543099,0.0326306716314678,0.0919761035764247,0.0489591673463266,0.0203817427223524,0.945,0.945,0.9545,0.9475,0.9435,0.9585,1,1,0.9995,0.999,1,1,0.404089928282233,0.279660604663995,0.504328141973491,0.588766096759414,0.833074029900173,0.865792309879753,0.0114918574157349,0.00924510635857575,10.0137794073364,10,0.497462178201156,0.999150123960093,1.00000118610395,0.00887595295133767,0.0188339975537919,4.42013316359028,0.00146820156618127,0.00217110373175173,0.0117617626605444,0.00558288640829307,0.048,1.99678495303726,2.00013439773532,1.99835043857525,1.99986361563565,1.99958641945526,2.12336146701394,2.12400786848679,2.12635906138378,2.12440148690176,2.14107628211549,2.25090263638531,2.24910881592693,2.25063215915686,2.24955601214497,2.31321859506482,2.37342271524276,2.37685688496872,2.37553662666336,2.37535877664813,2.5174294615348,2.50269614227889,2.50075936470677,2.50062229157641,2.49896174960713,2.75180699308074,1
"136",136,200,"intercept","weak","Basic","poor",0.3,5,5,1,0.125,1,0.2025,0.18,1,1,0,2000,218,"sum_scaled",200,1528,0.236,1.19141408222602,0.228454594914107,0.111655126291131,0.29064032237697,1.00398141917681,0.1234388132593,0.191414082226022,0.0259545949141068,-0.0683448737088689,-0.10935967762303,0.00398141917680644,-0.00156118674070035,0.191414082226022,0.128170839082009,-0.379693742827049,-0.273399194057574,0.00398141917680644,-0.0124894939256028,0.46407245458672,0.0793126359579828,0.146804963808002,0.335246640720131,0.146381287536969,0.0619508625845396,0.977748691099476,0.981675392670157,0.982329842931937,0.903141361256545,0.948952879581152,0.946335078534031,0.6282722513089,0.768979057591623,0.0176701570680628,0.00523560209424084,1,0.515052356020942,0.29064032237697,0.270533423245011,0.477773393698739,0.294122559669837,0.699295444039337,0.735063146571043,0.0436633935367833,0.037354375545801,10.1582835166669,10,0.492327692752786,0.986212524603026,0.999785787107272,0.0189863057923074,0.0446460721482756,4.67520599365298,0.0232444521628278,0.0351104339647925,0.0244508402299604,0.011556360570289,0.0569371727748691,2.00903836007217,1.99015914378293,2.01355235437631,2.00807527793392,2.02347609130942,2.12341970229137,2.12709790361013,2.11269921807999,2.13696863885677,2.14740438443266,2.25369243635222,2.24680325262701,2.26100340508625,2.24896880877073,2.32225793539983,2.37363112863758,2.37243871176431,2.37082338635256,2.38077721731615,2.51127330499229,2.50198586107871,2.5181642135602,2.5024464775019,2.5003831165418,2.74887759384247,0.764
"137",137,500,"intercept","weak","Basic","poor",0.3,5,5,1,0.125,1,0.2025,0.18,1,1,0,2000,218,"sum_scaled",500,1756,0.122,1.06794609097524,0.211615911882776,0.154028508708415,0.3789598990122,1.00022899327432,0.124893034679297,0.0679460909752382,0.0091159118827757,-0.0259714912915849,-0.0210401009877996,0.000228993274320183,-0.000106965320703236,0.0679460909752382,0.0450168488038306,-0.144286062731027,-0.052600252469499,0.000228993274320183,-0.000855722565625885,0.30479208913488,0.0517267965326627,0.0980904930257353,0.270742706467245,0.0922056852724174,0.0376260452025311,0.973234624145786,0.975512528473804,0.977220956719818,0.919703872437358,0.951025056947608,0.954441913439636,0.938496583143508,0.990318906605923,0.275626423690205,0.000569476082004556,1,0.908314350797267,0.3789598990122,0.277853929551496,0.498366538917209,0.279562732052411,0.708613030188321,0.74157876377709,0.0247811325719223,0.0229924667801021,10.0865495034671,10,0.495887169672361,0.994705487422038,0.999865804461305,0.0114313883764645,0.028254719584726,4.50442089639378,0.00904225310914567,0.0133067100257317,0.0152658050245456,0.00699636902249169,0.0523917995444191,1.99816784753753,1.995956520815,2.00456603967873,2.00097486419134,1.99934558019515,2.12909957446406,2.13021798302706,2.12154789629774,2.12053843753799,2.1431797097594,2.24989083710978,2.24716833047735,2.25464973601943,2.25253792064375,2.31704106595417,2.3710752385364,2.37437189649435,2.36501329962293,2.37305256922782,2.51935063420217,2.4997724030551,2.50525699060029,2.48925365842304,2.50477703081839,2.7470394467366,0.878
"138",138,800,"intercept","weak","Basic","poor",0.3,5,5,1,0.125,1,0.2025,0.18,1,1,0,2000,218,"sum_scaled",800,1865,0.0675,1.02248772093158,0.207344700223302,0.168351057712167,0.407630055317957,0.999512875265242,0.125727014015593,0.0224877209315778,0.00484470022330158,-0.0116489422878334,0.00763005531795711,-0.000487124734757972,0.000727014015593078,0.0224877209315778,0.0239244455471683,-0.0647163460435188,0.0190751382948928,-0.000487124734757972,0.00581611212474463,0.242171550821529,0.0421848144404913,0.0792913501186643,0.237265896227922,0.0724151786522102,0.0296209272356713,0.968364611260054,0.966219839142091,0.975871313672922,0.93887399463807,0.954423592493298,0.961394101876676,0.993565683646113,0.999463806970509,0.498123324396783,0.020911528150134,1,0.99088471849866,0.407630055317957,0.280721732638674,0.508285132818231,0.275727583279887,0.71034538068856,0.74311733939984,0.0194946297336956,0.0172485474122875,10.0458911868436,10,0.496279420606543,0.99677402884304,0.999994398151414,0.0090762307762818,0.0222533805678146,4.46254847431221,0.00549575882262124,0.00819746456483245,0.0118520803917978,0.0054908684306413,0.0514745308310992,1.9912177867174,2.00165741908088,1.99609713089537,2.0008134387122,1.99994946677754,2.12005947649811,2.12207419665147,2.12940245302614,2.12330103629629,2.14219806407292,2.25373634655398,2.24814532242915,2.25289331641547,2.24953915470033,2.3156627219986,2.36977164910307,2.38047535453625,2.37636034068314,2.3758060133417,2.52093695987633,2.5063273125788,2.50029071617391,2.49986348323922,2.49468786481704,2.75355599029057,0.9325
"139",139,200,"intercept","weak","Cor.Unique","vgood",0.7,5,5,1,0.125,1,0.2025,0.18,1,1,0,2000,218,"sum_scaled",200,1671,0.1645,1.04928607893336,0.208135975683512,0.160927714725038,0.395119562082223,1.00439988649383,0.125580843935518,0.0492860789333621,0.00563597568351157,-0.0190722852749625,-0.00488043791777653,0.00439988649383113,0.00058084393551793,0.0492860789333621,0.0278319786840078,-0.105957140416458,-0.0122010947944413,0.00439988649383113,0.00464675148414344,0.290610878557536,0.0527803056014434,0.0910995914252057,0.258288706136954,0.0998293780333016,0.0420500916330262,0.973070017953321,0.982046678635548,0.974266906044285,0.925194494314782,0.941352483542789,0.947935368043088,0.96229802513465,0.965290245362059,0.323758228605625,0,1,0.857570317175344,0.395119562082223,0.282457222382836,0.505987808430814,0.590764803898383,0.811155821781048,0.84805687676051,0.030264549355749,0.0257201203223842,5.99040707059385,6,0.499158473692274,0.997453073579038,1.00009224574237,0.0197753398495886,0.0283480583244901,3.42099885313188,0.00447879303525023,0.010871510631081,0.0269886689767234,0.0104533228070858,0.0394973070017953,2.00323994812845,2.00544268472246,2.00119072688257,2.00464611493153,2.00469325564119,2.13077791162939,2.1359577001151,2.13230641876937,2.12738901642994,2.14312735067034,2.25292753810582,2.25200634845682,2.25509694843149,2.25156583574112,2.31820574822738,2.37457869934792,2.38043623186583,2.37197005827209,2.37765626595982,2.5133746502647,2.50549043197573,2.50619489421432,2.50564628490655,2.50534753002405,2.75344467593828,0.8355
"140",140,500,"intercept","weak","Cor.Unique","vgood",0.7,5,5,1,0.125,1,0.2025,0.18,1,1,0,2000,218,"sum_scaled",500,1943,0.0285,1.01731957584312,0.204136779215642,0.173867469650286,0.412045983200318,1.00116164408255,0.124601473942454,0.0173195758431247,0.00163677921564153,-0.00613253034971388,0.0120459832003179,0.0011616440825463,-0.000398526057545822,0.0173195758431247,0.00808286032415571,-0.034069613053966,0.0301149580007947,0.0011616440825463,-0.00318820846036657,0.197427906593182,0.0377376804002761,0.0640954675301672,0.202810880088164,0.062497133287373,0.026438558655939,0.959341224909933,0.957797220792589,0.963458569222851,0.937210499227998,0.951106536284097,0.952650540401441,1,1,0.746268656716418,0.413793103448276,1,0.995882655687082,0.412045983200318,0.279242717478902,0.50112455256355,0.588344221251488,0.819653306821118,0.854728067650574,0.0191439183298489,0.0159896768802222,6.14228844823316,6,0.48718039018887,0.998913331834037,0.99983545398727,0.0132601314086035,0.0181070776215684,3.51520381948022,0.0018816128827424,0.00444456408898019,0.0174079862657345,0.00643364464695224,0.0478641276376737,2.00138818443473,2.00188472615945,1.99984895835069,2.00003543040229,1.99879194107331,2.12597963988024,2.12653983708721,2.12536234499884,2.12741937082628,2.13986238640373,2.25065149179809,2.25093508084848,2.25036570627078,2.25262969655174,2.31363236302498,2.37552875187365,2.37755402774849,2.37059199430077,2.37511642899838,2.51658673790106,2.49772774864768,2.49902772021059,2.49633662135755,2.49958769656869,2.74822068443415,0.9715
"141",141,800,"intercept","weak","Cor.Unique","vgood",0.7,5,5,1,0.125,1,0.2025,0.18,1,1,0,2000,218,"sum_scaled",800,1986,0.007,1.00417422135836,0.202614880298464,0.178628247149441,0.417419215053271,0.998987430562336,0.125365237377722,0.00417422135836232,0.000114880298463676,-0.00137175285055879,0.0174192150532714,-0.00101256943766429,0.000365237377722148,0.00417422135836232,0.000567310115870007,-0.00762084916977105,0.0435480376331785,-0.00101256943766429,0.00292189902177718,0.157834127392549,0.0314008265246336,0.0527833551921307,0.170076206801448,0.0494973608159275,0.0208282850653278,0.954179254783484,0.953172205438066,0.952668680765357,0.944612286002014,0.948640483383686,0.957200402819738,1,1,0.919436052366566,0.817724068479356,1,1,0.417419215053271,0.281147575276945,0.505077648381948,0.586519066087225,0.822865046561655,0.857570269277364,0.0143774993872165,0.0123073458663349,6.0170672197275,6,0.502282161278276,0.999346346073205,0.99999530625736,0.00982197277223542,0.0141400525846216,3.56362230900165,0.00120430277429201,0.00281694009587238,0.0138393231417962,0.005157974399399,0.0599194360523666,1.99875041043428,1.99844700953417,1.99887178542484,1.99852384005408,1.99841444143689,2.12865924728043,2.12399213393072,2.12430668055933,2.12372160687845,2.13980352214278,2.25014210947891,2.24951510354254,2.24941965115079,2.24847389071133,2.31335120712193,2.3755976383914,2.37520921450235,2.37627563457457,2.37369504350364,2.51729514645659,2.49990476579175,2.50268814892907,2.49952941277504,2.50079553900734,2.75126860134995,0.993
"142",142,200,"intercept","weak","Cor.Unique","poor",0.3,5,5,1,0.125,1,0.2025,0.18,1,1,0,2000,218,"sum_scaled",200,1247,0.3765,1.49463050433879,0.278371300723465,0.00448956493978216,0.123237467450155,1.0105214903279,0.123566153230365,0.49463050433879,0.0758713007234651,-0.175510435060218,-0.276762532549845,0.010521490327901,-0.00143384676963515,0.49463050433879,0.37467308999242,-0.975057972556766,-0.691906331374612,0.010521490327901,-0.0114707741570812,0.846106476718784,0.137847212839395,0.271219865258943,0.452823007295011,0.155657328790408,0.0643656641848794,0.961507618283881,0.951082598235766,0.954290296712109,0.785084202085004,0.951082598235766,0.943865276663994,0.281475541299118,0.424218123496391,0.0104250200481155,0.057738572574178,1,0.482758620689655,0.123237467450155,0.254169322501577,0.445497051857848,0.340083138785826,0.6509450320291,0.691680290191475,0.0627923973781749,0.0639896606743245,6.05273633715544,6,0.494099775307792,0.992247385454197,1.00006886766078,0.0201730852350387,0.0316091451416202,3.42213444318477,0.0136058044948092,0.0331547088829482,0.0271106364563425,0.0100280300484384,0.0481154771451484,2.00355670787185,2.00246730780042,2.00561162376715,2.00248510815134,2.01509024781245,2.13160353073958,2.14774802404699,2.13636761972889,2.12104093807428,2.13701918104756,2.25240617385865,2.25748993125448,2.25072586627015,2.25361636144423,2.31656153310101,2.36813346078941,2.38639036351702,2.36000278354143,2.37772569678629,2.50305763521237,2.50726266102927,2.50150340226181,2.51619040684538,2.5013628853682,2.75789023285476,0.6235
"143",143,500,"intercept","weak","Cor.Unique","poor",0.3,5,5,1,0.125,1,0.2025,0.18,1,1,0,2000,218,"sum_scaled",500,1485,0.2575,1.24716488209266,0.233916489410191,0.0988614152716973,0.27404856190589,1.00148796791995,0.124269296199446,0.247164882092665,0.031416489410191,-0.0811385847283027,-0.12595143809411,0.0014879679199477,-0.00073070380055386,0.247164882092665,0.15514315758119,-0.450769915157237,-0.314878595235276,0.0014879679199477,-0.00584563040443088,0.516642543546385,0.0827985041947831,0.16205251612646,0.352466549671627,0.0939335574794905,0.0402588403937549,0.96969696969697,0.967003367003367,0.962289562289562,0.858585858585859,0.961616161616162,0.942760942760943,0.538720538720539,0.707070707070707,0.00404040404040404,0.0154882154882155,1,0.876767676767677,0.27404856190589,0.268829810079988,0.468598338469265,0.301289210182917,0.675254296839264,0.713316543485271,0.0358115316220892,0.0332843832137755,6.07790118368954,6,0.493499615625063,0.996820237945387,0.999741740185745,0.0126836092705242,0.0201046063286713,3.48999217967288,0.00569708606255753,0.0134081614048689,0.0174339730183431,0.00639550931864428,0.0552188552188552,2.00318174737694,2.00158570107384,2.00387935244982,2.00202203881698,2.00045933338313,2.12722896635348,2.12897500291146,2.1253049663467,2.13171635549821,2.13742366747756,2.25124999586575,2.25527757313052,2.24486414930838,2.25435912475642,2.3098791654901,2.37603011412684,2.38234254423808,2.36064310560024,2.37474497595591,2.51800465572319,2.4941271212047,2.49503522496126,2.49528632427405,2.50298084182805,2.75103313744816,0.7425
"144",144,800,"intercept","weak","Cor.Unique","poor",0.3,5,5,1,0.125,1,0.2025,0.18,1,1,0,2000,218,"sum_scaled",800,1608,0.196,1.14265439264232,0.224919423082583,0.127348306553252,0.329928306386285,0.998838668452584,0.125648168435783,0.14265439264232,0.0224194230825826,-0.0526516934467484,-0.0700716936137146,-0.00116133154741654,0.000648168435782865,0.14265439264232,0.110713200407815,-0.292509408037491,-0.175179234034286,-0.00116133154741654,0.00518534748626292,0.403317437606904,0.0676613444312576,0.129676301960452,0.315378631576629,0.075392331987975,0.0316977638472834,0.970149253731343,0.972014925373134,0.962686567164179,0.883706467661692,0.95273631840796,0.953980099502488,0.709577114427861,0.886194029850746,0.0354477611940298,0.00621890547263682,1,0.978233830845771,0.329928306386285,0.27410137020164,0.490182487050426,0.292441074305211,0.680874766443997,0.719055812017542,0.027202555224518,0.0239079665953568,6.03145853205947,6,0.50046523503556,0.998029724540963,0.999996758455385,0.00989247704981318,0.0158456249517698,3.57110062721212,0.00359150641086234,0.00849129714125545,0.0138746463204129,0.00514005715574441,0.0559701492537313,2.00216161198718,1.99476000596473,2.00156646921532,1.99660893210995,2.00045209089492,2.13657172951621,2.1220251547966,2.12300554153527,2.12118196936599,2.13823109420184,2.24654807854205,2.25104976944519,2.24526974984936,2.24619503257745,2.31192057625755,2.37655050355133,2.3753398543338,2.37866369888195,2.37062044858541,2.52051832330708,2.50244491994046,2.50466427901551,2.50030156298742,2.50037480431346,2.75603339187384,0.804
"145",145,200,"loading","strong","Basic","vgood",0.7,5,5,1,0.125,1,0.2025,0.18,1,1,0,2000,218,"sum_scaled",200,1982,0.009,1.00138319216613,0.202245386947241,0.179074234083407,0.42024974241371,1.00394464400392,0.124843105945802,0.00138319216612575,-0.000254613052758852,-0.000925765916593243,0.0202497424137101,0.00394464400391532,-0.00015689405419829,0.00138319216612575,-0.00125734840868569,-0.00514314398107357,0.0506243560342752,0.00394464400391532,-0.00125515243358632,0.2101657937182,0.037795101584586,0.063571885736052,0.18532059579108,0.0982483966565935,0.0414206030093058,0.940464177598386,0.943995963673057,0.954591321897074,0.962663975782038,0.945509586276488,0.945005045408678,1,1,0.791120080726539,0.664984863773966,1,0.860242179616549,0.42024974241371,0.281230234782141,0.507500399880567,0.593709559326771,0.828622613459821,0.867031089251252,0.024909641061655,0.0187877884988801,10.0407431441368,10,0.499138436014036,0.996567345145533,0.999983663928754,0.01803852095651,0.0374794877693358,4.54752047593552,0.00586677520328992,0.00869546688869574,0.0241459584172838,0.0118684512178371,0.0605449041372351,2.00542139076973,1.99936419558297,2.0068696576974,2.0051123961376,2.01005358284901,2.12815221755786,2.12933232922047,2.14590743737423,2.15369402218062,2.15202910524557,2.25291750870967,2.25070718758926,2.34920451219015,2.34534334031944,2.34880491652504,2.37634256744065,2.3759599932048,2.60791569323761,2.61110927373793,2.60785952025053,2.50422013999059,2.50941079183117,2.95595061164747,2.95528860429057,2.95480557338991,0.991
"146",146,500,"loading","strong","Basic","vgood",0.7,5,5,1,0.125,1,0.2025,0.18,1,1,0,2000,218,"sum_scaled",500,2000,0,1.00231713488624,0.201949923064153,0.179255224824939,0.407578368453757,1.00079921609245,0.12463017510004,0.0023171348862416,-0.000550076935846759,-0.000744775175060756,0.0075783684537569,0.000799216092448458,-0.000369824899959787,0.0023171348862416,-0.0027164293128235,-0.00413763986144865,0.0189459211343923,0.000799216092448458,-0.0029585991996783,0.1370833322232,0.0237337387544422,0.041653580289642,0.117688072127272,0.0623787928476537,0.0258806501869637,0.939,0.947,0.948,0.9505,0.9445,0.9465,1,1,0.9905,0.982,1,0.997,0.407578368453757,0.278744096776835,0.50120514463296,0.59616288976107,0.832981202293513,0.870038672878548,0.0145290794425028,0.0114339705716141,10.1700179254967,10,0.490542005092963,0.99854352538344,0.999875343291668,0.0120606657313497,0.0239771778354666,4.63122664394105,0.00239060923350904,0.00351996790791472,0.0154354108356889,0.00750117004970909,0.052,1.99938997735338,1.99868049675976,2.00144276906083,2.00029057870802,1.99976784031526,2.12657980454122,2.12693863400007,2.14525798135154,2.14493410727504,2.14718520338398,2.25060497100209,2.24973148378646,2.34595248785184,2.34527493441249,2.34591762222044,2.37393903288756,2.37499673043228,2.60407463349728,2.60665394740575,2.60847408979569,2.49914942632411,2.50090909774114,2.94543113787781,2.95041164634357,2.94792912501751,1
"147",147,800,"loading","strong","Basic","vgood",0.7,5,5,1,0.125,1,0.2025,0.18,1,1,0,2000,218,"sum_scaled",800,2000,0,0.998848870127838,0.202721423616838,0.17927336376822,0.403875810334877,0.999126823705422,0.1254681720052,-0.00115112987216229,0.000221423616838138,-0.000726636231779842,0.00387581033487659,-0.000873176294578228,0.000468172005199939,-0.00115112987216229,0.00109344995969451,-0.00403686795433246,0.00968952583719147,-0.000873176294578228,0.00374537604159951,0.104600723517344,0.0185260237277648,0.0321354339438457,0.0902298015534969,0.0487818747651071,0.0201744528278035,0.9435,0.9445,0.958,0.946,0.9465,0.9595,1,1,0.9995,0.9995,1,1,0.403875810334877,0.2796066204745,0.504274377663216,0.597807674724659,0.833931883766689,0.870840506293788,0.0114316925460976,0.00892009545613781,10.0157385618428,10,0.497481764275273,0.999178558479479,1.0000002411581,0.00885892665111634,0.0187406459628781,4.42464200695844,0.00142250043116331,0.00210026463321485,0.0117761356958019,0.00559946983958311,0.047,1.99678495303726,2.00013439773532,1.99835043857525,1.99986361563565,1.99958641945526,2.12336146701394,2.12400786848679,2.14745133662096,2.14549376213894,2.14654355735267,2.25090263638531,2.24910881592693,2.34434945733414,2.34327331032224,2.34443589324209,2.37342271524276,2.37685688496872,2.60759276720535,2.60741491719013,2.60886060207679,2.50269614227889,2.50075936470677,2.95091651865259,2.94925597668331,2.95210122015692,1
"148",148,200,"loading","strong","Basic","poor",0.3,5,5,1,0.125,1,0.2025,0.18,1,1,0,2000,218,"sum_scaled",200,1565,0.2175,1.17612401735547,0.224407161085376,0.120272200419741,0.30844311624966,1.0036150015691,0.123690463325625,0.176124017355473,0.0219071610853765,-0.0597277995802591,-0.0915568837503401,0.00361500156909952,-0.0013095366743747,0.176124017355473,0.108183511532723,-0.331821108779217,-0.22889220937585,0.00361500156909952,-0.0104762933949976,0.448614339353504,0.0737232307610723,0.138566551913314,0.326443453277245,0.143620659957809,0.059123481672476,0.978913738019169,0.9814696485623,0.982747603833866,0.907348242811502,0.951437699680511,0.945686900958466,0.65111821086262,0.837060702875399,0.0376996805111821,0.00447284345047923,1,0.559744408945687,0.30844311624966,0.272131340625628,0.481258955816491,0.311049871132729,0.70905573559807,0.759999143064754,0.042490337089738,0.0337939909392619,10.1926860264426,10,0.491007718829726,0.988046433579456,0.999527028281123,0.0191343961694354,0.0444867742616677,4.70688804424296,0.0200714083855764,0.0300334924881529,0.0246089769179209,0.0117051567538993,0.0619808306709265,2.00903836007217,1.99015914378293,2.01355235437631,2.00807527793392,2.02347609130942,2.12341970229137,2.12709790361013,2.13389399091434,2.15816341169112,2.15297415726701,2.25369243635222,2.24680325262701,2.35494476222485,2.34291016590932,2.35369929253843,2.37363112863758,2.37243871176431,2.6032973463152,2.61325117727879,2.60312226495493,2.50198586107871,2.5181642135602,2.95402916529219,2.95196580433209,2.95046028163276,0.7825
"149",149,500,"loading","strong","Basic","poor",0.3,5,5,1,0.125,1,0.2025,0.18,1,1,0,2000,218,"sum_scaled",500,1789,0.1055,1.05843174238595,0.209827599477194,0.15831831440353,0.387996652523739,1.00060604637777,0.124700806493487,0.058431742385951,0.00732759947719366,-0.0216816855964704,-0.0120033474762611,0.000606046377768758,-0.000299193506513082,0.058431742385951,0.036185676430586,-0.12045380886928,-0.0300083686906528,0.000606046377768758,-0.00239354805210466,0.297295032772172,0.0481331331428588,0.0931035619476776,0.263467346315629,0.0913807247663196,0.0360935604263511,0.97261039686976,0.973169368362214,0.976523197316937,0.924538848518726,0.95248742314142,0.950251537171604,0.951928451648966,0.997764114030185,0.32811626607043,0.000558971492453885,1,0.927892677473449,0.387996652523739,0.277666423672506,0.499363392024691,0.297890416306757,0.717903677455668,0.765589087672446,0.0241593663963312,0.0208470518187308,10.0932607643412,10,0.495671743305232,0.995437680162607,0.999850377964706,0.0114476094826728,0.0281214376031487,4.50941905517495,0.00774931821970176,0.0113888121103536,0.0153106266882581,0.00708033470521845,0.0553381777529346,1.99816784753753,1.995956520815,2.00456603967873,2.00097486419134,1.99934558019515,2.12909957446406,2.13021798302706,2.14264894850396,2.14163948974421,2.14865576196562,2.24989083710978,2.24716833047735,2.3484704109109,2.34635859553521,2.34836174084563,2.3710752385364,2.37437189649435,2.59709380867834,2.60513307828324,2.61080614325759,2.4997724030551,2.50525699060029,2.93891019700239,2.95443356939775,2.94669598531596,0.8945
"150",150,800,"loading","strong","Basic","poor",0.3,5,5,1,0.125,1,0.2025,0.18,1,1,0,2000,218,"sum_scaled",800,1886,0.057,1.01764016258655,0.206536658236448,0.170404442429884,0.410710218992994,0.999389974805203,0.125657094657694,0.0176401625865482,0.00403665823644813,-0.00959555757011562,0.0107102189929936,-0.000610025194796781,0.000657094657694429,0.0176401625865482,0.019934114747892,-0.053308653167309,0.0267755474824839,-0.000610025194796781,0.00525675726155543,0.236615700939081,0.0391725726205602,0.0755377820104354,0.229338318418902,0.071854972542672,0.0282926727053483,0.967656415694592,0.965535524920467,0.974019088016967,0.940615058324496,0.952810180275716,0.960763520678685,0.994697773064687,1,0.55779427359491,0.0689289501590668,1,0.992576882290562,0.410710218992994,0.28046243609101,0.508829400182772,0.294861361190408,0.71963370799795,0.767007300049994,0.0190579522053799,0.0157677170939771,10.0247150212597,10,0.497707596380708,0.997261617775,1.00002264539872,0.00900825719037335,0.0221226653592849,4.4465855352091,0.00468719406780874,0.00699098780867931,0.0118119043202288,0.00553406285100903,0.0503711558854719,1.9912177867174,2.00165741908088,1.99609713089537,2.0008134387122,1.99994946677754,2.12005947649811,2.12207419665147,2.15049472826333,2.14439331153347,2.1476653393101,2.25373634655398,2.24814532242915,2.34661061459274,2.34325645287761,2.34688002017588,2.36977164910307,2.38047535453625,2.60841648122514,2.60786215388369,2.61236810041833,2.5063273125788,2.50029071617391,2.95015771031539,2.94498209189322,2.95385021736675,0.943
"151",151,200,"loading","strong","Cor.Unique","vgood",0.7,5,5,1,0.125,1,0.2025,0.18,1,1,0,2000,218,"sum_scaled",200,1657,0.1715,1.0442320094958,0.206459982632962,0.163508503476204,0.401516082760724,1.00368657290072,0.125543188126639,0.0442320094957958,0.00395998263296223,-0.0164914965237961,0.00151608276072433,0.00368657290072251,0.000543188126639035,0.0442320094957958,0.0195554697924061,-0.0916194251322007,0.00379020690181083,0.00368657290072251,0.00434550501311228,0.285725670608032,0.0513715992741808,0.0889660313525945,0.25496024521652,0.0992480705620263,0.0417679553552356,0.971635485817743,0.984308992154496,0.973445986722993,0.931200965600483,0.942063971031985,0.944477972238986,0.966203983101992,0.972842486421243,0.352444176222088,0.00181050090525045,1,0.865419432709716,0.401516082760724,0.283253498947148,0.506767557750572,0.597038293208377,0.812466988602779,0.854193678442315,0.0302089079696256,0.0248086488296911,6.00168185998565,6,0.498010717746169,0.997513824114146,1.00005915705311,0.0198652829745256,0.0282323785447557,3.41993464446081,0.00433528951304056,0.0105499072060271,0.0270419459159529,0.0104877335749614,0.0392275196137598,2.00323994812845,2.00544268472246,2.00119072688257,2.00464611493153,2.00469325564119,2.13077791162939,2.1359577001151,2.15350119160372,2.14858378926429,2.14869712350469,2.25292753810582,2.25200634845682,2.34903830557008,2.34550719287971,2.34964710536598,2.37457869934792,2.38043623186583,2.60444401823473,2.61013022592246,2.60522361022733,2.50549043197573,2.50619489421432,2.95722897269684,2.95693021781434,2.95502736372857,0.8285
"152",152,500,"loading","strong","Cor.Unique","vgood",0.7,5,5,1,0.125,1,0.2025,0.18,1,1,0,2000,218,"sum_scaled",500,1944,0.028,1.01533299683105,0.20366482273514,0.174737239733286,0.413583911278214,1.00120162416315,0.124609202690495,0.0153329968310511,0.00116482273513984,-0.00526276026671399,0.0135839112782136,0.00120162416315384,-0.000390797309504523,0.0153329968310511,0.00575221103772759,-0.0292375570372999,0.0339597781955341,0.00120162416315384,-0.00312637847603619,0.193592162577707,0.036966037950063,0.0628590966447534,0.199510566352722,0.0622468542654323,0.026155827051987,0.957304526748971,0.957304526748971,0.96141975308642,0.941358024691358,0.950102880658436,0.95216049382716,1,1,0.763888888888889,0.469650205761317,1,0.996913580246914,0.413583911278214,0.279476546618143,0.501376395328909,0.596621114726079,0.820939906359482,0.860577567063529,0.018887044759964,0.015509042293108,6.13805335512189,6,0.487755393889794,0.998945346167849,0.999845381590208,0.0132347631479279,0.0180494272405578,3.51563084726489,0.00182647314174438,0.0043142856505056,0.0174226668581591,0.00645376086184855,0.0478395061728395,2.00138818443473,2.00188472615945,1.99984895835069,2.00003543040229,1.99879194107331,2.12597963988024,2.12653983708721,2.14646339720505,2.1485204230325,2.14533843860994,2.25065149179809,2.25093508084848,2.34418638116225,2.34645037144321,2.34495303791645,2.37552875187365,2.37755402774849,2.60267250335619,2.60719693805379,2.60804224695648,2.49772774864768,2.49902772021059,2.9459931599369,2.94924423514805,2.94787722301351,0.972
"153",153,800,"loading","strong","Cor.Unique","vgood",0.7,5,5,1,0.125,1,0.2025,0.18,1,1,0,2000,218,"sum_scaled",800,1987,0.0065,1.0038397941695,0.202481245034939,0.178778627166996,0.41703971548019,0.998988026206574,0.125386280825677,0.0038397941694952,-1.87549650609261e-05,-0.00122137283300395,0.01703971548019,-0.00101197379342595,0.000386280825676986,0.0038397941694952,-9.26171114119806e-05,-0.00678540462779972,0.042599288700475,-0.00101197379342595,0.00309024660541589,0.154900407565995,0.0309010193275489,0.0515702503319059,0.166194214361586,0.0493349276811444,0.0205983811079756,0.950176144942124,0.950679416205335,0.953195772521389,0.945143432310015,0.94816305988928,0.957221942627076,1,1,0.933064921992954,0.847508807247106,1,1,0.41703971548019,0.281215559215905,0.505108292030645,0.595367999349385,0.824082261883144,0.863366836746672,0.0143241263540745,0.0119473003566816,6.01593983130815,6,0.502114903455548,0.999366300335555,0.999996318169381,0.00984451761624526,0.0140993791215809,3.55612230710728,0.00116470455036708,0.00272818316767915,0.0138102304360249,0.00517472081045822,0.0578761952692501,1.99875041043428,1.99844700953417,1.99887178542484,1.99852384005408,1.99841444143689,2.12865924728043,2.12399213393072,2.14539895579652,2.14481388211564,2.14527079737996,2.25014210947891,2.24951510354254,2.34313694932807,2.3421911888886,2.34456850529921,2.3755976383914,2.37520921450235,2.60833177511656,2.60575118404564,2.60872628699859,2.49990476579175,2.50268814892907,2.94982363985122,2.95108976608352,2.95156282842613,0.9935
"154",154,200,"loading","strong","Cor.Unique","poor",0.3,5,5,1,0.125,1,0.2025,0.18,1,1,0,2000,218,"sum_scaled",200,1283,0.3585,1.43823112391314,0.268081137325609,0.0268791508833808,0.160583191153503,1.00966943241549,0.123627151717704,0.438231123913138,0.0655811373256093,-0.153120849116619,-0.239416808846497,0.00966943241548795,-0.00137284828229595,0.438231123913138,0.323857468274614,-0.850671383981218,-0.598542022116243,0.00966943241548795,-0.0109827862583676,0.786142838521793,0.126299288642176,0.247616226312361,0.434080610757884,0.153911594481948,0.0612993352779639,0.963367108339829,0.957131722525331,0.958690568978956,0.803585346843336,0.94933749025721,0.944660950896337,0.298519095869057,0.46921278254092,0.00779423226812159,0.0483242400623539,1,0.527669524551832,0.160583191153503,0.2572010918612,0.455195765861189,0.35322272225225,0.664373621941506,0.724046001354389,0.0612678612171956,0.0557319782928102,6.04307028398874,6,0.495447170753473,0.993091762855987,1.00005864497506,0.0201213037598592,0.0314412065363086,3.4326885449311,0.0121874938103655,0.0295401817757034,0.0271628654305127,0.0101693372034678,0.0483242400623539,2.00355670787185,2.00246730780042,2.00561162376715,2.00248510815134,2.01509024781245,2.13160353073958,2.14774802404699,2.15756239256324,2.14223571090863,2.14258895388192,2.25240617385865,2.25748993125448,2.34466722340875,2.34755771858283,2.3480028902396,2.36813346078941,2.38639036351702,2.59247674350406,2.61019965674893,2.594906595175,2.50726266102927,2.50150340226181,2.96777309463567,2.95294557315848,2.95947292064505,0.6415
"155",155,500,"loading","strong","Cor.Unique","poor",0.3,5,5,1,0.125,1,0.2025,0.18,1,1,0,2000,218,"sum_scaled",500,1519,0.2405,1.2193182565969,0.229403037128055,0.109503802334558,0.292157518559525,1.00236901460667,0.124151184450586,0.219318256596899,0.0269030371280552,-0.0704961976654417,-0.107842481440475,0.00236901460667237,-0.00084881554941428,0.219318256596899,0.132854504336075,-0.391645542585787,-0.269606203601186,0.00236901460667237,-0.00679052439531424,0.483621726610623,0.0764652154574128,0.149096032317639,0.336458218259974,0.092956592432919,0.0383537485576502,0.972350230414747,0.969716919025675,0.963791968400263,0.871626069782752,0.962475312705728,0.943383805134957,0.581961816984858,0.772218564845293,0.0065832784726794,0.00855826201448321,1,0.900592495062541,0.292157518559525,0.269668825279432,0.471899204158311,0.317970922220103,0.687507663417427,0.741883678150329,0.0344598235989855,0.0293035515476996,6.0927667529086,6,0.491549712437104,0.997162846406105,0.999717210361782,0.0128375984829927,0.0200473449912301,3.47977994627941,0.00503072937797045,0.011857499495471,0.0173862486104202,0.00641438158052888,0.054641211323239,2.00318174737694,2.00158570107384,2.00387935244982,2.00202203881698,2.00045933338313,2.12722896635348,2.12897500291146,2.14640601855292,2.15281740770443,2.14289971968378,2.25124999586575,2.25527757313052,2.33868482419984,2.34817979964789,2.34119984038157,2.37603011412684,2.38234254423808,2.59272361465565,2.60682548501133,2.6094601647786,2.4941271212047,2.49503522496126,2.94494286285341,2.9526373804074,2.95068967602752,0.7595
"156",156,800,"loading","strong","Cor.Unique","poor",0.3,5,5,1,0.125,1,0.2025,0.18,1,1,0,2000,218,"sum_scaled",800,1651,0.1745,1.11957833914258,0.221167039868752,0.135764674046918,0.346671744390001,0.998799759795174,0.125552815774115,0.119578339142585,0.0186670398687517,-0.0442353259530825,-0.0533282556099987,-0.00120024020482568,0.00055281577411471,0.119578339142585,0.092182912932107,-0.245751810850458,-0.133320639024997,-0.00120024020482568,0.00442252619291768,0.37874487045176,0.0627629345539253,0.119263490665983,0.302860504506943,0.0746883039582011,0.0302602041611688,0.970321017565112,0.97213809812235,0.960629921259842,0.892792247122956,0.950333131435494,0.959418534221684,0.760751059963658,0.929133858267717,0.0817686250757117,0.00423985463355542,1,0.988491823137492,0.346671744390001,0.275215445354846,0.493785743453503,0.309320006977789,0.69275652466967,0.746650519150597,0.0262319165276285,0.021069870968132,6.0282483505999,6,0.499793140822696,0.99826456308214,0.999997795460208,0.00984785087777657,0.0157833139117602,3.54918819483905,0.00316909104955917,0.00749148516420781,0.0138136467418878,0.00516350295908407,0.0557238037552998,2.00216161198718,1.99476000596473,2.00156646921532,1.99660893210995,2.00045209089492,2.13657172951621,2.1220251547966,2.14409781677245,2.14227424460317,2.14369836943902,2.24654807854205,2.25104976944519,2.33898704802664,2.33991233075473,2.34313787443483,2.37655050355133,2.3753398543338,2.61071983942394,2.6026765891274,2.61194946384907,2.50244491994046,2.50466427901551,2.9505957900636,2.95066903138964,2.95632761895002,0.8255
"157",157,200,"loading","weak","Basic","vgood",0.7,5,5,1,0.125,1,0.2025,0.18,1,1,0,2000,218,"sum_scaled",200,1979,0.0105,1.00205387098252,0.202366631018909,0.178852223655503,0.41992902148337,1.00408248377744,0.124797356415126,0.00205387098252281,-0.000133368981090922,-0.00114777634449715,0.0199290214833701,0.00408248377744023,-0.00020264358487412,0.00205387098252281,-0.000658612252300848,-0.00637653524720642,0.0498225537084254,0.00408248377744023,-0.00162114867899296,0.211178194873409,0.0382674693665798,0.0641331040906116,0.186762523376616,0.0984473844932885,0.0417724492963218,0.941384537645275,0.945932289034866,0.956543708943911,0.964628600303183,0.944416371905002,0.945932289034866,1,1,0.781202627589692,0.64578069732188,1,0.856493178372916,0.41992902148337,0.281136598944095,0.507221360792853,0.586540960694634,0.827896086627623,0.862942021114258,0.0250314246868039,0.0193248382184476,10.0482020703125,10,0.498531458922556,0.996469802273622,0.999968460568913,0.0180626156773431,0.037665225698736,4.54650981265459,0.00604056746736841,0.00894129184286832,0.0241337029320372,0.0118337430415096,0.0606366851945427,2.00542139076973,1.99936419558297,2.0068696576974,2.0051123961376,2.01005358284901,2.12815221755786,2.12933232922047,2.12471266453988,2.13249924934627,2.14143171882839,2.25291750870967,2.25070718758926,2.25526315505155,2.25140198318085,2.30183423795574,2.37634256744065,2.3759599932048,2.37544173327498,2.37863531377529,2.49162254026921,2.50422013999059,2.50941079183117,2.50436792385718,2.50370591650028,2.72901422949476,0.9895
"158",158,500,"loading","weak","Basic","vgood",0.7,5,5,1,0.125,1,0.2025,0.18,1,1,0,2000,218,"sum_scaled",500,1999,5e-04,1.00235826041212,0.201953189473251,0.179233209691822,0.407752154257053,1.00077760619806,0.124642124995408,0.00235826041211591,-0.000546810526749377,-0.000766790308178265,0.00775215425705259,0.000777606198058169,-0.000357875004592441,0.00235826041211591,-0.00270029889752779,-0.00425994615654591,0.0193803856426315,0.000777606198058169,-0.00286300003673953,0.137888538408096,0.0240831599499165,0.042090830413264,0.118922368577962,0.0625515195977592,0.0260644734690536,0.938969484742371,0.946973486743372,0.948974487243622,0.951975987993997,0.943971985992996,0.946473236618309,1,1,0.988994497248624,0.978489244622311,1,0.996498249124562,0.407752154257053,0.278808423079234,0.501294852367833,0.588828460242857,0.832269092504253,0.866004152530371,0.014610005509751,0.0117370549560584,10.1733196828194,10,0.490478501367668,0.998499094456554,0.999869286909798,0.0120610870366572,0.0240896961202405,4.6348852073227,0.00246087250429186,0.00362298517992394,0.015462827952008,0.00748573924380521,0.0515257628814407,1.99938997735338,1.99868049675976,2.00144276906083,2.00029057870802,1.99976784031526,2.12657980454122,2.12693863400007,2.12415692914533,2.12383305506882,2.13663467728087,2.25060497100209,2.24973148378646,2.25213181296037,2.25145425952103,2.2990072847747,2.37393903288756,2.37499673043228,2.37199412444187,2.37457343835034,2.49243383526798,2.49914942632411,2.50090909774114,2.49577459929845,2.50075510776421,2.72310085572783,0.9995
"159",159,800,"loading","weak","Basic","vgood",0.7,5,5,1,0.125,1,0.2025,0.18,1,1,0,2000,218,"sum_scaled",800,2000,0,0.998849339882379,0.202718667666533,0.179265076281293,0.404047654868294,0.999127791706925,0.125473195021559,-0.00115066011762106,0.000218667666532998,-0.000734923718706982,0.00404765486829359,-0.000872208293074777,0.000473195021558867,-0.00115066011762106,0.00107984032855801,-0.00408290954837212,0.010119137170734,-0.000872208293074777,0.00378556017247094,0.105280486290837,0.0188243581379818,0.0325347832718551,0.0916389431363082,0.0489259226530681,0.0203405786721744,0.945,0.945,0.9565,0.9475,0.9435,0.9595,1,1,0.9995,0.9995,1,1,0.404047654868294,0.279649827993748,0.504318060613795,0.590492133526411,0.83322730576569,0.866780142881783,0.0114811116483501,0.00918170653918622,10.0140714011088,10,0.497470124864646,0.999155557879224,1.00000103931733,0.00887472952024965,0.018816912671734,4.42089754358041,0.00145941908474873,0.00215751093041552,0.0117630061874649,0.00558604102227176,0.0475,1.99678495303726,2.00013439773532,1.99835043857525,1.99986361563565,1.99958641945526,2.12336146701394,2.12400786848679,2.12635906138378,2.12440148690176,2.13599741973408,2.25090263638531,2.24910881592693,2.25063215915686,2.24955601214497,2.29757724415345,2.37342271524276,2.37685688496872,2.37553662666336,2.37535877664813,2.49283253180579,2.50269614227889,2.50075936470677,2.50062229157641,2.49896174960713,2.72695410661883,1
"160",160,200,"loading","weak","Basic","poor",0.3,5,5,1,0.125,1,0.2025,0.18,1,1,0,2000,218,"sum_scaled",200,1536,0.232,1.18869542983683,0.227488114547077,0.113419899506927,0.294561439678755,1.00390907522501,0.123446990537333,0.188695429836825,0.0249881145470769,-0.0665801004930725,-0.105438560321245,0.00390907522501302,-0.00155300946266716,0.188695429836825,0.123398096528775,-0.369889447183736,-0.263596400803113,0.00390907522501302,-0.0124240757013373,0.461051509582701,0.0782814666385522,0.145234659848756,0.333906060960934,0.145943963694983,0.0613452979638767,0.977864583333333,0.981770833333333,0.983072916666667,0.904296875,0.94921875,0.946614583333333,0.633463541666667,0.778645833333333,0.0201822916666667,0.00520833333333333,1,0.525390625,0.294561439678755,0.270910708974727,0.478192964068345,0.296990325925069,0.70110959036399,0.73972166067147,0.0434674723398625,0.0366665780810071,10.1674478344467,10,0.49173985492843,0.98657066226741,0.999711498653491,0.0190241556031045,0.044628760622754,4.67468421177345,0.0225892985857813,0.0340773805901905,0.0244664223996043,0.0115710635160818,0.0579427083333333,2.00903836007217,1.99015914378293,2.01355235437631,2.00807527793392,2.02347609130942,2.12341970229137,2.12709790361013,2.11269921807999,2.13696863885677,2.14237677084983,2.25369243635222,2.24680325262701,2.26100340508625,2.24896880877073,2.30672861396913,2.37363112863758,2.37243871176431,2.37082338635256,2.38077721731615,2.48688528497361,2.50198586107871,2.5181642135602,2.5024464775019,2.5003831165418,2.72466893773762,0.768
"161",161,500,"loading","weak","Basic","poor",0.3,5,5,1,0.125,1,0.2025,0.18,1,1,0,2000,218,"sum_scaled",500,1763,0.1185,1.06632891372453,0.211250153463761,0.155026060018712,0.381011835757662,1.00031944497178,0.124976805100101,0.0663289137245292,0.00875015346376111,-0.0249739399812876,-0.0189881642423382,0.000319444971778939,-2.31948998988096e-05,0.0663289137245292,0.0432106343889438,-0.138744111007153,-0.0474704106058454,0.000319444971778939,-0.000185559199190477,0.303225296590743,0.0510641209576956,0.0973296714445151,0.269665607265542,0.0921013318191791,0.0373478565937929,0.97334089619966,0.975609756097561,0.978445830969938,0.919455473624504,0.951219512195122,0.954622802041974,0.940442427680091,0.992058990357345,0.28644356211004,0.000567214974475326,1,0.914350538854226,0.381011835757662,0.278137439012063,0.49901894582834,0.282882554587092,0.710365043832157,0.746030060085189,0.0246582396151534,0.0225893360893202,10.0797035382857,10,0.496317691085283,0.994861268722231,0.999880961786792,0.0114077426153927,0.0282144314253314,4.5030969719878,0.00878096458692193,0.0129247875315125,0.015260372105912,0.00701114055872995,0.05218377765173,1.99816784753753,1.995956520815,2.00456603967873,2.00097486419134,1.99934558019515,2.12909957446406,2.13021798302706,2.12154789629774,2.12053843753799,2.13810523586251,2.24989083710978,2.24716833047735,2.25464973601943,2.25253792064375,2.3014514033999,2.3710752385364,2.37437189649435,2.36501329962293,2.37305256922782,2.49476588872988,2.4997724030551,2.50525699060029,2.48925365842304,2.50477703081839,2.72186771602628,0.8815
"162",162,800,"loading","weak","Basic","poor",0.3,5,5,1,0.125,1,0.2025,0.18,1,1,0,2000,218,"sum_scaled",800,1870,0.065,1.02120083917522,0.207205908810804,0.168835305416282,0.40856241171227,0.99947527563979,0.12573492516138,0.0212008391752185,0.00470590881080406,-0.0111646945837179,0.00856241171227006,-0.000524724360209664,0.000734925161380317,0.0212008391752185,0.0232390558558225,-0.062026081020655,0.0214060292806751,-0.000524724360209664,0.00587940129104254,0.24157259493964,0.0415609574566316,0.0786409599751195,0.236132400241998,0.072244411337457,0.0293747947917262,0.967914438502674,0.967379679144385,0.975401069518717,0.939572192513369,0.954545454545455,0.959893048128342,0.994117647058824,1,0.513368983957219,0.0251336898395722,1,0.990909090909091,0.40856241171227,0.280705456332122,0.508634966723985,0.27924016514691,0.712049795461284,0.747519552235896,0.0194377644953172,0.0169717809066893,10.0398490005365,10,0.49669588774011,0.996872002392786,1.00000353144959,0.00905458587127244,0.0222300330454241,4.45825921209828,0.00533775355345197,0.00796044970067483,0.0118421205406856,0.00549571939464387,0.0518716577540107,1.9912177867174,2.00165741908088,1.99609713089537,2.0008134387122,1.99994946677754,2.12005947649811,2.12207419665147,2.12940245302614,2.12330103629629,2.13711920169151,2.25373634655398,2.24814532242915,2.25289331641547,2.24953915470033,2.30002137108724,2.36977164910307,2.38047535453625,2.37636034068314,2.3758060133417,2.49634003014733,2.5063273125788,2.50029071617391,2.49986348323922,2.49468786481704,2.72870310382866,0.935
"163",163,200,"loading","weak","Cor.Unique","vgood",0.7,5,5,1,0.125,1,0.2025,0.18,1,1,0,2000,218,"sum_scaled",200,1665,0.1675,1.04869444210882,0.207773313957654,0.161383522294163,0.396136535881728,1.00432549215062,0.125615200938945,0.0486944421088163,0.00527331395765352,-0.0186164777058375,-0.0038634641182716,0.004325492150616,0.00061520093894474,0.0486944421088163,0.026041056581005,-0.103424876143542,-0.009658660295679,0.004325492150616,0.00492160751155792,0.290210706875669,0.052352334038885,0.0906612864290601,0.257245011990474,0.0997857342865447,0.0419876919756701,0.972372372372372,0.983783783783784,0.974774774774775,0.926726726726727,0.941141141141141,0.947147147147147,0.962762762762763,0.966966966966967,0.327927927927928,0,1,0.858858858858859,0.396136535881728,0.282678588722497,0.506327886067196,0.591924264932433,0.811424607485705,0.849270476666948,0.0302101560330507,0.0255324862972447,5.99225570957199,6,0.499085898085555,0.997463358849211,1.00008563875672,0.0197791039743148,0.0283305133227949,3.42363042837411,0.0044620199906018,0.0108219323727514,0.0270152155646364,0.0104630405597634,0.039039039039039,2.00323994812845,2.00544268472246,2.00119072688257,2.00464611493153,2.00469325564119,2.13077791162939,2.1359577001151,2.13230641876937,2.12738901642994,2.13809973708752,2.25292753810582,2.25200634845682,2.25509694843149,2.25156583574112,2.30267642679668,2.37457869934792,2.38043623186583,2.37197005827209,2.37765626595982,2.48898663024602,2.50549043197573,2.50619489421432,2.50564628490655,2.50534753002405,2.72923601983343,0.8325
"164",164,500,"loading","weak","Cor.Unique","vgood",0.7,5,5,1,0.125,1,0.2025,0.18,1,1,0,2000,218,"sum_scaled",500,1941,0.0295,1.01707567651529,0.204042752923453,0.173957562167628,0.412058356036576,1.00122896698901,0.124585416229804,0.0170756765152882,0.00154275292345311,-0.00604243783237182,0.0120583560365757,0.00122896698900531,-0.000414583770195529,0.0170756765152882,0.00761853295532402,-0.0335690990687323,0.0301458900914393,0.00122896698900531,-0.00331667016156423,0.196709986094266,0.0375289464370514,0.0637755411330393,0.20171980458337,0.0624535871375122,0.0263867266085755,0.959299330242143,0.958784131890778,0.963420917053065,0.937660999484802,0.951056156620299,0.952601751674395,1,1,0.750643997939207,0.428645028335909,1,0.995878413189078,0.412058356036576,0.279244174190924,0.501065621705163,0.589927297088526,0.81990964853737,0.855884415658854,0.0190827674739528,0.0158885877102503,6.14035093385964,6,0.487338057046018,0.998920190880573,0.999838598991355,0.0132470051743298,0.0180949436787396,3.51451849831144,0.0018707335209077,0.00441928681319065,0.0174052832087908,0.00643993728975853,0.0473982483256054,2.00138818443473,2.00188472615945,1.99984895835069,2.00003543040229,1.99879194107331,2.12597963988024,2.12653983708721,2.12536234499884,2.12741937082628,2.13478791250683,2.25065149179809,2.25093508084848,2.25036570627078,2.25262969655174,2.29804270047072,2.37552875187365,2.37755402774849,2.37059199430077,2.37511642899838,2.49200199242877,2.49772774864768,2.49902772021059,2.49633662135755,2.49958769656869,2.72304895372383,0.9705
"165",165,800,"loading","weak","Cor.Unique","vgood",0.7,5,5,1,0.125,1,0.2025,0.18,1,1,0,2000,218,"sum_scaled",800,1986,0.007,1.00417896850417,0.202611541418059,0.178630954896804,0.41721455690099,0.998985932370036,0.125365630459307,0.00417896850416561,0.000111541418058542,-0.00136904510319574,0.0172145569009901,-0.00101406762996415,0.000365630459306578,0.00417896850416561,0.000550821817573049,-0.00760580612886522,0.0430363922524751,-0.00101406762996415,0.00292504367445262,0.157211816610795,0.0312953338864302,0.0525334447143463,0.169137617155413,0.0494664142281229,0.0207833887663925,0.954179254783484,0.952165156092649,0.952165156092649,0.945115810674723,0.948136958710977,0.957703927492447,1,1,0.921450151057402,0.823262839879154,1,1,0.41721455690099,0.281133286495768,0.505042750912129,0.588246793071288,0.82309496297897,0.858712808184938,0.0143400230432118,0.0122169848276217,6.01777429868362,6,0.502197118371573,0.999349788166576,0.999994769422645,0.00983493651172399,0.0141334188214361,3.56311854160034,0.0011971772023799,0.00280071751720874,0.013833520248026,0.00516157189234832,0.0599194360523666,1.99875041043428,1.99844700953417,1.99887178542484,1.99852384005408,1.99841444143689,2.12865924728043,2.12399213393072,2.12430668055933,2.12372160687845,2.13472465976137,2.25014210947891,2.24951510354254,2.24941965115079,2.24847389071133,2.29770985621057,2.3755976383914,2.37520921450235,2.37627563457457,2.37369504350364,2.49269821672759,2.49990476579175,2.50268814892907,2.49952941277504,2.50079553900734,2.72641571488804,0.993
"166",166,200,"loading","weak","Cor.Unique","poor",0.3,5,5,1,0.125,1,0.2025,0.18,1,1,0,2000,218,"sum_scaled",200,1252,0.374,1.48480908350338,0.276498910339186,0.00820915329807973,0.128793807600178,1.0104116137098,0.123727037860987,0.484809083503381,0.073998910339186,-0.17179084670192,-0.271206192399822,0.0104116137098038,-0.00127296213901277,0.484809083503381,0.365426717724375,-0.954393592788446,-0.678015480999554,0.0104116137098038,-0.0101836971121022,0.835061382965638,0.135781564607345,0.26689974202042,0.449014538923834,0.155039839615518,0.0636384312557228,0.961661341853035,0.952076677316294,0.955271565495208,0.787539936102236,0.950479233226837,0.946485623003195,0.285143769968051,0.440894568690096,0.00958466453674121,0.0535143769968051,1,0.491214057507987,0.128793807600178,0.254956238064473,0.447806122150074,0.342598882288947,0.653266407989313,0.697689027186913,0.0625870989392711,0.062348909763951,6.05831864192127,6,0.49357503413931,0.992374125664869,0.999991972918048,0.0202275994302588,0.0316141565119319,3.42322285143518,0.0133519487110557,0.0325023525615044,0.0271321297315313,0.0100562049148669,0.0479233226837061,2.00355670787185,2.00246730780042,2.00561162376715,2.00248510815134,2.01509024781245,2.13160353073958,2.14774802404699,2.13636761972889,2.12104093807428,2.13199156746474,2.25240617385865,2.25748993125448,2.25072586627015,2.25361636144423,2.30103221167031,2.36813346078941,2.38639036351702,2.36000278354143,2.37772569678629,2.47866961519369,2.50726266102927,2.50150340226181,2.51619040684538,2.5013628853682,2.73368157674991,0.626
"167",167,500,"loading","weak","Cor.Unique","poor",0.3,5,5,1,0.125,1,0.2025,0.18,1,1,0,2000,218,"sum_scaled",500,1492,0.254,1.24140413591537,0.233088534588154,0.100988346057639,0.277793815968043,1.00171164957536,0.124215751484625,0.241404135915374,0.0305885345881537,-0.0790116539423615,-0.122206184031957,0.00171164957536326,-0.000784248515374994,0.241404135915374,0.151054491793352,-0.438953633013119,-0.305515460079893,0.00171164957536326,-0.00627398812299995,0.510685435498268,0.0815270341294696,0.15956678593517,0.349562539352714,0.093776382397095,0.0399416164640444,0.969839142091153,0.9671581769437,0.961796246648794,0.86058981233244,0.96112600536193,0.943699731903485,0.542225201072386,0.722520107238606,0.00402144772117962,0.014745308310992,1,0.880697050938338,0.277793815968043,0.268813879582948,0.469288696595985,0.304359530893444,0.677522440130821,0.718662488553563,0.0355695357383483,0.0325477949297619,6.07334118758363,6,0.493729399338739,0.996898044173257,0.999763624594476,0.0126655510041858,0.0200878749619292,3.4840811870954,0.00556377996661287,0.0130975757116916,0.0174045861579431,0.00639112969943061,0.0549597855227882,2.00318174737694,2.00158570107384,2.00387935244982,2.00202203881698,2.00045933338313,2.12722896635348,2.12897500291146,2.1253049663467,2.13171635549821,2.13234919358067,2.25124999586575,2.25527757313052,2.24486414930838,2.25435912475642,2.29428950293584,2.37603011412684,2.38234254423808,2.36064310560024,2.37474497595591,2.4934199102509,2.4941271212047,2.49503522496126,2.49528632427405,2.50298084182805,2.72586140673784,0.746
"168",168,800,"loading","weak","Cor.Unique","poor",0.3,5,5,1,0.125,1,0.2025,0.18,1,1,0,2000,218,"sum_scaled",800,1615,0.1925,1.13904458321238,0.224101429497908,0.128848858987621,0.332835290300745,0.998751162088015,0.125628401536502,0.139044583212377,0.0216014294979083,-0.0511511410123789,-0.0671647096992554,-0.00124883791198511,0.000628401536501947,0.139044583212377,0.106673725915597,-0.284173005624327,-0.167911774248138,-0.00124883791198511,0.00502721229201558,0.398376464023699,0.0668447240541629,0.12768033278235,0.312954971731979,0.0753812455553716,0.0314228432761986,0.970278637770898,0.972755417956656,0.962848297213622,0.88297213622291,0.951083591331269,0.954798761609907,0.71640866873065,0.891021671826625,0.0421052631578947,0.00557275541795666,1,0.980185758513932,0.332835290300745,0.274485096829733,0.490517725769023,0.295398185328609,0.683071195879619,0.724140719765627,0.0270252010451862,0.0233843179090898,6.02976487989314,6,0.500390992970928,0.998076904634475,0.999999824505383,0.00986977840960251,0.0158306170813814,3.56602169635778,0.0035113441889971,0.00829855026761748,0.0138612411707593,0.00514083056254263,0.0557275541795666,2.00216161198718,1.99476000596473,2.00156646921532,1.99660893210995,2.00045209089492,2.13657172951621,2.1220251547966,2.12300554153527,2.12118196936599,2.13315223182043,2.24654807854205,2.25104976944519,2.24526974984936,2.24619503257745,2.29627922534619,2.37655050355133,2.3753398543338,2.37866369888195,2.37062044858541,2.49592139357808,2.50244491994046,2.50466427901551,2.50030156298742,2.50037480431346,2.73118050541193,0.8075
"169",169,200,"none","none","Basic","vgood",0.7,5,5,1,0.125,1,0.2025,0.18,1,1,0,2000,218,"sum_scaled",200,1978,0.011,1.00233860962475,0.202396843276172,0.17879225981523,0.419769582982058,1.00404503704305,0.124844990505438,0.00233860962474635,-0.000103156723827585,-0.00120774018476999,0.0197695829820581,0.00404503704304736,-0.000155009494562251,0.00233860962474635,-0.000509415920136224,-0.00670966769316663,0.0494239574551453,0.00404503704304736,-0.00124007595649801,0.211230773104723,0.0383935010369639,0.0642757073773516,0.186977864108971,0.0984952740070127,0.0417895735692411,0.942366026289181,0.945399393326593,0.956521739130435,0.965116279069767,0.944388270980789,0.946410515672396,1,1,0.778058645096057,0.64206268958544,1,0.856420626895854,0.419769582982058,0.281266520201816,0.507426657008115,0.584857420981312,0.827772572957461,0.861947921224656,0.0249882229520206,0.0194597429049008,10.0496280631784,10,0.498421641031485,0.996445767569128,0.999965262739552,0.0180734445139161,0.0376987659760191,4.54702554073918,0.00608169101798438,0.00900091993261205,0.024131542717412,0.0118244366700462,0.0601617795753286,2.00542139076973,1.99936419558297,2.0068696576974,2.0051123961376,2.01005358284901,2.12815221755786,2.12933232922047,2.12471266453988,2.13249924934627,2.13083433241121,2.25291750870967,2.25070718758926,2.25526315505155,2.25140198318085,2.25486355938644,2.37634256744065,2.3759599932048,2.37544173327498,2.37863531377529,2.3753855602879,2.50422013999059,2.50941079183117,2.50436792385718,2.50370591650028,2.50322288559962,0.989
"170",170,500,"none","none","Basic","vgood",0.7,5,5,1,0.125,1,0.2025,0.18,1,1,0,2000,218,"sum_scaled",500,1999,5e-04,1.00233780461653,0.201945774340949,0.179243947674732,0.407863999627389,1.00077388119416,0.124643477729744,0.00233780461653404,-0.000554225659051085,-0.000756052325268298,0.00786399962738857,0.000773881194164281,-0.000356522270256296,0.00233780461653404,-0.00273691683482017,-0.00420029069593499,0.0196599990684714,0.000773881194164281,-0.00285217816205037,0.138092240918617,0.0241781634967931,0.0422190564519226,0.119389126954829,0.0625875655169572,0.0261092220721915,0.939469734867434,0.946473236618309,0.948474237118559,0.95247623811906,0.943971985992996,0.946973486743372,1,1,0.988494247123562,0.977988994497249,1,0.996998499249625,0.407863999627389,0.278827417208421,0.501317900671748,0.587083491256777,0.832111394749299,0.865017073985265,0.0146292250826295,0.0118200420697279,10.1732439691328,10,0.490522501293307,0.998488826645662,0.999868516881155,0.0120624315028237,0.0241135638215171,4.63574840414956,0.0024772280097773,0.00364733633641602,0.015466248078452,0.00748221753693123,0.0515257628814407,1.99938997735338,1.99868049675976,2.00144276906083,2.00029057870802,1.99976784031526,2.12657980454122,2.12693863400007,2.12415692914533,2.12383305506882,2.12608415117776,2.25060497100209,2.24973148378646,2.25213181296037,2.25145425952103,2.25209694732897,2.37393903288756,2.37499673043228,2.37199412444187,2.37457343835034,2.37639358074027,2.49914942632411,2.50090909774114,2.49577459929845,2.50075510776421,2.49827258643815,0.9995
"171",171,800,"none","none","Basic","vgood",0.7,5,5,1,0.125,1,0.2025,0.18,1,1,0,2000,218,"sum_scaled",800,2000,0,0.998849918970609,0.202717582780035,0.179263400793055,0.404089928282233,0.999127842880908,0.125474392905903,-0.00115008102939126,0.000217582780034853,-0.000736599206944995,0.00408992828223287,-0.000872157119092172,0.000474392905903344,-0.00115008102939126,0.00107448286436964,-0.00409221781636109,0.0102248207055822,-0.000872157119092172,0.00379514324722675,0.105436297531013,0.0188966260543099,0.0326306716314678,0.0919761035764247,0.0489591673463266,0.0203817427223524,0.945,0.945,0.9545,0.9475,0.9435,0.9585,1,1,0.9995,0.999,1,1,0.404089928282233,0.279660604663995,0.504328141973491,0.588766096759414,0.833074029900173,0.865792309879753,0.0114918574157349,0.00924510635857575,10.0137794073364,10,0.497462178201156,0.999150123960093,1.00000118610395,0.00887595295133767,0.0188339975537919,4.42013316359028,0.00146820156618127,0.00217110373175173,0.0117617626605444,0.00558288640829307,0.048,1.99678495303726,2.00013439773532,1.99835043857525,1.99986361563565,1.99958641945526,2.12336146701394,2.12400786848679,2.12635906138378,2.12440148690176,2.12545128211549,2.25090263638531,2.24910881592693,2.25063215915686,2.24955601214497,2.25071859506482,2.37342271524276,2.37685688496872,2.37553662666336,2.37535877664813,2.3768044615348,2.50269614227889,2.50075936470677,2.50062229157641,2.49896174960713,2.50180699308074,1
"172",172,200,"none","none","Basic","poor",0.3,5,5,1,0.125,1,0.2025,0.18,1,1,0,2000,218,"sum_scaled",200,1528,0.236,1.19141408222602,0.228454594914107,0.111655126291131,0.29064032237697,1.00398141917681,0.1234388132593,0.191414082226022,0.0259545949141068,-0.0683448737088689,-0.10935967762303,0.00398141917680644,-0.00156118674070035,0.191414082226022,0.128170839082009,-0.379693742827049,-0.273399194057574,0.00398141917680644,-0.0124894939256028,0.46407245458672,0.0793126359579828,0.146804963808002,0.335246640720131,0.146381287536969,0.0619508625845396,0.977748691099476,0.981675392670157,0.982329842931937,0.903141361256545,0.948952879581152,0.946335078534031,0.6282722513089,0.768979057591623,0.0176701570680628,0.00523560209424084,1,0.515052356020942,0.29064032237697,0.270533423245011,0.477773393698739,0.294122559669837,0.699295444039337,0.735063146571043,0.0436633935367833,0.037354375545801,10.1582835166669,10,0.492327692752786,0.986212524603026,0.999785787107272,0.0189863057923074,0.0446460721482756,4.67520599365299,0.0232444521628278,0.0351104339647925,0.0244508402299604,0.011556360570289,0.0569371727748691,2.00903836007217,1.99015914378293,2.01355235437631,2.00807527793392,2.02347609130942,2.12341970229137,2.12709790361013,2.11269921807999,2.13696863885677,2.13177938443266,2.25369243635222,2.24680325262701,2.26100340508625,2.24896880877073,2.25975793539983,2.37363112863758,2.37243871176431,2.37082338635256,2.38077721731615,2.37064830499229,2.50198586107871,2.5181642135602,2.5024464775019,2.5003831165418,2.49887759384247,0.764
"173",173,500,"none","none","Basic","poor",0.3,5,5,1,0.125,1,0.2025,0.18,1,1,0,2000,218,"sum_scaled",500,1756,0.122,1.06794609097524,0.211615911882776,0.154028508708415,0.3789598990122,1.00022899327432,0.124893034679297,0.0679460909752382,0.0091159118827757,-0.0259714912915849,-0.0210401009877996,0.00022899327432018,-0.000106965320703235,0.0679460909752382,0.0450168488038306,-0.144286062731027,-0.052600252469499,0.00022899327432018,-0.000855722565625876,0.30479208913488,0.0517267965326627,0.0980904930257353,0.270742706467245,0.0922056852724174,0.0376260452025311,0.973234624145786,0.975512528473804,0.977220956719818,0.919703872437358,0.951025056947608,0.954441913439636,0.938496583143508,0.990318906605923,0.275626423690205,0.000569476082004556,1,0.908314350797267,0.3789598990122,0.277853929551496,0.498366538917209,0.279562732052411,0.708613030188321,0.74157876377709,0.0247811325719223,0.0229924667801021,10.0865495034671,10,0.495887169672361,0.994705487422038,0.999865804461305,0.0114313883764645,0.028254719584726,4.50442089639378,0.00904225310914565,0.0133067100257317,0.0152658050245456,0.00699636902249169,0.0523917995444191,1.99816784753753,1.995956520815,2.00456603967873,2.00097486419134,1.99934558019515,2.12909957446406,2.13021798302706,2.12154789629774,2.12053843753799,2.1275547097594,2.24989083710978,2.24716833047735,2.25464973601943,2.25253792064375,2.25454106595417,2.3710752385364,2.37437189649435,2.36501329962293,2.37305256922782,2.37872563420217,2.4997724030551,2.50525699060029,2.48925365842304,2.50477703081839,2.4970394467366,0.878
"174",174,800,"none","none","Basic","poor",0.3,5,5,1,0.125,1,0.2025,0.18,1,1,0,2000,218,"sum_scaled",800,1865,0.0675,1.02248772093158,0.207344700223302,0.168351057712167,0.407630055317957,0.999512875265242,0.125727014015593,0.0224877209315777,0.00484470022330158,-0.0116489422878334,0.00763005531795716,-0.000487124734757984,0.000727014015593081,0.0224877209315777,0.0239244455471683,-0.0647163460435187,0.0190751382948929,-0.000487124734757984,0.00581611212474465,0.242171550821529,0.0421848144404913,0.0792913501186643,0.237265896227922,0.0724151786522102,0.0296209272356713,0.968364611260054,0.966219839142091,0.975871313672922,0.93887399463807,0.954423592493298,0.961394101876676,0.993565683646113,0.999463806970509,0.498123324396783,0.020911528150134,1,0.99088471849866,0.407630055317957,0.280721732638674,0.508285132818231,0.275727583279887,0.71034538068856,0.74311733939984,0.0194946297336956,0.0172485474122875,10.0458911868436,10,0.496279420606543,0.99677402884304,0.999994398151414,0.00907623077628183,0.0222533805678146,4.46254847431221,0.00549575882262125,0.00819746456483246,0.0118520803917979,0.0054908684306413,0.0514745308310992,1.9912177867174,2.00165741908088,1.99609713089537,2.0008134387122,1.99994946677754,2.12005947649811,2.12207419665147,2.12940245302614,2.12330103629629,2.12657306407292,2.25373634655398,2.24814532242915,2.25289331641547,2.24953915470033,2.2531627219986,2.36977164910307,2.38047535453625,2.37636034068314,2.3758060133417,2.38031195987633,2.5063273125788,2.50029071617391,2.49986348323922,2.49468786481704,2.50355599029057,0.9325
"175",175,200,"none","none","Cor.Unique","vgood",0.7,5,5,1,0.125,1,0.2025,0.18,1,1,0,2000,218,"sum_scaled",200,1671,0.1645,1.04928607893336,0.208135975683512,0.160927714725037,0.395119562082223,1.00439988649383,0.125580843935518,0.0492860789333627,0.00563597568351166,-0.0190722852749626,-0.00488043791777738,0.00439988649383119,0.000580843935517932,0.0492860789333627,0.0278319786840082,-0.105957140416459,-0.0122010947944435,0.00439988649383119,0.00464675148414345,0.290610878557536,0.0527803056014433,0.0910995914252056,0.258288706136953,0.0998293780333015,0.0420500916330262,0.973070017953321,0.982046678635548,0.974266906044285,0.925194494314782,0.941352483542789,0.947935368043088,0.96229802513465,0.965290245362059,0.323758228605625,0,1,0.857570317175344,0.395119562082223,0.282457222382836,0.505987808430814,0.590764803898383,0.811155821781048,0.84805687676051,0.0302645493557491,0.025720120322384,5.99040707059386,6,0.499158473692274,0.997453073579038,1.00009224574237,0.0197753398495886,0.0283480583244901,3.42099885313188,0.00447879303525022,0.010871510631081,0.0269886689767234,0.0104533228070858,0.0394973070017953,2.00323994812845,2.00544268472246,2.00119072688257,2.00464611493153,2.00469325564119,2.13077791162939,2.1359577001151,2.13230641876937,2.12738901642994,2.12750235067034,2.25292753810582,2.25200634845682,2.25509694843149,2.25156583574112,2.25570574822738,2.37457869934792,2.38043623186583,2.37197005827209,2.37765626595982,2.3727496502647,2.50549043197573,2.50619489421432,2.50564628490655,2.50534753002405,2.50344467593828,0.8355
"176",176,500,"none","none","Cor.Unique","vgood",0.7,5,5,1,0.125,1,0.2025,0.18,1,1,0,2000,218,"sum_scaled",500,1943,0.0285,1.01731957584312,0.204136779215642,0.173867469650286,0.412045983200318,1.00116164408255,0.124601473942454,0.0173195758431247,0.00163677921564153,-0.00613253034971389,0.0120459832003178,0.00116164408254631,-0.000398526057545822,0.0173195758431247,0.00808286032415573,-0.0340696130539661,0.0301149580007946,0.00116164408254631,-0.00318820846036658,0.197427906593182,0.0377376804002761,0.0640954675301672,0.202810880088164,0.062497133287373,0.026438558655939,0.959341224909933,0.957797220792589,0.963458569222851,0.937210499227998,0.951106536284097,0.952650540401441,1,1,0.746268656716418,0.413793103448276,1,0.995882655687082,0.412045983200318,0.279242717478902,0.50112455256355,0.588344221251488,0.819653306821118,0.854728067650574,0.0191439183298489,0.0159896768802222,6.14228844823315,6,0.48718039018887,0.998913331834037,0.99983545398727,0.0132601314086034,0.0181070776215684,3.51520381948021,0.0018816128827424,0.00444456408898019,0.0174079862657345,0.00643364464695223,0.0478641276376737,2.00138818443473,2.00188472615945,1.99984895835069,2.00003543040229,1.99879194107331,2.12597963988024,2.12653983708721,2.12536234499884,2.12741937082628,2.12423738640373,2.25065149179809,2.25093508084848,2.25036570627078,2.25262969655174,2.25113236302498,2.37552875187365,2.37755402774849,2.37059199430077,2.37511642899838,2.37596173790106,2.49772774864768,2.49902772021059,2.49633662135755,2.49958769656869,2.49822068443415,0.9715
"177",177,800,"none","none","Cor.Unique","vgood",0.7,5,5,1,0.125,1,0.2025,0.18,1,1,0,2000,218,"sum_scaled",800,1986,0.007,1.00417422135836,0.202614880298464,0.178628247149441,0.417419215053271,0.998987430562336,0.125365237377722,0.00417422135836232,0.000114880298463678,-0.00137175285055879,0.0174192150532714,-0.0010125694376643,0.000365237377722149,0.00417422135836232,0.000567310115870017,-0.00762084916977106,0.0435480376331785,-0.0010125694376643,0.00292189902177719,0.157834127392549,0.0314008265246336,0.0527833551921307,0.170076206801448,0.0494973608159275,0.0208282850653278,0.954179254783484,0.953172205438066,0.952668680765357,0.944612286002014,0.948640483383686,0.957200402819738,1,1,0.919436052366566,0.817724068479356,1,1,0.417419215053271,0.281147575276945,0.505077648381948,0.586519066087225,0.822865046561655,0.857570269277364,0.0143774993872165,0.0123073458663349,6.0170672197275,6,0.502282161278276,0.999346346073205,0.99999530625736,0.00982197277223539,0.0141400525846216,3.56362230900164,0.001204302774292,0.00281694009587237,0.0138393231417962,0.005157974399399,0.0599194360523666,1.99875041043428,1.99844700953417,1.99887178542484,1.99852384005408,1.99841444143689,2.12865924728043,2.12399213393072,2.12430668055933,2.12372160687845,2.12417852214278,2.25014210947891,2.24951510354254,2.24941965115079,2.24847389071133,2.25085120712193,2.3755976383914,2.37520921450235,2.37627563457457,2.37369504350364,2.37667014645659,2.49990476579175,2.50268814892907,2.49952941277504,2.50079553900734,2.50126860134995,0.993
"178",178,200,"none","none","Cor.Unique","poor",0.3,5,5,1,0.125,1,0.2025,0.18,1,1,0,2000,218,"sum_scaled",200,1247,0.3765,1.49463050433879,0.278371300723465,0.00448956493978207,0.123237467450155,1.0105214903279,0.123566153230365,0.49463050433879,0.0758713007234651,-0.175510435060218,-0.276762532549845,0.010521490327901,-0.00143384676963514,0.49463050433879,0.37467308999242,-0.975057972556766,-0.691906331374612,0.010521490327901,-0.0114707741570811,0.846106476718784,0.137847212839395,0.271219865258943,0.452823007295011,0.155657328790408,0.0643656641848794,0.961507618283881,0.951082598235766,0.954290296712109,0.785084202085004,0.951082598235766,0.943865276663994,0.281475541299118,0.424218123496391,0.0104250200481155,0.057738572574178,1,0.482758620689655,0.123237467450155,0.254169322501577,0.445497051857848,0.340083138785826,0.6509450320291,0.691680290191475,0.0627923973781749,0.0639896606743245,6.05273633715544,6,0.494099775307792,0.992247385454197,1.00006886766078,0.0201730852350386,0.0316091451416202,3.42213444318477,0.0136058044948092,0.0331547088829482,0.0271106364563425,0.0100280300484384,0.0481154771451484,2.00355670787185,2.00246730780042,2.00561162376715,2.00248510815134,2.01509024781245,2.13160353073958,2.14774802404699,2.13636761972889,2.12104093807428,2.12139418104756,2.25240617385865,2.25748993125448,2.25072586627015,2.25361636144423,2.25406153310101,2.36813346078941,2.38639036351702,2.36000278354143,2.37772569678629,2.36243263521237,2.50726266102927,2.50150340226181,2.51619040684538,2.5013628853682,2.50789023285476,0.6235
"179",179,500,"none","none","Cor.Unique","poor",0.3,5,5,1,0.125,1,0.2025,0.18,1,1,0,2000,218,"sum_scaled",500,1485,0.2575,1.24716488178147,0.233916489371645,0.0988614153895844,0.274048562140388,1.00148796790099,0.124269296202672,0.247164881781467,0.0314164893716451,-0.0811385846104156,-0.125951437859612,0.00148796790098824,-0.000730703797327656,0.247164881781467,0.15514315739084,-0.450769914502309,-0.314878594649029,0.00148796790098824,-0.00584563037862125,0.516642543087994,0.0827985041505597,0.162052515950491,0.352466549598669,0.093933557505178,0.0402588403951881,0.96969696969697,0.967003367003367,0.962289562289562,0.858585858585859,0.961616161616162,0.942760942760943,0.538720538720539,0.707070707070707,0.00404040404040404,0.0154882154882155,1,0.876767676767677,0.274048562140388,0.268829810109636,0.468598338556345,0.301289210152777,0.675254296845574,0.71331654350246,0.0358115316023932,0.0332843831556641,6.07790118368954,6,0.493499615625063,0.996820237945387,0.999741740185745,0.0126836092705242,0.0201046063294771,3.48999217967289,0.00569708606255753,0.0134081614048689,0.0174339730183431,0.00639550931778541,0.0552188552188552,2.00318174737694,2.00158570107384,2.00387935244982,2.00202203881698,2.00045933338313,2.12722896635348,2.12897500291146,2.1253049663467,2.13171635549821,2.12179866747756,2.25124999586575,2.25527757313052,2.24486414930838,2.25435912475642,2.2473791654901,2.37603011412684,2.38234254423808,2.36064310560024,2.37474497595591,2.37737965572319,2.4941271212047,2.49503522496126,2.49528632427405,2.50298084182805,2.50103313744816,0.7425
"180",180,800,"none","none","Cor.Unique","poor",0.3,5,5,1,0.125,1,0.2025,0.18,1,1,0,2000,218,"sum_scaled",800,1608,0.196,1.14265439280889,0.224919423087321,0.127348306504121,0.329928306340224,0.998838668440106,0.125648168451048,0.142654392808893,0.0224194230873206,-0.0526516934958795,-0.0700716936597755,-0.00116133155989403,0.000648168451048382,0.142654392808893,0.110713200431213,-0.292509408310442,-0.175179234149439,-0.00116133155989403,0.00518534760838705,0.40331743775504,0.0676613444471814,0.129676302034574,0.31537863175523,0.0753923319954863,0.0316977638645245,0.970149253731343,0.972014925373134,0.962686567164179,0.883706467661692,0.95273631840796,0.953980099502488,0.709577114427861,0.886194029850746,0.0354477611940298,0.00621890547263682,1,0.978233830845771,0.329928306340224,0.274101370225908,0.490182487066834,0.292441074306476,0.680874766426655,0.719055812006095,0.0272025552186588,0.0239079666022827,6.03145853205947,6,0.50046523503556,0.998029724540963,0.999996758455385,0.00989247704981319,0.0158456249505817,3.57110062721212,0.00359150641086233,0.00849129714125545,0.0138746463204129,0.00514005715532665,0.0559701492537313,2.00216161198718,1.99476000596473,2.00156646921532,1.99660893210995,2.00045209089492,2.13657172951621,2.1220251547966,2.12300554153527,2.12118196936599,2.12260609420184,2.24654807854205,2.25104976944519,2.24526974984936,2.24619503257745,2.24942057625755,2.37655050355133,2.3753398543338,2.37866369888195,2.37062044858541,2.37989332330708,2.50244491994046,2.50466427901551,2.50030156298742,2.50037480431346,2.50603339187384,0.804
