"","job_id","N_size","TT","J","target_loading","loading_quality","R2","sd.lambda","rho","cu_data","fit_cu","cu_model","spec","mu_alpha","mu_beta","var_alpha","var_beta","cov_ab","tau_un","lambda_un","nrep","seed","model","N","nrep_ok","err.perc","phi11.m","phi22.m","phi12.m","cor12.m","k1.m","k2.m","phi11.bias","phi22.bias","phi12.bias","cor12.bias","k1.bias","k2.bias","phi11.rbias","phi22.rbias","phi12.rbias","cor12.rbias","k1.rbias","k2.rbias","phi11.rmse","phi22.rmse","phi12.rmse","cor12.rmse","k1.rmse","k2.rmse","phi11.rel.rmse","phi12.rel.rmse","phi22.rel.rmse","kappa1.rel.rmse","kappa2.rel.rmse","phi11.cov","phi22.cov","phi12.cov","cor12.cov","k1.cov","k2.cov","phi11.power","phi22.power","phi12.power","cor12.power","k1.power","k2.power","chisq.m","df.m","pvalue.chi.m","cfi.m","tli.m","rmsea.m","srmr.m","chisq.sd","cfi.sd","tli.sd","rmsea.sd","srmr.sd","chisq.reject","admissible.m","rho_lab","F_ml"
1,1,200,3,3,0.6708,"vgood",0.45,0,0,"none",FALSE,"ignored","Correct (no CU)",1,0.125,1,0.2025,0.18,0.1,0.2,2000,123,"EC_latent",200,1220,0.39,0.41139835809091,0.109681051270368,0.0251015394016264,0.212790899676958,0.901892023763212,0.0756162263903018,0.0513983580909104,0.0367810512703681,-0.0396984605983736,-0.187209100323042,0.00189202376321186,0.00061622639030176,0.142773216919195,0.504541169689549,-0.612630564789716,-0.468022750807606,0.00210224862579096,0.00821635187069014,0.124850108961496,0.0654991941034345,0.0712842324049904,0.38174056112071,0.0699462735344594,0.0455389348681639,0.346805858226379,1.10006531489183,0.898480028853696,0.0777180817049549,0.607185798242185,0.980327868852459,0.979508196721312,0.977049180327869,0.848360655737705,0.95,0.95327868852459,0.895081967213115,0.187704918032787,0.0040983606557377,0.0204918032786885,1,0.376229508196721,39.3173637253668,39,0.490501848603141,0.992833123510848,0.999725444464696,0.0138328028613453,0.0483977339058678,9.04822807307431,0.0110954232999705,0.0163801266429694,0.0170040936087777,0.00797917063892765,0.0581967213114754,0.61,"Basic",NA
2,2,200,3,3,0.6708,"vgood",0.45,0,0.15,"AR1",FALSE,"ignored","CU ignored",1,0.125,1,0.2025,0.18,0.1,0.2,2000,123,"EC_latent",200,1542,0.229,0.474617416782469,0.129763025473449,0.00282107740444843,0.0930117209502899,0.902328070398717,0.0747700382954996,0.114617416782468,0.0568630254734492,-0.0619789225955516,-0.30698827904971,0.0023280703987172,-0.00022996170450039,0.318381713284634,0.780014066851154,-0.956464854869623,-0.767470697624275,0.00258674488746355,-0.00306615606000521,0.170735862503982,0.081357925861411,0.0914659063718675,0.441989049572855,0.071929354236755,0.0459552819937275,0.474266284733282,1.41151090080042,1.11602093088355,0.0799215047075056,0.6127370932497,0.916990920881971,0.939688715953307,0.927367055771725,0.699092088197147,0.944876783398184,0.942282749675746,0.96692607003891,0.308041504539559,0.00713359273670558,0.0525291828793774,1,0.373540856031128,57.3111709946249,39,0.110873557837998,0.966381854551481,0.96932855881572,0.0449076288477515,0.0517449073565652,12.5042273544452,0.0220242479640909,0.0209861804217513,0.0188866813510187,0.00711334538976622,0.56420233463035,0.771,"Cor.Unique",NA
3,3,200,3,3,0.4,"poor",0.16,0,0,"none",FALSE,"ignored","Correct (no CU)",1,0.125,1,0.2025,0.18,0.1,0.2,2000,123,"EC_latent",200,550,0.725,0.488525938178379,0.143016149671912,-0.0299307361649156,-0.000920943336985499,0.902731285541404,0.0770314590872626,0.128525938178379,0.0701161496719118,-0.0947307361649156,-0.400920943336985,0.0027312855414038,0.00203145908726259,0.357016494939942,0.961812752701121,-1.46189407661907,-1.00230235834246,0.00303476171267089,0.0270861211635011,0.227047077945873,0.111158248180819,0.136641627606733,0.565815487131547,0.0964531569100735,0.068707633069941,0.630686327627424,2.1086670926965,1.5248045017945,0.107170174344526,0.916101774265879,0.990909090909091,0.996363636363636,0.996363636363636,0.798181818181818,0.943636363636364,0.950909090909091,0.229090909090909,0.0236363636363636,0,0.0581818181818182,1,0.176363636363636,38.6660244207332,39,0.511181349544403,0.964878616195181,1.01241297654342,0.0126829099250523,0.0582377840763352,8.84439255888033,0.0563807784483252,0.101502998835809,0.0164528032295129,0.00754229854255914,0.0436363636363636,0.275,"Basic",NA
4,4,200,3,3,0.4,"poor",0.16,0,0.15,"AR1",FALSE,"ignored","CU ignored",1,0.125,1,0.2025,0.18,0.1,0.2,2000,123,"EC_latent",200,286,0.857,0.632692012667423,0.171240555222407,-0.0546601618192433,-0.0616698012496461,0.906454370878037,0.0715796516391572,0.272692012667423,0.0983405552224071,-0.119460161819243,-0.461669801249646,0.00645437087803689,-0.00342034836084285,0.757477812965063,1.34897880963521,-1.84352101572906,-1.15417450312412,0.00717152319781876,-0.045604644811238,0.345821299923366,0.135884415621015,0.16743268256895,0.597129046980777,0.0932001883446072,0.0677631290461872,0.960614722009349,2.58383769396527,1.86398375337469,0.103555764827341,0.903508387282495,0.947552447552448,0.98951048951049,0.982517482517482,0.671328671328671,0.951048951048951,0.954545454545455,0.520979020979021,0.0629370629370629,0.0034965034965035,0.132867132867133,1,0.178321678321678,55.2772519751177,39,0.138981652836787,0.871027512151475,0.883590628871331,0.0415072496619618,0.0653177515612968,12.3613001503271,0.0906069023986697,0.0881331661836695,0.0200246019582258,0.00772560476857454,0.479020979020979,0.143,"Cor.Unique",NA
5,5,200,3,5,0.6708,"vgood",0.45,0,0,"none",FALSE,"ignored","Correct (no CU)",1,0.125,1,0.2025,0.18,0.1,0.2,2000,123,"EC_latent",200,1308,0.346,1.12671854185706,0.292377403777156,0.0851868845868166,0.233518092316364,1.50395586331146,0.124571714122643,0.126718541857059,0.0898774037771565,-0.0948131154131834,-0.166481907683636,0.0039558633114581,-0.000428285877357314,0.126718541857059,0.443839030998304,-0.526739530073241,-0.416204769209091,0.00263724220763873,-0.00342628701885851,0.314145368081119,0.164855310694845,0.175747902442727,0.35827660611536,0.108853953085327,0.0706728032488826,0.314145368081119,0.976377235792928,0.81410029972763,0.072569302056885,0.565382425991061,0.975535168195719,0.964067278287462,0.966360856269113,0.848623853211009,0.954892966360856,0.94954128440367,0.967889908256881,0.246177370030581,0.00229357798165138,0.0160550458715596,1,0.41743119266055,117.575488338844,114,0.437571202551259,0.992965274708269,0.997311063863398,0.013133744100289,0.0528439671507525,15.7875485537394,0.00948195728710114,0.0127545498842652,0.0135694113826723,0.00565481224765642,0.0871559633027523,0.654,"Basic",NA
6,6,200,3,5,0.6708,"vgood",0.45,0,0.15,"AR1",FALSE,"ignored","CU ignored",1,0.125,1,0.2025,0.18,0.1,0.2,2000,123,"EC_latent",200,1596,0.202,1.21467207430617,0.321321749490192,0.0532835043593743,0.167723219460354,1.50628425017216,0.124243434950255,0.214672074306169,0.118821749490192,-0.126716495640626,-0.232276780539646,0.00628425017215766,-0.000756565049745475,0.214672074306169,0.586774071556502,-0.70398053133681,-0.580691951349115,0.00418950011477177,-0.0060525203979638,0.371486952733021,0.186816316007649,0.202396061535035,0.392137389003138,0.111828029725275,0.0692748745211281,0.371486952733021,1.12442256408353,0.922549708679746,0.07455201981685,0.554198996169025,0.93734335839599,0.945488721804511,0.93922305764411,0.769423558897243,0.93984962406015,0.949874686716792,0.989348370927318,0.351503759398496,0.0056390977443609,0.0231829573934837,1,0.43671679197995,153.503095016847,114,0.0524829227056357,0.966503679417821,0.969205922982353,0.0400415922474495,0.0547428947559507,19.7736677339476,0.0163869758487369,0.0152338619164479,0.0114983418406427,0.00523021279744867,0.74812030075188,0.798,"Cor.Unique",NA
7,7,200,3,5,0.4,"poor",0.16,0,0,"none",FALSE,"ignored","Correct (no CU)",1,0.125,1,0.2025,0.18,0.1,0.2,2000,123,"EC_latent",200,870,0.565,1.27393219886123,0.356382924403435,-0.0180217182099763,0.0964158135889104,1.50509156939759,0.124448495500521,0.273932198861227,0.153882924403435,-0.198021718209976,-0.30358418641109,0.00509156939759433,-0.000551504499479097,0.273932198861227,0.759915676066344,-1.10012065672209,-0.758960466027724,0.00339437959839622,-0.00441203599583278,0.533580249377887,0.254655681019914,0.309711380908084,0.504037709529795,0.140866492929244,0.097619339819771,0.533580249377887,1.72061878282269,1.25755891861686,0.0939109952861624,0.780954718558168,0.985057471264368,0.991954022988506,0.983908045977012,0.78735632183908,0.94367816091954,0.94367816091954,0.525287356321839,0.0666666666666667,0.00229885057471264,0.0471264367816092,1,0.252873563218391,117.457156277573,114,0.440838880630091,0.965933117497803,0.990304459458254,0.0130449274945078,0.0632603290797103,15.9052061793068,0.0451042441031494,0.0661231937998175,0.013622528265682,0.00498910299402523,0.0977011494252874,0.435,"Basic",NA
8,8,200,3,5,0.4,"poor",0.16,0,0.15,"AR1",FALSE,"ignored","CU ignored",1,0.125,1,0.2025,0.18,0.1,0.2,2000,123,"EC_latent",200,784,0.608,1.56925731969906,0.435515748985556,-0.0912398400909108,-0.0293456304485081,1.5053953653133,0.124355681028571,0.569257319699059,0.233015748985556,-0.271239840090911,-0.429345630448508,0.0053953653132988,-0.000644318971429193,0.569257319699059,1.15069505671879,-1.50688800050506,-1.07336407612127,0.00359691020886587,-0.00515455177143354,0.724533184171433,0.306973608942651,0.365943450291791,0.538977808526175,0.13669618360833,0.0937759194901624,0.724533184171433,2.03301916828773,1.51591905650692,0.09113078907222,0.750207355921299,0.94515306122449,0.982142857142857,0.966836734693878,0.670918367346939,0.95280612244898,0.950255102040816,0.8125,0.131377551020408,0.00127551020408163,0.0905612244897959,1,0.258928571428571,151.947517159402,114,0.0577897388980243,0.863240408421881,0.87439256434952,0.0391747643301244,0.0685194637117618,19.2304395790538,0.0651095179963321,0.0609401585685386,0.0115334673379754,0.00475004459150579,0.724489795918367,0.392,"Cor.Unique",NA
9,9,200,5,3,0.6708,"vgood",0.45,0,0,"none",FALSE,"ignored","Correct (no CU)",1,0.125,1,0.2025,0.18,0.1,0.2,2000,123,"EC_latent",200,1931,0.0345,0.363761537975831,0.0731677165549158,0.0634488986696358,0.42058665174499,0.901414061890178,0.0749161210767994,0.0037615379758307,0.000267716554915749,-0.00135110133036425,0.02058665174499,0.00141406189017776,-8.3878923200599e-05,0.0104487165995297,0.00367238072586761,-0.0208503291722878,0.0514666293624751,0.00157117987797529,-0.00111838564267465,0.0855982593075826,0.0154546221639292,0.0266053344307815,0.21750936507803,0.0630013011081092,0.0261671576849127,0.237772942521063,0.410576148623171,0.211997560547726,0.0700014456756769,0.348895435798837,0.954427757638529,0.94665976178146,0.972035214914552,0.960642154324184,0.94665976178146,0.951320559295702,0.998964267219058,1,0.619368203003625,0.378042465044019,1,0.81460383221129,121.974196373102,118,0.431771268151499,0.993941438929985,0.99754768137514,0.013215103139029,0.0561066766039289,16.1036513050074,0.00801881117703724,0.0102649287126191,0.0136311219400748,0.00731378015270198,0.0875194199896427,0.9655,"Basic",NA
10,10,200,5,3,0.6708,"vgood",0.45,0,0,"none",TRUE,"modeled","CU overfit",1,0.125,1,0.2025,0.18,0.1,0.2,2000,123,"EC_latent",200,1924,0.038,0.364259817585911,0.0731673956657484,0.0634051258594806,0.421351391976583,0.901064550163511,0.074992452505927,0.00425981758591094,0.000267395665748351,-0.00139487414051939,0.0213513919765834,0.00106455016351111,-7.54749407299327e-06,0.0118328266275304,0.00366797895402402,-0.0215258355018425,0.0533784799414584,0.00118283351501234,-0.000100633254306576,0.0864588695710678,0.0156834850322604,0.0269563489109847,0.221544134469267,0.0632345288847583,0.02622805725329,0.240163526586299,0.415993038749763,0.21513696889246,0.0702605876497314,0.349707430043867,0.954781704781705,0.947505197505197,0.968814968814969,0.95997920997921,0.945945945945946,0.949064449064449,0.997920997920998,1,0.602910602910603,0.354989604989605,1,0.817567567567568,109.75043680699,106,0.431260588447087,0.99429133465113,0.997426287649031,0.0135579043163119,0.0549963628733047,15.1534360273866,0.00755642321152681,0.0107623692500372,0.0139400037707755,0.00732938457719057,0.0862785862785863,0.962,"Basic",NA
11,11,200,5,3,0.6708,"vgood",0.45,0,0.15,"AR1",FALSE,"ignored","CU ignored",1,0.125,1,0.2025,0.18,0.1,0.2,2000,123,"EC_latent",200,1985,0.0075,0.413876197126111,0.0805584946729658,0.0490998056492731,0.292937554424956,0.902865558142139,0.0744440045606463,0.0538761971261111,0.0076584946729658,-0.0157001943507269,-0.107062445575044,0.0028655581421386,-0.000555995439353719,0.149656103128086,0.105054796611328,-0.242286949856896,-0.267656113937611,0.0031839534912651,-0.00741327252471626,0.104986891982664,0.0173428841951376,0.0321522992459211,0.219827829254823,0.0646552027702144,0.0264817829064492,0.291630255507401,0.496177457498782,0.237899646023835,0.0718391141891271,0.353090438752656,0.922921914357683,0.943073047858942,0.922921914357683,0.858438287153652,0.939546599496222,0.952141057934509,1,1,0.424181360201511,0.238790931989924,1,0.793954659949622,158.751194625928,118,0.051541111539052,0.971895578711617,0.975022687654925,0.0399428291814813,0.0577359568571987,20.2933082398793,0.0137782419656377,0.0123303089858212,0.011552668147196,0.00669058921364613,0.75264483627204,0.9925,"Cor.Unique",NA
12,12,200,5,3,0.6708,"vgood",0.45,0,0.15,"AR1",TRUE,"modeled","CU modeled",1,0.125,1,0.2025,0.18,0.1,0.2,2000,123,"EC_latent",200,1912,0.044,0.36189164293409,0.0734228765648864,0.0633672763249942,0.422398499807518,0.90298410031357,0.074435850147741,0.00189164293409005,0.000522876564886336,-0.00143272367500577,0.0223984998075185,0.00298410031356944,-0.000564149852259001,0.0052545637058057,0.0071725180368496,-0.0221099332562619,0.0559962495187962,0.00331566701507716,-0.00752199803012002,0.0896227206882339,0.0156419373695721,0.0272619505079189,0.220759194730131,0.0646224474920181,0.0265359772157436,0.248952001911761,0.420709112776526,0.214567042106613,0.0718027194355756,0.353813029543248,0.953451882845188,0.956066945606695,0.969665271966527,0.947698744769874,0.941422594142259,0.951882845188284,0.994246861924686,1,0.61663179916318,0.313807531380753,1,0.796548117154812,109.233787521623,106,0.441804723268323,0.994757270229996,0.997882907668435,0.013077757106359,0.0541795550910177,15.1094334367968,0.00716267675123391,0.0102888475663125,0.0138405625978707,0.00698253479258094,0.0821129707112971,0.956,"Cor.Unique",NA
13,13,200,5,3,0.4,"poor",0.16,0,0,"none",FALSE,"ignored","Correct (no CU)",1,0.125,1,0.2025,0.18,0.1,0.2,2000,123,"EC_latent",200,1058,0.471,0.405561432777847,0.0767725385187233,0.0486040647369655,0.347842512187954,0.901609370900344,0.0738356034729311,0.0455614327778466,0.00387253851872328,-0.0161959352630345,-0.0521574878120459,0.00160937090034428,-0.00116439652706889,0.126559535494018,0.0531212416834469,-0.249937272577693,-0.130393719530115,0.00178818988927143,-0.0155252870275851,0.142876618422497,0.0252597548167878,0.045227950750129,0.310459215727791,0.0841720493391711,0.0350758267904665,0.396879495618046,0.697962202934089,0.346498694331795,0.0935244992657457,0.467677690539553,0.988657844990548,0.982041587901701,0.989603024574669,0.928166351606805,0.953686200378072,0.947069943289225,0.685255198487713,0.801512287334594,0.0453686200378072,0,1,0.526465028355388,122.151945779002,118,0.430999055311572,0.975167642482662,0.99093815012724,0.0134755728572987,0.0646689489442952,16.3869366354629,0.0325396312592022,0.0433372836208299,0.0137335760169023,0.00556643166090014,0.0879017013232514,0.529,"Basic",NA
14,14,200,5,3,0.4,"poor",0.16,0,0,"none",TRUE,"modeled","CU overfit",1,0.125,1,0.2025,0.18,0.1,0.2,2000,123,"EC_latent",200,985,0.5075,0.408540988695175,0.0770258231343548,0.0475456175903095,0.34401671129854,0.89935926786312,0.0745807243297032,0.0485409886951749,0.00412582313435477,-0.0172543824096905,-0.0559832887014597,-0.00064073213687981,-0.000419275670296788,0.134836079708819,0.0565956534205044,-0.266271333482878,-0.139958221753649,-0.000711924596533122,-0.00559034227062384,0.148520227306092,0.0258144130723834,0.0466119996897194,0.316912112151706,0.0848728797405678,0.0355294403560599,0.412556186961367,0.71932098286604,0.354107175204162,0.094303199711742,0.473725871414132,0.989847715736041,0.989847715736041,0.990862944162437,0.923857868020305,0.947208121827411,0.94010152284264,0.622335025380711,0.74010152284264,0.0314720812182741,0,1,0.523857868020305,110.365204382529,106,0.422285464472161,0.975880499904854,0.989223998165773,0.0141085690506386,0.0624214290845751,15.536679521462,0.031237931429108,0.0455450800525689,0.0142042997241508,0.005612979339972,0.0954314720812183,0.4925,"Basic",NA
15,15,200,5,3,0.4,"poor",0.16,0,0.15,"AR1",FALSE,"ignored","CU ignored",1,0.125,1,0.2025,0.18,0.1,0.2,2000,123,"EC_latent",200,599,0.7005,0.573459046003874,0.0993119362540983,0.00761147634201637,0.0823639110300229,0.897494768086815,0.0766540469814182,0.213459046003874,0.0264119362540982,-0.0571885236579836,-0.317636088969977,-0.00250523191318524,0.00165404698141822,0.592941794455204,0.362303652319592,-0.882538945339253,-0.794090222424943,-0.00278359101465027,0.022053959752243,0.263457589127398,0.0385825809936273,0.078668069643235,0.413747437461831,0.0877996302417624,0.0362491489228211,0.731826636464994,1.21401342042029,0.52925351157239,0.0975551447130693,0.483321985637614,0.843071786310517,0.911519198664441,0.884808013355593,0.632721202003339,0.94991652754591,0.954924874791319,0.944908180300501,0.954924874791319,0.0267111853088481,0.0267111853088481,1,0.56093489148581,160.316506744714,118,0.0445583021357282,0.898360261728564,0.90959962895214,0.0408821755163335,0.0700433629659899,20.238881756061,0.0475720740676825,0.0424298368596788,0.0110759295067099,0.0053477745534594,0.779632721202003,0.2995,"Cor.Unique",NA
16,16,200,5,3,0.4,"poor",0.16,0,0.15,"AR1",TRUE,"modeled","CU modeled",1,0.125,1,0.2025,0.18,0.1,0.2,2000,123,"EC_latent",200,1040,0.48,0.413948638387779,0.0788907538133633,0.0437114964610036,0.323541513656489,0.900641587633243,0.0763723534133846,0.0539486383877787,0.00599075381336329,-0.0210885035389965,-0.0764584863435107,0.000641587633243211,0.00137235341338455,0.149857328854941,0.0821776929130767,-0.325439869428958,-0.191146215858777,0.000712875148048012,0.018298045511794,0.15874361098926,0.0272892037166553,0.0511650267397043,0.332514640919892,0.0893371675316446,0.0372406650524615,0.440954474970168,0.789583745983091,0.374337499542596,0.0992635194796051,0.496542200699486,0.990384615384615,0.985576923076923,0.9875,0.910576923076923,0.946153846153846,0.938461538461538,0.567307692307692,0.729807692307692,0.0153846153846154,0.00192307692307692,1,0.546153846153846,109.208384034525,106,0.440119682630899,0.981823999241546,0.99339019605957,0.013172735757889,0.0615320026601184,15.0397179576644,0.0247033732364212,0.0369678962586192,0.0136873223953268,0.00541480535259936,0.0798076923076923,0.52,"Cor.Unique",NA
17,17,200,5,5,0.6708,"vgood",0.45,0,0,"none",FALSE,"ignored","Correct (no CU)",1,0.125,1,0.2025,0.18,0.1,0.2,2000,123,"EC_latent",200,1977,0.0115,1.00185566655895,0.202343499772544,0.17960221371478,0.423994712381942,1.50368772346959,0.124445319820054,0.00185566655895163,-0.000156500227455814,-0.000397786285220295,0.0239947123819418,0.00368772346959213,-0.00055468017994642,0.00185566655895163,-0.000772840629411429,-0.00220992380677942,0.0599867809548544,0.00245848231306142,-0.00443744143957136,0.217037305019349,0.0393320260059349,0.0662340606908876,0.19568952615778,0.0993401757133603,0.0419563036671418,0.217037305019349,0.367967003838264,0.194232227189802,0.0662267838089069,0.335650429337134,0.943854324734446,0.945877592311583,0.955993930197269,0.96560445118867,0.945371775417299,0.94790085988872,1,1,0.761254425897825,0.596358118361153,1,0.848760748609004,343.76762347525,327,0.324941907669802,0.992619160238349,0.994547348983766,0.0141408788770846,0.0578574648715365,26.741674092621,0.00762212943617235,0.00874231120816873,0.0108172524798311,0.00591246490976955,0.157814871016692,0.9885,"Basic",NA
18,18,200,5,5,0.6708,"vgood",0.45,0,0,"none",TRUE,"modeled","CU overfit",1,0.125,1,0.2025,0.18,0.1,0.2,2000,123,"EC_latent",200,1975,0.0125,1.00309771619035,0.202544928972071,0.179223076230502,0.422829511600483,1.50358389506816,0.124460617873078,0.00309771619035368,4.49289720706218e-05,-0.000776923769498311,0.0228295116004829,0.00358389506816229,-0.000539382126921954,0.00309771619035368,0.000221871467015416,-0.00431624316387951,0.0570737790012073,0.00238926337877486,-0.00431505701537563,0.217452430371749,0.0395284009185117,0.0665556719732911,0.196125571196641,0.099321085586675,0.0419817102576442,0.217452430371749,0.36975373318495,0.195201979844502,0.0662140570577834,0.335853682061154,0.939746835443038,0.942278481012658,0.955949367088608,0.961518987341772,0.945822784810127,0.946835443037975,1,1,0.758481012658228,0.591392405063291,1,0.849620253164557,323.546215823922,307,0.321695409732629,0.992758219832544,0.994269907383671,0.0145126900381977,0.0572502276700371,26.0498591657322,0.00742375752163778,0.00906239554310448,0.0109946598360221,0.00592913352276664,0.161012658227848,0.9875,"Basic",NA
19,19,200,5,5,0.6708,"vgood",0.45,0,0.15,"AR1",FALSE,"ignored","CU ignored",1,0.125,1,0.2025,0.18,0.1,0.2,2000,123,"EC_latent",200,1992,0.004,1.08890378418367,0.214515297226995,0.155115222084498,0.340650665971784,1.50344470385182,0.12436287748922,0.0889037841836665,0.012015297226995,-0.0248847779155016,-0.0593493340282165,0.00344470385182421,-0.000637122510780359,0.0889037841836665,0.059334801120963,-0.138248766197231,-0.148373335070541,0.00229646923454947,-0.00509698008624287,0.237948762143244,0.0410363109764123,0.072227991598637,0.184104779177037,0.101242014208518,0.0421157704805903,0.237948762143244,0.401266619992428,0.202648449266234,0.0674946761390119,0.336926163844723,0.940763052208835,0.95281124497992,0.938755020080321,0.91214859437751,0.944277108433735,0.947289156626506,1,1,0.626004016064257,0.463855421686747,1,0.839859437751004,415.566337110205,327,0.0136588130767036,0.969301108774123,0.971837298992698,0.0361352296577427,0.0588412095792522,31.5568175355131,0.0108959982482154,0.0100004448464336,0.00696832833076223,0.00561439876643184,0.927208835341365,0.996,"Cor.Unique",NA
20,20,200,5,5,0.6708,"vgood",0.45,0,0.15,"AR1",TRUE,"modeled","CU modeled",1,0.125,1,0.2025,0.18,0.1,0.2,2000,123,"EC_latent",200,1972,0.014,0.996659348263586,0.201946640081453,0.181225338584887,0.42984628023547,1.50368054726346,0.124611990037259,-0.00334065173641444,-0.000553359918546975,0.00122533858488741,0.0298462802354701,0.00368054726345686,-0.000388009962741368,-0.00334065173641444,-0.00273264157307148,0.00680743658270784,0.0746157005886752,0.00245369817563791,-0.00310407970193094,0.219675754735183,0.0396204068973109,0.0679572881516251,0.199326063289926,0.101104660352272,0.0421886347045742,0.219675754735183,0.37754048973125,0.195656330357091,0.0674031069015145,0.337509077636594,0.943711967545639,0.949797160243408,0.952839756592292,0.956896551724138,0.943204868154158,0.947768762677485,1,1,0.752028397565923,0.58367139959432,1,0.840770791075051,323.262158859916,307,0.325986269338061,0.992973046742735,0.994555424513053,0.0145163295168701,0.0566452427432672,26.0726122339725,0.00709338037976512,0.00879728013865392,0.0110251912542492,0.00577445988581074,0.160243407707911,0.986,"Cor.Unique",NA
21,21,200,5,5,0.4,"poor",0.16,0,0,"none",FALSE,"ignored","Correct (no CU)",1,0.125,1,0.2025,0.18,0.1,0.2,2000,123,"EC_latent",200,1578,0.211,1.07633868273995,0.208889784879928,0.15692889336546,0.383074385048014,1.50333583513373,0.123922218501015,0.0763386827399511,0.00638978487992827,-0.0230711066345399,-0.0169256149519856,0.00333583513373075,-0.00107778149898532,0.0763386827399511,0.0315544932342137,-0.128172814636333,-0.0423140373799639,0.00222389008915383,-0.0086222519918826,0.322423410308715,0.0562548943133222,0.0979239196778034,0.267215592571805,0.122243474594344,0.0516580741438013,0.322423410308715,0.544021775987797,0.277801947226283,0.0814956497295625,0.413264593150411,0.973384030418251,0.97148288973384,0.987325728770596,0.94233206590621,0.951204055766793,0.947401774397972,0.920152091254753,0.976552598225602,0.259822560202788,0.00443599493029151,1,0.662230671736375,343.517038234886,327,0.327470071261509,0.972282509522456,0.980001268119103,0.0140568915920628,0.0663572134113794,26.7230784101854,0.0283702264479456,0.0334834437197749,0.0108255511310533,0.00382838583658925,0.159695817490494,0.789,"Basic",NA
22,22,200,5,5,0.4,"poor",0.16,0,0,"none",TRUE,"modeled","CU overfit",1,0.125,1,0.2025,0.18,0.1,0.2,2000,123,"EC_latent",200,1572,0.214,1.08142130112551,0.208740666746406,0.155654822719932,0.383012665808131,1.5029694755515,0.123989111476869,0.0814213011255128,0.0062406667464058,-0.0243451772800678,-0.0169873341918694,0.00296947555150269,-0.00101088852313124,0.0814213011255128,0.0308181073896583,-0.135250984889265,-0.0424683354796734,0.00197965036766846,-0.00808710818504995,0.330751849087411,0.0574335330180754,0.101338027510907,0.275368540525174,0.122461178562657,0.0517044773457044,0.330751849087411,0.562989041727259,0.283622385274447,0.0816407857084381,0.413635818765635,0.973918575063613,0.971374045801527,0.982824427480916,0.934478371501272,0.950381679389313,0.945928753180662,0.91412213740458,0.967557251908397,0.25,0.00381679389312977,1,0.673027989821883,323.565186822842,307,0.321894599761304,0.972435833165428,0.978511874527368,0.0145025266850879,0.0650111884338041,26.1013696145786,0.0279690105315613,0.0348635475885859,0.0110634120236986,0.003894271374335,0.157124681933842,0.786,"Basic",NA
23,23,200,5,5,0.4,"poor",0.16,0,0.15,"AR1",FALSE,"ignored","CU ignored",1,0.125,1,0.2025,0.18,0.1,0.2,2000,123,"EC_latent",200,1455,0.2725,1.40234746143101,0.256131582997502,0.0655583397327826,0.145062762192927,1.50170710508142,0.124559999153584,0.402347461431005,0.0536315829975023,-0.114441660267217,-0.254937237807073,0.00170710508142421,-0.000440000846416099,0.402347461431005,0.264847323444456,-0.635787001484541,-0.637343094517683,0.00113807005428281,-0.00352000677132879,0.531185066542396,0.0809075187676882,0.160849776006668,0.341066046310556,0.130698461599582,0.0541005099352927,0.531185066542396,0.893609866703712,0.399543302556485,0.0871323077330546,0.432804079482342,0.858419243986254,0.908591065292096,0.86872852233677,0.687972508591065,0.942268041237113,0.94020618556701,0.993127147766323,0.997938144329897,0.100343642611684,0.0109965635738832,1,0.661168384879725,416.936429473829,327,0.012222794640088,0.89256678941904,0.9014468107392,0.0364491358440299,0.0702653902354257,31.3288890773031,0.0364755442543748,0.0334924558982417,0.00683908308202462,0.00376720603743845,0.942268041237113,0.7275,"Cor.Unique",NA
24,24,200,5,5,0.4,"poor",0.16,0,0.15,"AR1",TRUE,"modeled","CU modeled",1,0.125,1,0.2025,0.18,0.1,0.2,2000,123,"EC_latent",200,1562,0.219,1.07052077374414,0.212916113276,0.151541331850165,0.374833170151803,1.50223766623504,0.125295779195323,0.0705207737441355,0.0104161132759998,-0.0284586681498347,-0.0251668298481974,0.00223766623504181,0.00029577919532296,0.0705207737441355,0.0514375964246906,-0.158103711943526,-0.0629170746204934,0.00149177749002787,0.00236623356258368,0.338476407463949,0.0593021608439306,0.106457968234747,0.279122031000907,0.127946865919749,0.0533214490871348,0.338476407463949,0.591433156859704,0.292850177007064,0.0852979106131659,0.426571592697078,0.97887323943662,0.971190781049936,0.983994878361076,0.931498079385403,0.947503201024328,0.943661971830986,0.882842509603073,0.95966709346991,0.222791293213828,0.00256081946222791,1,0.657490396927017,322.820794349838,307,0.330715518696551,0.976419671721926,0.982220549652217,0.0142832972759286,0.0644172949896904,26.3331910147198,0.0241309957130678,0.0306547046204931,0.0110947116304526,0.00386611623773142,0.157490396927017,0.781,"Cor.Unique",NA
25,25,200,3,3,0.6708,"vgood",0.45,0,0,"none",FALSE,"ignored","Correct (no CU)",1,0.125,1,0.2025,0.18,0.1,0.2,2000,123,"sum",200,1283,0.3585,0.412502632171117,0.114879153026019,0.023367576824276,0.202673341424895,0.901939918752318,0.0754204797696522,0.0525026321711169,0.0419791530260185,-0.041432423175724,-0.197326658575105,0.00193991875231782,0.000420479769652168,0.145840644919769,0.575845720521516,-0.63938924653895,-0.493316646437761,0.00215546528035313,0.00560639692869557,0.126484543103324,0.0719681034047663,0.0731506345288,0.386235887509808,0.0695785518103712,0.0452217023174941,0.351345953064789,1.12886781680247,0.987216781958385,0.0773095020115235,0.602956030899921,0.979734996102884,0.96024941543258,0.967264224473889,0.838659392049883,0.951675759937646,0.957131722525331,0.894777864380359,0.217459080280592,0.00467653936087295,0.0218238503507405,1,0.367108339828527,0.973533947091083,1,0.510302135933967,0.995163308872412,1.00145742960691,0.0239457632276924,0.0134878917773565,1.35337003960896,0.0110928827069534,0.0418766747224828,0.0425879500177295,0.0104444446760447,0.0553390491036633,0.6415,"Basic",NA
26,26,200,3,3,0.6708,"vgood",0.45,0,0.15,"AR1",FALSE,"ignored","CU ignored",1,0.125,1,0.2025,0.18,0.1,0.2,2000,123,"sum",200,1729,0.1355,0.478175975897575,0.138276547151276,-0.00129000925365791,0.081553023168562,0.902411962650676,0.074816650306552,0.118175975897574,0.0653765471512764,-0.0660900092536579,-0.318446976831438,0.00241196265067588,-0.000183349693447978,0.328266599715484,0.896797628961267,-1.01990755021077,-0.796117442078595,0.00267995850075098,-0.00244466257930638,0.175929928913532,0.0924518977919742,0.0965379433104976,0.452991125171575,0.0721077090202516,0.0460309753399847,0.488694246982033,1.48978307577928,1.26820161580211,0.0801196766891684,0.613746337866463,0.903412377096588,0.902255639097744,0.907460960092539,0.674956622325043,0.941006362058994,0.945633314054367,0.96471949103528,0.366107576633892,0.0138808559861191,0.0647773279352227,1,0.37246963562753,1.01261453596432,1,0.490830217008281,0.995579280874395,0.999770836042671,0.0247133517386737,0.0134946485055294,1.38080933299568,0.0108988257333828,0.039379381303941,0.0425489720651063,0.00995195504045914,0.048582995951417,0.8645,"Cor.Unique",NA
27,27,200,3,3,0.4,"poor",0.16,0,0,"none",FALSE,"ignored","Correct (no CU)",1,0.125,1,0.2025,0.18,0.1,0.2,2000,123,"sum",200,1041,0.4795,0.526978816868137,0.189308254419321,-0.0567002116557734,-0.055971575852308,0.900414115372338,0.0767533966209689,0.166978816868137,0.116408254419321,-0.121500211655773,-0.455971575852308,0.000414115372338107,0.00175339662096885,0.463830046855936,1.596821048276,-1.8750032662928,-1.13992893963077,0.000460128191486785,0.023378621612918,0.277078595032676,0.162906454984644,0.172452010669469,0.607818625519718,0.0956069880674773,0.0685523567883982,0.769662763979655,2.6612964609486,2.23465644697728,0.106229986741641,0.914031423845309,0.971181556195965,0.954851104707013,0.970220941402498,0.699327569644573,0.943323727185399,0.944284341978866,0.31700288184438,0.112391930835735,0.0134486071085495,0.131604226705091,1,0.182516810758886,0.972727651847826,1,0.509673635009488,0.982707722892494,1.00734871353829,0.023456734182752,0.0157046332087255,1.38539028660146,0.0472383696640359,0.172404534572344,0.042477068038585,0.0121633792481115,0.0509125840537944,0.5205,"Basic",NA
28,28,200,3,3,0.4,"poor",0.16,0,0.15,"AR1",FALSE,"ignored","CU ignored",1,0.125,1,0.2025,0.18,0.1,0.2,2000,123,"sum",200,1849,0.0755,0.80439986378462,0.303813679151781,-0.167377301523572,-0.257330298587877,0.901471576115066,0.0756263778989291,0.44439986378462,0.230913679151781,-0.232177301523572,-0.657330298587877,0.00147157611506619,0.000626377898929079,1.23444406606839,3.16754018040852,-3.58298304820327,-1.64332574646969,0.00163508457229576,0.00835170531905438,0.524800320557812,0.272304315453643,0.283357689589584,0.727210238361118,0.0999286735511619,0.0697852106406489,1.45777866821614,4.37280385169111,3.73531296918578,0.111031859501291,0.930469475208651,0.717685235262304,0.733369388858843,0.787993510005408,0.358572201189832,0.946998377501352,0.942671714440238,0.778258518117902,0.430502974580855,0.120064899945917,0.383450513791239,1,0.202271498107085,1.02540173917819,1,0.4897913671908,0.989127494064713,0.99947029346686,0.02538686580617,0.0153678198563408,1.3939549718368,0.0265515593014016,0.0972023995819809,0.0427350683149907,0.01137306732483,0.0486749594375338,0.9245,"Cor.Unique",NA
29,29,200,3,5,0.6708,"vgood",0.45,0,0,"none",FALSE,"ignored","Correct (no CU)",1,0.125,1,0.2025,0.18,0.1,0.2,2000,123,"sum",200,1351,0.3245,1.1246867774004,0.296844397405739,0.0844969056955045,0.235537776741285,1.50306784204819,0.125026971703429,0.124686777400401,0.0943443974057391,-0.0955030943044955,-0.164462223258715,0.0030678420481851,2.69717034292432e-05,0.124686777400401,0.465898258793773,-0.530572746136086,-0.411155558146787,0.0020452280321234,0.000215773627433946,0.314575915694893,0.17317540769703,0.177168146743432,0.362368349053592,0.109355028704972,0.070536363102267,0.314575915694893,0.984267481907956,0.855187198503853,0.0729033524699814,0.564290904818136,0.977054034048853,0.952627683197631,0.96299037749815,0.843079200592154,0.952627683197631,0.952627683197631,0.960769800148038,0.251665433012583,0.00148038490007402,0.0162842339008142,1,0.42561065877128,0.952111663699191,1,0.509272432396023,0.996452669241652,1.00173599901491,0.0231983059844463,0.0127892637210195,1.31273423468325,0.00832951109486544,0.0316547577316826,0.041161262591751,0.0097109522127899,0.0458919319022946,0.6755,"Basic",NA
30,30,200,3,5,0.6708,"vgood",0.45,0,0.15,"AR1",FALSE,"ignored","CU ignored",1,0.125,1,0.2025,0.18,0.1,0.2,2000,123,"sum",200,1663,0.1685,1.22052087566249,0.331406596284987,0.0479813940435257,0.158707362329043,1.50585922702736,0.123653338769577,0.220520875662494,0.128906596284987,-0.132018605956474,-0.241292637670957,0.00585922702735602,-0.00134666123042251,0.220520875662494,0.636575784123393,-0.73343669975819,-0.603231594177393,0.00390615135157068,-0.0107732898433801,0.375825802658609,0.200266122746752,0.207429014924854,0.395751490997378,0.111689253073415,0.0687751351848923,0.375825802658609,1.15238341624919,0.988968507391366,0.0744595020489432,0.550201081479138,0.936259771497294,0.928442573662057,0.932651834034877,0.753457606734817,0.942273000601323,0.955502104630186,0.989176187612748,0.374022850270595,0.00841852074564041,0.0282621767889357,1,0.430547203848467,0.986107179739782,1,0.500389866854284,0.996424726928923,1.0003811101433,0.0239144657800221,0.0127584899796017,1.38209737715709,0.00890737435578317,0.0323588653789607,0.042024518950233,0.0096349647599285,0.047504509921828,0.8315,"Cor.Unique",NA
31,31,200,3,5,0.4,"poor",0.16,0,0,"none",FALSE,"ignored","Correct (no CU)",1,0.125,1,0.2025,0.18,0.1,0.2,2000,123,"sum",200,1146,0.427,1.32736553591759,0.425943245178073,-0.0577826825603334,0.0401433771996361,1.50090841313888,0.125613554135459,0.327365535917589,0.223443245178073,-0.237782682560333,-0.359856622800364,0.000908413138875983,0.000613554135459419,0.327365535917589,1.10342343297814,-1.32101490311296,-0.89964155700091,0.000605608759250655,0.00490843308367535,0.581017221733772,0.329291515909335,0.351866716759708,0.531745943145574,0.1408458554107,0.0972972181360823,0.581017221733772,1.95481509310949,1.62613094276215,0.093897236940467,0.778377745088658,0.970331588132635,0.952006980802792,0.965968586387435,0.713787085514834,0.945898778359511,0.946771378708551,0.554101221640489,0.147469458987784,0.012216404886562,0.0820244328097731,1,0.2521815008726,0.978296113113242,1,0.502694287561591,0.990846424575104,1.00419951685471,0.0239523303286738,0.0150716120148025,1.32010501790152,0.0209150828216459,0.081161345573881,0.0417291146575354,0.0113356071877491,0.0453752181500873,0.573,"Basic",NA
32,32,200,3,5,0.4,"poor",0.16,0,0.15,"AR1",FALSE,"ignored","CU ignored",1,0.125,1,0.2025,0.18,0.1,0.2,2000,123,"sum",200,1819,0.0905,1.75762223731831,0.601955818641749,-0.224549579885593,-0.136336432577416,1.50505176118808,0.124396605020991,0.757622237318307,0.399455818641749,-0.404549579885593,-0.536336432577416,0.00505176118807975,-0.00060339497900948,0.757622237318307,1.97262132662592,-2.24749766603107,-1.34084108144354,0.00336784079205317,-0.00482715983207584,0.939378506800154,0.489203126609212,0.5130109221161,0.619935630301039,0.142268501400871,0.0951398027155558,0.939378506800154,2.85006067842278,2.41581790918129,0.0948456676005808,0.761118421724447,0.809235843870258,0.793293018141836,0.835623969213854,0.473886750962067,0.948873007146784,0.954370533260033,0.862561847168774,0.404068169323804,0.0681693238042881,0.239692138537658,1,0.250687190764156,1.02754805693258,1,0.493624129773909,0.99226985240789,0.998716408887269,0.0249795604539498,0.0146798422299709,1.43618616009782,0.0189072571034146,0.0682057085613897,0.0433292107879582,0.0110857559345782,0.0489279824079164,0.9095,"Cor.Unique",NA
33,33,200,5,3,0.6708,"vgood",0.45,0,0,"none",FALSE,"ignored","Correct (no CU)",1,0.125,1,0.2025,0.18,0.1,0.2,2000,123,"sum",200,1939,0.0305,0.364199082358228,0.0732555973230054,0.0633939545818013,0.419583295316209,0.901042778055427,0.0749819569804767,0.00419908235822818,0.000355597323005357,-0.00140604541819873,0.0195832953162094,0.00104277805542683,-1.80430195232774e-05,0.0116641176617449,0.00487787823052615,-0.021698231762326,0.0489582382905236,0.00115864228380758,-0.000240573593643698,0.0853051176535497,0.0155437359397782,0.0266390767113537,0.216851724932878,0.0630052101722948,0.0261883664455986,0.236958660148749,0.411096862829533,0.21321997173907,0.0700057890803276,0.349178219274648,0.956162970603404,0.945332645693656,0.972666322846828,0.959257349149046,0.946879834966478,0.951005673027334,0.998968540484786,1,0.615781330582775,0.370809695719443,1,0.814853017019082,9.98845940454293,10,0.501349835494461,0.995674042471503,1.00007468959559,0.0178609799467289,0.0395760580025536,4.53801745685353,0.00760326421318827,0.0112070434042451,0.0237637395784015,0.0120904220656543,0.0520887055183084,0.9695,"Basic",NA
34,34,200,5,3,0.6708,"vgood",0.45,0,0,"none",TRUE,"modeled","CU overfit",1,0.125,1,0.2025,0.18,0.1,0.2,2000,123,"sum",200,1593,0.2035,0.394831759894694,0.0773363754606633,0.0521847025183165,0.360386075507996,0.901314379018224,0.0749188771561289,0.0348317598946935,0.00443637546066323,-0.0126152974816835,-0.039613924492004,0.00131437901822347,-8.1122843871078e-05,0.0967548885963708,0.0608556304617727,-0.194680516692647,-0.09903481123001,0.00146042113135941,-0.00108163791828104,0.123776349113967,0.0219887167866922,0.0386310730977624,0.282791109293575,0.0635632255898161,0.0262167624617956,0.343823191983242,0.596158535459297,0.301628488157643,0.0706258062109068,0.349556832823941,0.972379158819837,0.983050847457627,0.967357187696171,0.919648462021343,0.945386064030132,0.949152542372881,0.865034526051475,0.893283113622097,0.14375392341494,0.00251098556183302,1,0.815442561205273,5.97317679891553,6,0.501173148488393,0.996752589709481,1.00010676824439,0.0193123354440785,0.0300551327775661,3.44934776737442,0.00609281252518375,0.0143576941298657,0.0268380624821161,0.0108623378573272,0.0489642184557439,0.7965,"Basic",NA
35,35,200,5,3,0.6708,"vgood",0.45,0,0.15,"AR1",FALSE,"ignored","CU ignored",1,0.125,1,0.2025,0.18,0.1,0.2,2000,123,"sum",200,1997,0.0015,0.413554327334181,0.0806332408570415,0.0490508042116067,0.292841577197948,0.902937328849398,0.0745155102273297,0.0535543273341807,0.00773324085704148,-0.0157491957883933,-0.107158422802052,0.00293732884939756,-0.000484489772670291,0.148762020372724,0.106080121495768,-0.243043144882612,-0.26789605700513,0.00326369872155284,-0.00645986363560388,0.10475950055344,0.0174642053551909,0.0322039317751325,0.220392370851776,0.0646433245556181,0.0265227470077609,0.290998612648443,0.496974255789082,0.23956385946764,0.071825916172909,0.353636626770146,0.926890335503255,0.940911367050576,0.923385077616425,0.85878818227341,0.938908362543816,0.953930896344517,1,1,0.42313470205308,0.240861291937907,1,0.796194291437156,11.2798343111263,10,0.428946031611249,0.993988791716035,0.997177457412605,0.0242094163421274,0.0394591122261231,5.10774906186482,0.00883474466212853,0.0117452922421769,0.0270724401583905,0.0113681016748326,0.0991487230846269,0.9985,"Cor.Unique",NA
36,36,200,5,3,0.6708,"vgood",0.45,0,0.15,"AR1",TRUE,"modeled","CU modeled",1,0.125,1,0.2025,0.18,0.1,0.2,2000,123,"sum",200,1611,0.1945,0.391809663321168,0.0781941271280639,0.0526931918721284,0.36242046015752,0.902418154706246,0.0742281008364951,0.0318096633211683,0.00529412712806383,-0.0121068081278716,-0.0375795398424797,0.00241815470624606,-0.000771899163504905,0.0883601758921342,0.0726217713040306,-0.186833458763451,-0.0939488496061993,0.00268683856249562,-0.0102919888467321,0.122974744052052,0.0221930330842324,0.0386215047371401,0.28313117867468,0.06549407709169,0.0265388169728845,0.3415965112557,0.59601087557315,0.304431180853668,0.0727711967685445,0.353850892971793,0.973308504034761,0.97951582867784,0.97082557417753,0.913097454996896,0.93854748603352,0.949099937926754,0.86219739292365,0.904407200496586,0.157666045934202,0.000620732464307883,1,0.793916821849783,5.91321895234562,6,0.511551323081127,0.996962035520891,1.00045778559443,0.018936925100456,0.0288891005173934,3.5373414273752,0.00569659240800972,0.0136230778403497,0.0273514344324805,0.0102273475686632,0.0571073867163253,0.8055,"Cor.Unique",NA
37,37,200,5,3,0.4,"poor",0.16,0,0,"none",FALSE,"ignored","Correct (no CU)",1,0.125,1,0.2025,0.18,0.1,0.2,2000,123,"sum",200,1564,0.218,0.414190127700539,0.080312875617891,0.0447786357333883,0.318876782975276,0.900137849191396,0.0745632608570653,0.0541901277005387,0.00741287561789101,-0.0200213642666117,-0.0811232170247244,0.000137849191396354,-0.000436739142934723,0.150528132501496,0.101685536596584,-0.308971670781044,-0.202808042561811,0.000153165768218172,-0.00582318857246297,0.151981130219676,0.02697772063985,0.0484215596246302,0.31732392362014,0.0850501615754408,0.035035196630447,0.422169806165768,0.747246290503552,0.370064755004801,0.0945001795282675,0.467135955072627,0.979539641943734,0.976982097186701,0.981457800511509,0.903452685421995,0.943734015345269,0.949488491048593,0.698849104859335,0.831841432225064,0.0383631713554987,0.000639386189258312,1,0.540920716112532,10.0860442787527,10,0.49417719604179,0.988530962418062,0.999829241686797,0.0182375417948979,0.0443095312591887,4.47177966011027,0.0193861252050069,0.0290091175664708,0.023876064724525,0.0114311851535096,0.0524296675191816,0.782,"Basic",NA
38,38,200,5,3,0.4,"poor",0.16,0,0,"none",TRUE,"modeled","CU overfit",1,0.125,1,0.2025,0.18,0.1,0.2,2000,123,"sum",200,1296,0.352,0.517584166281064,0.0956078083679544,0.0110529384555183,0.161018345793191,0.900582490280463,0.0749548348053955,0.157584166281064,0.0227078083679544,-0.0537470615444817,-0.238981654206809,0.000582490280463158,-4.51651946045069e-05,0.437733795225178,0.311492570205136,-0.8294299621062,-0.597454135517023,0.000647211422736842,-0.000602202594726757,0.275855647424843,0.0439916964585424,0.0866805118070688,0.432811026235994,0.0842009968594904,0.0349797235978527,0.766265687291229,1.33766221924489,0.603452626317454,0.0935566631772116,0.466396314638036,0.962962962962963,0.958333333333333,0.962962962962963,0.799382716049383,0.952932098765432,0.95216049382716,0.347993827160494,0.466820987654321,0.00694444444444444,0.0401234567901235,1,0.542438271604938,6.0275681781318,6,0.501414237301641,0.991173103302241,0.999972933273896,0.0196329794036834,0.0334428297204889,3.57154534494581,0.0164231662176503,0.0386160424175964,0.0277047066796884,0.0109771160801617,0.0555555555555556,0.648,"Basic",NA
39,39,200,5,3,0.4,"poor",0.16,0,0.15,"AR1",FALSE,"ignored","CU ignored",1,0.125,1,0.2025,0.18,0.1,0.2,2000,123,"sum",200,1983,0.0085,0.612207345350954,0.1091361869481,-0.0100059442514714,0.0101803254230567,0.899814732506408,0.0760993283048555,0.252207345350954,0.0362361869481003,-0.0748059442514714,-0.389819674576943,-0.000185267493592453,0.00109932830485552,0.700575959308205,0.497067036325107,-1.15441271993011,-0.974549186442358,-0.000205852770658282,0.0146577107314069,0.30637214531209,0.047127245577504,0.0949007375709675,0.465887293842205,0.0888329358519463,0.0372835002299773,0.851033736978027,1.46451755510752,0.646464274039836,0.0987032620577181,0.497113336399698,0.745839636913767,0.813918305597579,0.78618255168936,0.505799293998991,0.948058497226425,0.939989914271306,0.952597075138679,0.97528996469995,0.0393343419062027,0.0847201210287443,1,0.555219364599092,13.9544922420694,10,0.297369425194545,0.975994725271081,0.97986751259964,0.0378663428188558,0.0476795095074856,5.92294620623409,0.0261925000692308,0.0306157775575564,0.0301415361890372,0.0113579944675496,0.221886031265759,0.9915,"Cor.Unique",NA
40,40,200,5,3,0.4,"poor",0.16,0,0.15,"AR1",TRUE,"modeled","CU modeled",1,0.125,1,0.2025,0.18,0.1,0.2,2000,123,"sum",200,1316,0.342,0.507327045589493,0.0957274565992009,0.0122916671207859,0.162591295290004,0.901145421877367,0.0759118566366821,0.147327045589493,0.0228274565992009,-0.0525083328792142,-0.237408704709996,0.00114542187736734,0.000911856636682131,0.409241793304147,0.313133835379985,-0.810313779000218,-0.59352176177499,0.00127269097485259,0.0121580884890951,0.267645614736308,0.0432008818689511,0.0847055537583798,0.4238031129252,0.0884065215725905,0.0374678721615864,0.743460040934188,1.30718447157994,0.592604689560371,0.0982294684139894,0.499571628821152,0.97112462006079,0.969604863221885,0.963525835866261,0.809270516717325,0.946808510638298,0.939209726443769,0.321428571428571,0.463525835866261,0.00531914893617021,0.0410334346504559,1,0.550911854103343,6.09966764659957,6,0.490994449148899,0.992914392726796,0.999273291897161,0.0199164665375492,0.0318429115265163,3.46465403863601,0.0129511941401032,0.0301762381709976,0.0274300993769546,0.0098954360216267,0.0486322188449848,0.658,"Cor.Unique",NA
41,41,200,5,5,0.6708,"vgood",0.45,0,0,"none",FALSE,"ignored","Correct (no CU)",1,0.125,1,0.2025,0.18,0.1,0.2,2000,123,"sum",200,1975,0.0125,1.00267704558784,0.202358286719395,0.179370087748654,0.423060733553044,1.50348330633213,0.124490126842884,0.00267704558784179,-0.000141713280605468,-0.000629912251345563,0.0230607335530444,0.00348330633212751,-0.000509873157116338,0.00267704558784179,-0.000699818669656633,-0.00349951250747535,0.0576518338826111,0.00232220422141834,-0.00407898525693071,0.216549422492714,0.039350569522138,0.065979347336466,0.194414508734586,0.0992159610326746,0.0419593297650275,0.216549422492714,0.366551929647033,0.194323800109323,0.066143974021783,0.33567463812022,0.944810126582278,0.945316455696202,0.956962025316456,0.965569620253165,0.946835443037975,0.947848101265823,1,1,0.760506329113924,0.591898734177215,1,0.850126582278481,10.0152993869012,10,0.500138695931576,0.996363333301132,1.00004056770343,0.0178658777070289,0.0381491341027068,4.51173823700993,0.00630163387677003,0.00932339119468078,0.0239343585049876,0.0118169638656713,0.0582278481012658,0.9875,"Basic",NA
42,42,200,5,5,0.6708,"vgood",0.45,0,0,"none",TRUE,"modeled","CU overfit",1,0.125,1,0.2025,0.18,0.1,0.2,2000,123,"sum",200,1639,0.1805,1.05819144756496,0.208454048237735,0.159236964523899,0.392066325953537,1.50300063782051,0.124580374792455,0.0581914475649625,0.00595404823773538,-0.0207630354761012,-0.00793367404646301,0.0030006378205092,-0.00041962520754506,0.0581914475649625,0.0294027073468414,-0.115350197089451,-0.0198341851161575,0.0020004252136728,-0.00335700166036048,0.29823808987254,0.0547287052506597,0.0921221584606902,0.263012919238399,0.0993261441063965,0.041685807798332,0.29823808987254,0.511789769226057,0.270265211114369,0.0662174294042643,0.333486462386656,0.971323978035387,0.982916412446614,0.972544234289201,0.934106162294082,0.947528981086028,0.948749237339841,0.954850518608908,0.947528981086028,0.288590604026846,0,1,0.845637583892617,6.0001711882741,6,0.499143880985678,0.997239619515712,1.00004051712323,0.0195837118382773,0.0291169281435331,3.46587658002039,0.00510271922175423,0.0120807307074633,0.0270455085214366,0.010626186568923,0.0524710189139719,0.8195,"Basic",NA
43,43,200,5,5,0.6708,"vgood",0.45,0,0.15,"AR1",FALSE,"ignored","CU ignored",1,0.125,1,0.2025,0.18,0.1,0.2,2000,123,"sum",200,1994,0.003,1.08860435115452,0.214489685651024,0.155174123743936,0.341007794168329,1.50354018249606,0.124362748892103,0.0886043511545181,0.0119896856510239,-0.0248258762560635,-0.0589922058316711,0.00354018249606368,-0.000637251107897082,0.0886043511545181,0.059208324202587,-0.137921534755909,-0.147480514579178,0.00236012166404245,-0.00509800886317665,0.237902681474358,0.0411679454330683,0.0722058638463494,0.184545266587655,0.101225919456373,0.0421434488858989,0.237902681474358,0.401143688035274,0.203298495965769,0.067483946304249,0.337147591087191,0.940320962888666,0.952357071213641,0.939317953861585,0.910732196589769,0.94383149448345,0.946339017051153,1,1,0.627382146439318,0.464393179538616,1,0.840020060180542,10.7374472763015,10,0.459307323231923,0.99552248009568,0.998635999341557,0.0217774921611177,0.0379237478337688,4.8882662525267,0.00690459263757872,0.00963994146716377,0.0259265463665978,0.0114112397325473,0.0772316950852558,0.997,"Cor.Unique",NA
44,44,200,5,5,0.6708,"vgood",0.45,0,0.15,"AR1",TRUE,"modeled","CU modeled",1,0.125,1,0.2025,0.18,0.1,0.2,2000,123,"sum",200,1668,0.166,1.05516333726312,0.210780241500229,0.160105913604503,0.391845167052625,1.50473293880107,0.124376114035116,0.0551633372631195,0.00828024150022929,-0.0198940863954967,-0.00815483294737486,0.0047329388010714,-0.000623885964883701,0.0551633372631195,0.0408900814826138,-0.110522702197204,-0.0203870823684372,0.0031552925340476,-0.0049910877190696,0.292178130073668,0.0552459254963166,0.0943087536524931,0.26329200520349,0.101450779451923,0.0423953244036479,0.292178130073668,0.523937520291628,0.272819385166996,0.0676338529679487,0.339162595229183,0.979016786570743,0.977218225419664,0.97242206235012,0.928057553956835,0.943645083932854,0.943045563549161,0.952637889688249,0.958033573141487,0.287769784172662,0.00119904076738609,1,0.83453237410072,6.0455155794817,6,0.500633798369127,0.997260798401736,0.999935250521263,0.0197295433182808,0.0284529431019596,3.57988001136769,0.00504125623050882,0.0117826167813122,0.0278533543071461,0.0101695273753795,0.0563549160671463,0.834,"Cor.Unique",NA
45,45,200,5,5,0.4,"poor",0.16,0,0,"none",FALSE,"ignored","Correct (no CU)",1,0.125,1,0.2025,0.18,0.1,0.2,2000,123,"sum",200,1738,0.131,1.07520275937697,0.211366927269888,0.154936695935104,0.37711995607127,1.50372531126769,0.12406875146531,0.0752027593769747,0.0088669272698877,-0.025063304064896,-0.02288004392873,0.00372531126768569,-0.000931248534689874,0.0752027593769747,0.0437872951599393,-0.139240578138311,-0.0572001098218251,0.0024835408451238,-0.007449988277519,0.321826253166189,0.0574514945281517,0.0985557699129082,0.266758281337579,0.122807102846859,0.051912314089889,0.321826253166189,0.547532055071712,0.283711084089638,0.0818714018979059,0.415298512719112,0.974108170310702,0.972957422324511,0.984464902186421,0.936708860759494,0.948216340621404,0.945339470655926,0.922899884925201,0.97698504027618,0.253164556962025,0.00402761795166858,1,0.666858457997698,10.0758505043368,10,0.496584253752272,0.992401688277925,0.999969939534168,0.0182502265688995,0.0429092756725037,4.60520054265091,0.013182653478687,0.0195552905164155,0.0241756709415349,0.0117121209069203,0.0506329113924051,0.869,"Basic",NA
46,46,200,5,5,0.4,"poor",0.16,0,0,"none",TRUE,"modeled","CU overfit",1,0.125,1,0.2025,0.18,0.1,0.2,2000,123,"sum",200,1422,0.289,1.25531755824787,0.239632503417304,0.0909829162601546,0.256174961387201,1.50287021777242,0.12402597988294,0.25531755824787,0.0371325034173037,-0.0890170837398454,-0.143825038612799,0.00287021777242172,-0.00097402011706025,0.25531755824787,0.183370387245944,-0.494539354110252,-0.359562596531997,0.00191347851494781,-0.007792160936482,0.534001336310373,0.0910072713488968,0.166495359551555,0.358473731363079,0.123862213440435,0.0517773428885197,0.534001336310373,0.924974219730863,0.449418623945169,0.0825748089602902,0.414218743108157,0.972573839662447,0.974683544303797,0.964135021097046,0.852320675105485,0.945850914205345,0.948663853727145,0.541490857946554,0.660337552742616,0.00281293952180028,0.00984528832630099,1,0.670886075949367,6.01914494635694,6,0.50061573453131,0.994221116948679,1.00010136360775,0.0200203061532492,0.0321119060345514,3.57964356255331,0.0106463459422711,0.0252837293763134,0.0274810548505429,0.0108078379261278,0.0562587904360056,0.711,"Basic",NA
47,47,200,5,5,0.4,"poor",0.16,0,0.15,"AR1",FALSE,"ignored","CU ignored",1,0.125,1,0.2025,0.18,0.1,0.2,2000,123,"sum",200,1984,0.008,1.41987285455232,0.263116260429049,0.056563499008435,0.127344527476575,1.50156599223857,0.125546184449622,0.419872854552323,0.0606162604290485,-0.123436500991565,-0.272655472523425,0.00156599223856908,0.000546184449622091,0.419872854552323,0.299339557674314,-0.685758338842028,-0.681638681308563,0.00104399482571272,0.00436947559697673,0.546550033250388,0.0870033097563756,0.168170278189278,0.351130895916013,0.12975041667166,0.0537436743482838,0.546550033250388,0.934279323273766,0.429645974105558,0.0865002777811065,0.429949394786271,0.84375,0.873487903225806,0.849798387096774,0.654233870967742,0.940524193548387,0.942036290322581,0.992943548387097,0.998487903225806,0.0922379032258065,0.0115927419354839,1,0.664314516129032,13.226434551702,10,0.331313040136016,0.985243778007718,0.988510059198885,0.034120082637025,0.0449689896806479,5.76604155486944,0.0172924679034082,0.0208062452781161,0.0298058703907715,0.0114335185226899,0.179939516129032,0.992,"Cor.Unique",NA
48,48,200,5,5,0.4,"poor",0.16,0,0.15,"AR1",TRUE,"modeled","CU modeled",1,0.125,1,0.2025,0.18,0.1,0.2,2000,123,"sum",200,1420,0.29,1.24243603231212,0.242329230440844,0.0913962820292299,0.255465168911213,1.50327434730179,0.125774170788432,0.242436032312118,0.0398292304408441,-0.0886037179707701,-0.144534831088787,0.00327434730178676,0.000774170788432382,0.242436032312118,0.196687557732563,-0.492242877615389,-0.361337077721969,0.00218289820119117,0.00619336630745905,0.519080570513129,0.0906394882418987,0.168404288532556,0.360825982507702,0.129664446314053,0.053458530728565,0.519080570513129,0.935579380736424,0.447602411071105,0.0864429642093689,0.42766824582852,0.97887323943662,0.972535211267606,0.971830985915493,0.847887323943662,0.942957746478873,0.941549295774648,0.519014084507042,0.67887323943662,0.00352112676056338,0.0133802816901408,1,0.655633802816901,6.18940288893536,6,0.489016400549384,0.994684968560127,0.999115278216019,0.0207576155010504,0.0311895734156033,3.68019561827487,0.00978852376472461,0.0223843710016955,0.0283571470552018,0.0102799969709424,0.0640845070422535,0.71,"Cor.Unique",NA
49,49,500,3,3,0.6708,"vgood",0.45,0,0,"none",FALSE,"ignored","Correct (no CU)",1,0.125,1,0.2025,0.18,0.1,0.2,2000,123,"EC_latent",500,1494,0.253,0.39128461355493,0.0935665433707358,0.0422951223773138,0.294145734352707,0.899761568342278,0.0747585312041683,0.03128461355493,0.0206665433707358,-0.0225048776226862,-0.105854265647293,-0.000238431657721904,-0.000241468795831728,0.0869017043192498,0.283491678610916,-0.347297494177256,-0.264635664118233,-0.000264924064135449,-0.00321958394442303,0.084609631948429,0.0445504540772429,0.0471505553664489,0.306379085422269,0.0446584520073034,0.0298430499815735,0.235026755412303,0.727632027260014,0.611117339879876,0.0496205022303371,0.397907333087647,0.975234270414993,0.963855421686747,0.970548862115127,0.870147255689424,0.94578313253012,0.941767068273092,1,0.373493975903614,0.0287817938420348,0.00468540829986613,1,0.724899598393574,39.0173713898624,39,0.502100784174835,0.99726494190563,1.00004274407756,0.00835015767224696,0.0303274288964745,8.96953229447011,0.00439749118977074,0.00641147865644486,0.0106514130483976,0.00458660935776958,0.0589022757697456,0.747,"Basic",NA
50,50,500,3,3,0.6708,"vgood",0.45,0,0.15,"AR1",FALSE,"ignored","CU ignored",1,0.125,1,0.2025,0.18,0.1,0.2,2000,123,"EC_latent",500,1893,0.0535,0.458655201043696,0.122661486422378,0.014863628501108,0.121535867103173,0.899542056504359,0.0749006507045774,0.0986552010436957,0.0497614864223778,-0.049936371498892,-0.278464132896827,-0.000457943495640923,-9.93492954225892e-05,0.274042225121377,0.682599265053194,-0.77062301695821,-0.696160332242068,-0.000508826106267692,-0.00132465727230119,0.132456759742443,0.0673710744416923,0.0698159339555728,0.381064932665454,0.0453047667718106,0.0290275047402217,0.367935443729007,1.07740638820328,0.924157399748865,0.0503386297464562,0.38703339653629,0.832012678288431,0.841521394611727,0.860010565240359,0.636555731642895,0.944004226096144,0.948230322239831,1,0.664553618594823,0.0295826730058109,0.0301109350237718,1,0.745905969360803,84.0459590939134,39,0.00424130329638814,0.967197079769732,0.969720381325907,0.0472618771520438,0.0361694640031133,15.9313624445453,0.0115416723249383,0.0106538513768661,0.0087409675649269,0.00423450741974999,0.978869519281564,0.9465,"Cor.Unique",NA
51,51,500,3,3,0.4,"poor",0.16,0,0,"none",FALSE,"ignored","Correct (no CU)",1,0.125,1,0.2025,0.18,0.1,0.2,2000,123,"EC_latent",500,1000,0.5,0.464908541544757,0.12570175937336,-0.0053895599283569,0.0868925175126674,0.900379332809081,0.0738910325764628,0.104908541544757,0.0528017593733602,-0.0701895599283569,-0.313107482487333,0.000379332809080861,-0.00110896742353719,0.291412615402102,0.724303969456244,-1.08317222111662,-0.782768706218331,0.000421480898978734,-0.0147862323138292,0.179179443152162,0.0851918327726873,0.103905519965669,0.482182943876175,0.062214073041801,0.0456703608505137,0.497720675422673,1.60348024638378,1.16861224653892,0.0691267478242234,0.608938144673516,0.972,0.986,0.98,0.787,0.943,0.945,0.675,0.103,0.003,0.051,1,0.386,39.4394917744289,39,0.489441647097639,0.983199540009587,0.999314315487084,0.00894912654031401,0.0371610563874382,9.09167120997695,0.0255704887903822,0.0377713847090299,0.0109214371570374,0.0047484754772354,0.064,0.5,"Basic",NA
52,52,500,3,3,0.4,"poor",0.16,0,0.15,"AR1",FALSE,"ignored","CU ignored",1,0.125,1,0.2025,0.18,0.1,0.2,2000,123,"EC_latent",500,377,0.8115,0.653659027137074,0.18252687495044,-0.0610985534069974,-0.119677240307455,0.89799291297984,0.0742335041547236,0.293659027137074,0.10962687495044,-0.125898553406997,-0.519677240307455,-0.00200708702016022,-0.000766495845276387,0.815719519825204,1.5037980102941,-1.94287891060181,-1.29919310076864,-0.00223009668906691,-0.0102199446036852,0.330140272890703,0.133469742264617,0.151991502185914,0.580578352698858,0.0639849029394025,0.0421503692476357,0.917056313585286,2.34554787323941,1.83086066206608,0.071094336599336,0.562004923301809,0.708222811671088,0.885941644562334,0.891246684350133,0.474801061007958,0.941644562334218,0.952254641909814,0.973474801061008,0.336870026525199,0.0159151193633952,0.159151193633952,1,0.397877984084881,81.65284145456,39,0.00676848375866098,0.862711957318865,0.873285025830265,0.0458716748851435,0.048371211183105,15.7933545041564,0.0502305804028916,0.0464014245969198,0.00913815113792704,0.00488953635179748,0.96816976127321,0.1885,"Cor.Unique",NA
53,53,500,3,5,0.6708,"vgood",0.45,0,0,"none",FALSE,"ignored","Correct (no CU)",1,0.125,1,0.2025,0.18,0.1,0.2,2000,123,"EC_latent",500,1579,0.2105,1.06559146600669,0.244055846903157,0.13409570991256,0.333765931659678,1.49871592299102,0.125157837873833,0.0655914660066891,0.041555846903157,-0.0459042900874399,-0.0662340683403224,-0.00128407700898378,0.000157837873833286,0.0655914660066891,0.205214058781022,-0.255023833819111,-0.165585170850806,-0.000856051339322522,0.00126270299066629,0.207001063463233,0.108175704746319,0.114352696953187,0.292066400747688,0.0707516438613219,0.0452585736818044,0.207001063463233,0.635292760851039,0.534201011092935,0.0471677625742146,0.362068589454435,0.967701076630779,0.965801139962001,0.970234325522483,0.879037365421153,0.946801773274224,0.95060164661178,1,0.445851804939835,0.11589613679544,0.00189993666877771,1,0.793540215326156,115.639516000449,114,0.470141641256098,0.997553450610443,0.999487664567906,0.00731763634924119,0.03309914277544,15.2976804495508,0.00348432120222464,0.00498350418617721,0.00827487827189829,0.0034132222228707,0.0614312856238125,0.7895,"Basic",NA
54,54,500,3,5,0.6708,"vgood",0.45,0,0.15,"AR1",FALSE,"ignored","CU ignored",1,0.125,1,0.2025,0.18,0.1,0.2,2000,123,"EC_latent",500,1878,0.061,1.17325934438655,0.292307810593249,0.0899553204686985,0.211264599317055,1.49828065452729,0.124612613004193,0.173259344386549,0.0898078105932486,-0.0900446795313015,-0.188735400682945,-0.00171934547271467,-0.000387386995806969,0.173259344386549,0.443495360954314,-0.500248219618342,-0.471838501707362,-0.00114623031514311,-0.00309909596645575,0.271626552245137,0.140321204034748,0.144776464601283,0.320568549301204,0.0707820491592782,0.0448510503874246,0.271626552245137,0.804313692229348,0.692944217455548,0.0471880327728521,0.358808403099396,0.897231096911608,0.899361022364217,0.916932907348243,0.744941427050053,0.952076677316294,0.939829605963791,1,0.654952076677316,0.0756123535676251,0.00851970181043664,1,0.804046858359957,205.568385502238,114,0.000349746414113763,0.968915056937696,0.971369131389983,0.0397265071376322,0.037288577416962,23.9146643788784,0.00815232419855061,0.00750871965655978,0.00531813822178268,0.00312683106218917,0.998402555910543,0.939,"Cor.Unique",NA
55,55,500,3,5,0.4,"poor",0.16,0,0,"none",FALSE,"ignored","Correct (no CU)",1,0.125,1,0.2025,0.18,0.1,0.2,2000,123,"EC_latent",500,1227,0.3865,1.19743121887466,0.308334052666512,0.0460241078460575,0.176309827567769,1.4992015047415,0.122930696470554,0.197431218874662,0.105834052666512,-0.133975892153942,-0.223690172432231,-0.000798495258498667,-0.00206930352944579,0.197431218874662,0.522637297118577,-0.744310511966347,-0.559225431080577,-0.000532330172332445,-0.0165544282355663,0.373628429632237,0.186723377580924,0.219101790677351,0.408484885817991,0.0889532524844855,0.0620604519961251,0.373628429632237,1.21723217042973,0.922090753486042,0.0593021683229904,0.496483615969001,0.95680521597392,0.969845150774246,0.963325183374083,0.808475957620212,0.943765281173594,0.95680521597392,0.940505297473513,0.208638956805216,0.00407497962510187,0.0309698451507742,1,0.511817440912795,115.69805438704,114,0.468803473368065,0.987551242624311,0.997703057438483,0.00735899920185725,0.0398435608153164,15.1276984908473,0.0176047765984039,0.0257415749068361,0.00821127899892472,0.00293702715391983,0.0578647106764466,0.6135,"Basic",NA
56,56,500,3,5,0.4,"poor",0.16,0,0.15,"AR1",FALSE,"ignored","CU ignored",1,0.125,1,0.2025,0.18,0.1,0.2,2000,123,"EC_latent",500,1214,0.393,1.60616788144206,0.453025125614527,-0.100164928885816,-0.0593441907254605,1.49789102079049,0.124807346364944,0.606167881442058,0.250525125614527,-0.280164928885816,-0.45934419072546,-0.00210897920951197,-0.000192653635055927,0.606167881442058,1.23716111414581,-1.55647182714342,-1.14836047681365,-0.00140598613967465,-0.00154122908044742,0.69916266340957,0.301730520571661,0.345462302187263,0.527902895058704,0.0891532417037221,0.059318306959505,0.69916266340957,1.91923501215146,1.49002726208228,0.0594354944691481,0.47454645567604,0.665568369028007,0.836079077429984,0.800658978583196,0.474464579901153,0.958813838550247,0.954695222405272,0.99835255354201,0.577429983525535,0.0362438220757825,0.14827018121911,1,0.526359143327842,205.604197086408,114,0.000274252338056567,0.865201264622348,0.875843270046899,0.0397356085087131,0.0490660024020693,23.8987273449631,0.0343555917330138,0.0316433081751443,0.00530997353551262,0.00301570364538191,1,0.607,"Cor.Unique",NA
57,57,500,5,3,0.6708,"vgood",0.45,0,0,"none",FALSE,"ignored","Correct (no CU)",1,0.125,1,0.2025,0.18,0.1,0.2,2000,123,"EC_latent",500,1996,0.002,0.361136784705896,0.072790505968541,0.064553314699379,0.412340273674432,0.900060793745248,0.0747416999653421,0.00113678470589593,-0.000109494031459009,-0.000246685300621043,0.0123402736744324,6.07937452479613e-05,-0.000258300034657915,0.00315773529415535,-0.00150197574017845,-0.00380687192316424,0.0308506841860811,6.7548605831068e-05,-0.00344400046210554,0.0567813268909798,0.00995927474796776,0.0175534594820626,0.144357017437833,0.0400779745896007,0.0166417661560135,0.157725908030499,0.270886720402201,0.136615565815744,0.0445310828773342,0.221890215413514,0.947895791583166,0.950400801603206,0.94689378757515,0.956913827655311,0.943887775551102,0.948897795591182,1,1,0.946392785571142,0.904809619238477,1,0.992985971943888,120.201366626287,118,0.460100666301635,0.997900473896888,0.999443689542313,0.00752554749458762,0.0355210521177421,15.3836792984635,0.00292142531045678,0.00394770666506386,0.00818639841848635,0.00437597870836293,0.064128256513026,0.998,"Basic",NA
58,58,500,5,3,0.6708,"vgood",0.45,0,0,"none",TRUE,"modeled","CU overfit",1,0.125,1,0.2025,0.18,0.1,0.2,2000,123,"EC_latent",500,1995,0.0025,0.36170016790614,0.0728325620171368,0.064412281504984,0.411565134623133,0.900049403359074,0.0747422583333142,0.00170016790613956,-6.7437982863189e-05,-0.000387718495015986,0.0115651346231335,4.94033590742457e-05,-0.000257741666685771,0.00472268862816544,-0.000925075210743333,-0.00598331010827139,0.0289128365578336,5.48926211936063e-05,-0.00343655555581028,0.0577289184566221,0.0100108684455194,0.0177953097688586,0.146628208830428,0.0400950670252913,0.0166348289789402,0.16035810682395,0.274618977914485,0.137323298292446,0.0445500744725458,0.221797719719203,0.943859649122807,0.952380952380952,0.948370927318296,0.955388471177945,0.942355889724311,0.94937343358396,1,1,0.93984962406015,0.890726817042606,1,0.993483709273183,108.040666991175,106,0.461148184761973,0.99800008805254,0.999425638733591,0.00774612098491713,0.0347729397232827,14.5967168813249,0.00276557841151195,0.00417585050548497,0.00842653221369643,0.00441446706168395,0.0646616541353384,0.9975,"Basic",NA
59,59,500,5,3,0.6708,"vgood",0.45,0,0.15,"AR1",FALSE,"ignored","CU ignored",1,0.125,1,0.2025,0.18,0.1,0.2,2000,123,"EC_latent",500,2000,0,0.417299791472185,0.0807764006076777,0.0483018105728988,0.27192660393201,0.900600229143426,0.0745106788069157,0.0572997914721854,0.00787640060767772,-0.0164981894271012,-0.12807339606799,0.000600229143426052,-0.000489321193084293,0.159166087422737,0.108043904083371,-0.254601688689833,-0.320183490169975,0.000666921270473391,-0.00652428257445723,0.0804004224535165,0.0126213999127527,0.0242825828634259,0.173156039117733,0.0398279729057915,0.0171039324540612,0.223334506815323,0.374731217028177,0.173133057788103,0.0442533032286572,0.228052432720816,0.8445,0.891,0.855,0.758,0.951,0.947,1,1,0.77,0.6775,1,0.9885,215.244472785162,118,0.000222527574599321,0.973123233347506,0.976084233063459,0.0402714126924219,0.0390763321226349,24.1689042218122,0.00671283254577666,0.00597328319751313,0.00514178391863351,0.00404336839190726,0.9995,1,"Cor.Unique",NA
60,60,500,5,3,0.6708,"vgood",0.45,0,0.15,"AR1",TRUE,"modeled","CU modeled",1,0.125,1,0.2025,0.18,0.1,0.2,2000,123,"EC_latent",500,1999,5e-04,0.35912242313872,0.0727711137346137,0.0649564454136493,0.417321353893204,0.900604457909804,0.0745167459353799,-0.000877576861280073,-0.000128886265386357,0.000156445413649243,0.0173213538932044,0.000604457909804223,-0.000483254064620095,-0.00243771350355576,-0.00176798717951107,0.00241428107483399,0.0433033847330111,0.00067161989978247,-0.00644338752826793,0.0577305354316154,0.0101337988262987,0.0185075393103076,0.154148850906599,0.0397547687083199,0.0171105784672542,0.160362598421154,0.285610174541784,0.139009586094632,0.0441719652314665,0.228141046230056,0.948474237118559,0.946473236618309,0.937968984492246,0.952976488244122,0.952976488244122,0.948474237118559,1,1,0.935467733866933,0.877938969484742,1,0.986993496748374,108.348512610986,106,0.45472230678743,0.998030748699401,0.999367857576949,0.00790032230562311,0.0343663464421951,14.8157649427804,0.00270954517034953,0.00406152008800911,0.0085124553720862,0.00436318629472459,0.064032016008004,0.9995,"Cor.Unique",NA
61,61,500,5,3,0.4,"poor",0.16,0,0,"none",FALSE,"ignored","Correct (no CU)",1,0.125,1,0.2025,0.18,0.1,0.2,2000,123,"EC_latent",500,1700,0.15,0.373866531508418,0.0739361476600606,0.0603093445759528,0.409476080942168,0.90019751409195,0.0744985045563161,0.0138665315084176,0.00103614766006061,-0.00449065542404721,0.00947608094216769,0.00019751409194971,-0.000501495443683865,0.0385181430789376,0.0142132738005571,-0.06930023802542,0.0236902023554192,0.000219460102166344,-0.00668660591578487,0.0983718734320928,0.0165507194017864,0.0306619369993731,0.250827968211134,0.0537546716314423,0.0217906861309607,0.273255203978035,0.473178040113782,0.227033187953174,0.0597274129238247,0.290542481746143,0.973529411764706,0.978235294117647,0.984117647058824,0.945294117647059,0.948235294117647,0.953529411764706,0.97,0.995882352941176,0.387058823529412,0.00117647058823529,1,0.919411764705882,120.207882254094,118,0.461240213273961,0.991254629805246,0.9978634782013,0.0075360127491925,0.0408040933654452,15.6272744237552,0.0121745704002753,0.0166402861652402,0.0083024023725438,0.00330486524676788,0.0664705882352941,0.85,"Basic",NA
62,62,500,5,3,0.4,"poor",0.16,0,0,"none",TRUE,"modeled","CU overfit",1,0.125,1,0.2025,0.18,0.1,0.2,2000,123,"EC_latent",500,1625,0.1875,0.38240478601957,0.0747015531550433,0.0578641815837953,0.391138620074142,0.899879025347674,0.0742870067698348,0.0224047860195699,0.00180155315504333,-0.00693581841620468,-0.00886137992585825,-0.000120974652326006,-0.000712993230165213,0.0622355167210276,0.0247126633064928,-0.107034234817973,-0.0221534498146456,-0.000134416280362229,-0.00950657640220284,0.104707137274256,0.0170137540505463,0.0325032393226903,0.255156897181356,0.0535024676950814,0.0218654205390117,0.290853159095155,0.501593199424233,0.233384829225601,0.0594471863278683,0.291538940520155,0.974769230769231,0.977846153846154,0.984,0.934153846153846,0.949538461538462,0.951384615384615,0.953230769230769,0.996307692307692,0.330461538461538,0,1,0.918153846153846,107.897692023806,106,0.464057998233215,0.991797499461344,0.997959802141098,0.00769557914334924,0.0392087559226885,14.7544384237503,0.0113347184587238,0.017506050385185,0.00847723570029893,0.00334403573190179,0.0615384615384615,0.8125,"Basic",NA
63,63,500,5,3,0.4,"poor",0.16,0,0.15,"AR1",FALSE,"ignored","CU ignored",1,0.125,1,0.2025,0.18,0.1,0.2,2000,123,"EC_latent",500,1010,0.495,0.600339623354472,0.104581245374035,-0.00355765695046828,0.0054554917332704,0.90084406429522,0.0743510167886233,0.240339623354472,0.0316812453740348,-0.0683576569504683,-0.39454450826673,0.000844064295219918,-0.0006489832113767,0.667610064873534,0.434584984554662,-1.05490211343315,-0.986361270666824,0.00093784921691102,-0.00865310948502267,0.265465936009612,0.036512163464018,0.0779984042136842,0.425297997569912,0.0560596831746441,0.0232714884024556,0.737405377804477,1.20367907737167,0.500852722414513,0.0622885368607157,0.310286512032741,0.459405940594059,0.63960396039604,0.573267326732673,0.306930693069307,0.945544554455445,0.937623762376238,1,1,0.0603960396039604,0.0564356435643564,1,0.902970297029703,220.233308701022,118,0.000144799804766687,0.899805581418368,0.910843949567192,0.0413006192936312,0.0500247561172597,25.0737905079945,0.0245329397991917,0.0218301582958909,0.00520130519833567,0.00329988000141826,0.999009900990099,0.505,"Cor.Unique",NA
64,64,500,5,3,0.4,"poor",0.16,0,0.15,"AR1",TRUE,"modeled","CU modeled",1,0.125,1,0.2025,0.18,0.1,0.2,2000,123,"EC_latent",500,1632,0.184,0.382032674949543,0.0753054745731414,0.0566723605849557,0.391780847516179,0.898919830187042,0.0748756960039237,0.0220326749495431,0.0024054745731414,-0.00812763941504431,-0.00821915248382119,-0.00108016981295837,-0.000124303996076269,0.061201874859842,0.0329969077248477,-0.125426534182783,-0.020547881209553,-0.00120018868106485,-0.00165738661435025,0.113269074933028,0.0178776910819428,0.0355397667015002,0.277814568221478,0.0559319289967489,0.0230572474921164,0.31463631925841,0.548453189837965,0.2452358173106,0.0621465877741654,0.307429966561552,0.973039215686274,0.977941176470588,0.97671568627451,0.922794117647059,0.946691176470588,0.946078431372549,0.920955882352941,0.99264705882353,0.307598039215686,0,1,0.903186274509804,107.521445841424,106,0.472240364302927,0.993551675923754,0.998674640148564,0.00740172864580712,0.038767705337813,14.8698271627618,0.00945557646585145,0.014453588802903,0.00842331938913359,0.00341073793079417,0.0637254901960784,0.816,"Cor.Unique",NA
65,65,500,5,5,0.6708,"vgood",0.45,0,0,"none",FALSE,"ignored","Correct (no CU)",1,0.125,1,0.2025,0.18,0.1,0.2,2000,123,"EC_latent",500,1999,5e-04,1.00309500961041,0.202316738829949,0.179041987040499,0.407679087378694,1.49982689495919,0.124718211235247,0.00309500961041435,-0.000183261170050552,-0.000958012959501266,0.0076790873786937,-0.000173105040806525,-0.000281788764752911,0.00309500961041435,-0.000904993432348405,-0.00532229421945148,0.0191977184467343,-0.000115403360537683,-0.00225431011802328,0.141428591041883,0.0248228462921418,0.0434699085962549,0.12381107262947,0.0630316388937905,0.0262731730099512,0.141428591041883,0.241499492201416,0.122581956998231,0.0420210925958603,0.21018538407961,0.941470735367684,0.944472236118059,0.948974487243622,0.953476738369185,0.944972486243122,0.948474237118559,1,1,0.982991495747874,0.967983991995998,1,0.996498249124562,334.21597001278,327,0.419881918094661,0.997964616162049,0.999054783902666,0.00665602389157019,0.0365354095942957,25.8725733787378,0.00257225909449382,0.00341829491236406,0.00650112681644797,0.00359282680287037,0.0805402701350675,0.9995,"Basic",NA
66,66,500,5,5,0.6708,"vgood",0.45,0,0,"none",TRUE,"modeled","CU overfit",1,0.125,1,0.2025,0.18,0.1,0.2,2000,123,"EC_latent",500,1999,5e-04,1.00391826586028,0.20244869828065,0.178745508916618,0.406875691614944,1.49987180874859,0.124711896901975,0.00391826586027856,-5.13017193498607e-05,-0.00125449108338228,0.006875691614944,-0.000128191251414201,-0.000288103098025321,0.00391826586027856,-0.000253341823949929,-0.00696939490767933,0.01718922903736,-8.54608342761337e-05,-0.00230482478420257,0.14238787507796,0.0248948037017403,0.0436260697700351,0.1244556397251,0.0630465656020981,0.0262725018956674,0.14238787507796,0.242367054277973,0.122937302230816,0.0420310437347321,0.210180015165339,0.939969984992496,0.945972986493247,0.951475737868934,0.95247623811906,0.945972986493247,0.947973986993497,1,1,0.981490745372686,0.966983491745873,1,0.996498249124562,314.034913712789,307,0.419073089266829,0.998025525061058,0.999018597862246,0.00678747587165668,0.0361307513496658,24.9533348212166,0.00247999129321615,0.0035152863247114,0.00658558009938081,0.00360788683253546,0.0810405202601301,0.9995,"Basic",NA
67,67,500,5,5,0.6708,"vgood",0.45,0,0.15,"AR1",FALSE,"ignored","CU ignored",1,0.125,1,0.2025,0.18,0.1,0.2,2000,123,"EC_latent",500,2000,0,1.09733131725411,0.21514142221308,0.152549161569408,0.320954155104099,1.50060912429614,0.124431213493907,0.0973313172541125,0.0126414222130803,-0.0274508384305917,-0.0790458448959013,0.000609124296137904,-0.000568786506093017,0.0973313172541125,0.0624267763608902,-0.152504657947732,-0.197614612239753,0.000406082864091936,-0.00455029204874413,0.170181113249732,0.0274077599396368,0.050673169670602,0.131327407037462,0.0628491186111347,0.0268409365967539,0.170181113249732,0.281517609281122,0.135346962664873,0.0418994124074231,0.214727492774031,0.911,0.935,0.9135,0.8605,0.954,0.9485,1,1,0.941,0.91,1,0.995,519.301548137188,327,6.32097821694416e-06,0.973160178666692,0.975376310703388,0.0341331785100154,0.0388932126504037,37.0124606385007,0.00521295779550458,0.00478253008761888,0.00332985382358936,0.00329473813798984,1,1,"Cor.Unique",NA
68,68,500,5,5,0.6708,"vgood",0.45,0,0.15,"AR1",TRUE,"modeled","CU modeled",1,0.125,1,0.2025,0.18,0.1,0.2,2000,123,"EC_latent",500,2000,0,0.99982205902093,0.20198583654217,0.180203815415689,0.410950394147317,1.50056128619925,0.124444694836402,-0.000177940979069751,-0.000514163457829666,0.000203815415688644,0.0109503941473171,0.000561286199247459,-0.000555305163598446,-0.000177940979069751,-0.00253907880409711,0.00113230786493691,0.0273759853682928,0.000374190799498306,-0.00444244130878757,0.141131722009629,0.0247060359575716,0.0432652142322959,0.123141584669036,0.0627979126823469,0.0268605448412987,0.141131722009629,0.240362301290533,0.12200511583986,0.0418652751215646,0.214884358730389,0.9435,0.947,0.947,0.956,0.954,0.9485,1,1,0.984,0.965,1,0.995,314.000798884844,307,0.421405323895454,0.998075303347641,0.999056367474536,0.00682019997232405,0.0357565281914577,25.2700865046236,0.00244532461611949,0.00344661284415103,0.00660474525605465,0.00350700363700496,0.085,1,"Cor.Unique",NA
69,69,500,5,5,0.4,"poor",0.16,0,0,"none",FALSE,"ignored","Correct (no CU)",1,0.125,1,0.2025,0.18,0.1,0.2,2000,123,"EC_latent",500,1919,0.0405,1.01781631558645,0.204003811045066,0.173904952859617,0.413657684316625,1.49992797607029,0.124633873505355,0.0178163155864536,0.0015038110450659,-0.00609504714038259,0.013657684316625,-7.20239297110646e-05,-0.000366126494645273,0.0178163155864536,0.0074262273830415,-0.0338613730021255,0.0341442107915624,-4.80159531407098e-05,-0.00292901195716219,0.21945263771328,0.0379764560878118,0.0700296921895343,0.212008622313873,0.078247563121508,0.0320296141960251,0.21945263771328,0.389053845497413,0.187538054754626,0.0521650420810053,0.256236913568201,0.963001563314226,0.958311620635748,0.969254820218864,0.945284002084419,0.946847316310578,0.945805106826472,0.999478895257947,1,0.661281917665451,0.334028139656071,1,0.968212610734758,334.29938884069,327,0.419147674337806,0.992071797245986,0.996385148080363,0.00670562165523079,0.0418578694812173,26.0634921809426,0.0100131770848276,0.0134532686257264,0.0064871245292215,0.00230202846003327,0.0849400729546639,0.9595,"Basic",NA
70,70,500,5,5,0.4,"poor",0.16,0,0,"none",TRUE,"modeled","CU overfit",1,0.125,1,0.2025,0.18,0.1,0.2,2000,123,"EC_latent",500,1921,0.0395,1.0225058052361,0.20452898851563,0.17243666078501,0.41142479243824,1.49986495234484,0.124620947882009,0.0225058052360973,0.00202898851563037,-0.00756333921499016,0.0114247924382397,-0.000135047655161307,-0.000379052117991166,0.0225058052360973,0.0100196963734833,-0.0420185511943898,0.0285619810955993,-9.00317701075378e-05,-0.00303241694392933,0.226596301996358,0.0388103866369823,0.0718668477855687,0.219497108031289,0.078170948128512,0.0319980983780513,0.226596301996358,0.399260265475382,0.191656230306086,0.052113965419008,0.255984787024411,0.965122332118688,0.956793336803748,0.967725143154607,0.945861530452889,0.946902654867257,0.944299843831338,0.997917751171265,1,0.637688703800104,0.289953149401353,1,0.968245705361791,313.930810543836,307,0.419561344225658,0.992383300088369,0.996342284544795,0.00680072147954977,0.0409193710743887,25.0663998533099,0.00957085056818928,0.0137985892006463,0.00654145664372348,0.00230338870888813,0.0817282665278501,0.9605,"Basic",NA
71,71,500,5,5,0.4,"poor",0.16,0,0.15,"AR1",FALSE,"ignored","CU ignored",1,0.125,1,0.2025,0.18,0.1,0.2,2000,123,"EC_latent",500,1898,0.051,1.41335844747004,0.259516403715277,0.0614640053631303,0.116591919200378,1.49892405796825,0.125295349887918,0.413358447470042,0.0570164037152766,-0.11853599463687,-0.283408080799622,-0.00107594203174857,0.000295349887917943,0.413358447470042,0.281562487482847,-0.658533303538165,-0.708520201999056,-0.000717294687832379,0.00236279910334355,0.477111860344305,0.068947363782702,0.140464731406901,0.316878592125299,0.0822969594463129,0.0346705967688947,0.477111860344305,0.780359618927228,0.340480808803466,0.0548646396308752,0.277364774151157,0.579030558482613,0.723919915700738,0.668071654373024,0.429926238145416,0.941517386722866,0.939936775553214,1,1,0.145943097997893,0.047945205479452,1,0.957323498419389,524.878207780415,327,5.18042324078145e-06,0.903491942962174,0.911460498130435,0.0346281396937446,0.0485305938234497,37.6129880980963,0.0183481069070728,0.0168331256028191,0.00334097142989762,0.00225510801964873,1,0.949,"Cor.Unique",NA
72,72,500,5,5,0.4,"poor",0.16,0,0.15,"AR1",TRUE,"modeled","CU modeled",1,0.125,1,0.2025,0.18,0.1,0.2,2000,123,"EC_latent",500,1895,0.0525,1.01743209751802,0.203715568791272,0.174783968930261,0.420180967434643,1.49919720345767,0.125503220563806,0.0174320975180245,0.00121556879127159,-0.00521603106973909,0.0201809674346426,-0.000802796542333815,0.000503220563805777,0.0174320975180245,0.00600280884578565,-0.0289779503874394,0.0504524185866066,-0.00053519769488921,0.00402576451044622,0.2328275598058,0.0401781804911927,0.0735100132950718,0.224427144155163,0.0820196350153194,0.03494647062413,0.2328275598058,0.408388962750399,0.198410767857742,0.0546797566768796,0.27957176499304,0.966754617414248,0.954089709762533,0.973087071240106,0.945118733509235,0.94353562005277,0.936675461741425,0.999472295514512,1,0.619525065963061,0.237994722955145,1,0.957255936675462,313.65595506185,307,0.427612786718517,0.993295964610482,0.996948247937618,0.00676195457679017,0.0405606150035921,25.6654160720714,0.00855949277550187,0.0122340184706788,0.00668488755584255,0.00235659292801307,0.0886543535620053,0.9475,"Cor.Unique",NA
73,73,500,3,3,0.6708,"vgood",0.45,0,0,"none",FALSE,"ignored","Correct (no CU)",1,0.125,1,0.2025,0.18,0.1,0.2,2000,123,"sum",500,1499,0.2505,0.391334484412464,0.0939281182053027,0.0421691986393071,0.292975684932094,0.899902468638837,0.0746996415331623,0.0313344844124641,0.0210281182053026,-0.0226308013606929,-0.107024315067905,-9.75313611631565e-05,-0.00030035846683769,0.0870402344790668,0.28845155288481,-0.349240761739088,-0.267560787669764,-0.000108368179070174,-0.00400477955783586,0.0847438787734749,0.0449262970198216,0.0473208512532286,0.306678844295685,0.0446939543559282,0.0298225905432978,0.235399663259652,0.730260050204145,0.616272935800022,0.0496599492843646,0.397634540577304,0.975983989326217,0.963975983989326,0.969312875250167,0.869913275517011,0.945963975983989,0.943295530353569,1,0.37758505670447,0.0300200133422282,0.00466977985323549,1,0.723815877251501,0.979468863980304,1,0.506627539362716,0.998059739798571,1.00027389338644,0.0148144301427645,0.0086127602437678,1.44907901983671,0.00489827813211678,0.0176875758750947,0.0269551821999679,0.00662105543808433,0.0520346897931955,0.7495,"Basic",NA
74,74,500,3,3,0.6708,"vgood",0.45,0,0.15,"AR1",FALSE,"ignored","CU ignored",1,0.125,1,0.2025,0.18,0.1,0.2,2000,123,"sum",500,1924,0.038,0.459710772585086,0.124034954597731,0.014009563809623,0.117386517125381,0.899413526195204,0.0750732022558458,0.0997107725850855,0.0511349545977311,-0.0507904361903771,-0.282613482874619,-0.000586473804795921,7.32022558458208e-05,0.276974368291904,0.701439706416064,-0.783803027629275,-0.706533707186548,-0.000651637560884357,0.000976030077944277,0.13313272573584,0.0690293012987448,0.0705131261576182,0.382786300923073,0.0451954950275467,0.0291250509958366,0.369813127044,1.08816552712374,0.946903995867556,0.0502172166972742,0.388334013277822,0.826403326403326,0.83056133056133,0.856548856548857,0.627338877338877,0.945945945945946,0.945945945945946,1,0.67047817047817,0.0301455301455301,0.0301455301455301,1,0.745841995841996,1.0394656689946,1,0.492934129721502,0.998168682447812,0.999616834393571,0.015940371682984,0.00858194203938615,1.46217138157643,0.00437116683613203,0.0157472575639778,0.0277648882418185,0.00647015493203719,0.0540540540540541,0.962,"Cor.Unique",NA
75,75,500,3,3,0.4,"poor",0.16,0,0,"none",FALSE,"ignored","Correct (no CU)",1,0.125,1,0.2025,0.18,0.1,0.2,2000,123,"sum",500,1211,0.3945,0.469014681750448,0.141632492207415,-0.0114714373374722,0.0661207269814594,0.900584080531477,0.0734888666711266,0.109014681750448,0.0687324922074153,-0.0762714373374722,-0.333879273018541,0.000584080531476395,-0.00151113332887342,0.302818560417911,0.942832540568111,-1.17702835397334,-0.834698182546352,0.000648978368307105,-0.0201484443849789,0.187517718601443,0.102767332315655,0.112777036019432,0.494696730793704,0.0614262220565944,0.045204199959111,0.520882551670674,1.74038635832457,1.40970277524904,0.0682513578406605,0.60272266612148,0.965317919075145,0.956234516928159,0.963666391412056,0.749793559042114,0.951279933938893,0.941370767960363,0.679603633360859,0.173410404624277,0.00660611065235343,0.0668868703550785,1,0.389760528488852,0.975318671954995,1,0.500192661484171,0.993470081034716,1.00093205925924,0.0146906553381231,0.0101315866269436,1.38897086948318,0.0169194703384463,0.0610033447340151,0.0265103197504308,0.00756965648919624,0.0511973575557391,0.6055,"Basic",NA
76,76,500,3,3,0.4,"poor",0.16,0,0.15,"AR1",FALSE,"ignored","CU ignored",1,0.125,1,0.2025,0.18,0.1,0.2,2000,123,"sum",500,1984,0.008,0.769153056414977,0.278569479866288,-0.139408929972076,-0.257156541781696,0.899389672765132,0.0751913590949238,0.409153056414977,0.205669479866288,-0.204208929972076,-0.657156541781696,-0.000610327234868572,0.000191359094923816,1.13653626781938,2.82125486785031,-3.15137237611228,-1.64289135445424,-0.00067814137207619,0.00255145459898421,0.45003991669816,0.228495352872642,0.232066844956467,0.691150416853941,0.0626000929150064,0.0430714085793788,1.25011087971711,3.58127847155042,3.13436698042033,0.0695556587944516,0.574285447725051,0.426915322580645,0.486895161290323,0.585181451612903,0.213709677419355,0.946572580645161,0.949596774193548,0.989415322580645,0.75554435483871,0.209173387096774,0.452116935483871,1,0.401209677419355,1.04360260743222,1,0.489958337227498,0.995662528315357,0.999124601374298,0.0162676124138358,0.00977392615359684,1.43848544521205,0.0101153450088364,0.0368140701714973,0.0277208349800698,0.00729264775335298,0.0544354838709677,0.992,"Cor.Unique",NA
77,77,500,3,5,0.6708,"vgood",0.45,0,0,"none",FALSE,"ignored","Correct (no CU)",1,0.125,1,0.2025,0.18,0.1,0.2,2000,123,"sum",500,1580,0.21,1.06472516721553,0.243985289782923,0.134408064275701,0.33458642258218,1.49879157652956,0.125149561609135,0.0647251672155314,0.0414852897829228,-0.0455919357242985,-0.0654135774178195,-0.0012084234704407,0.000149561609134834,0.0647251672155314,0.204865628557643,-0.253288531801658,-0.163533943544549,-0.000805615646960467,0.00119649287307868,0.207269698626513,0.107960160140231,0.114251181996238,0.292066511023247,0.0708157168503976,0.0452116196431916,0.207269698626513,0.63472878886799,0.53313659328509,0.0472104779002651,0.361692957145533,0.968354430379747,0.965822784810127,0.972151898734177,0.878481012658228,0.94620253164557,0.950632911392405,1,0.44493670886076,0.117721518987342,0.00126582278481013,1,0.791139240506329,1.01468179367142,1,0.490496449068944,0.9984228136808,0.999847881043242,0.0157765826392166,0.00850687013018891,1.38406335560978,0.00370377561443338,0.0135337331519366,0.0267518252201283,0.00627067192581015,0.0417721518987342,0.79,"Basic",NA
78,78,500,3,5,0.6708,"vgood",0.45,0,0.15,"AR1",FALSE,"ignored","CU ignored",1,0.125,1,0.2025,0.18,0.1,0.2,2000,123,"sum",500,1876,0.062,1.17449640133147,0.29358505204283,0.089059048425756,0.207910010908217,1.49820562174033,0.124700503031305,0.174496401331469,0.0910850520428302,-0.090940951574244,-0.192089989091783,-0.00179437825967221,-0.000299496968695202,0.174496401331469,0.449802726137433,-0.5052275087458,-0.480224972729459,-0.0011962521731148,-0.00239597574956162,0.271790317273275,0.141171773217815,0.145184616688945,0.319397752007276,0.0707283160702934,0.0449057590369079,0.271790317273275,0.806581203827475,0.697144559100321,0.0471522107135289,0.359246072295263,0.896055437100213,0.893923240938166,0.916311300639659,0.745735607675906,0.952025586353945,0.941897654584222,1,0.662046908315565,0.0708955223880597,0.00852878464818763,1,0.800106609808102,1.01759065460644,1,0.497550869639288,0.998520169771317,0.999933948655757,0.0157861348737805,0.00817410512461547,1.41453098120779,0.00345578012039087,0.0126659283301866,0.0273536047001839,0.00616968525537193,0.0506396588486141,0.938,"Cor.Unique",NA
79,79,500,3,5,0.4,"poor",0.16,0,0,"none",FALSE,"ignored","Correct (no CU)",1,0.125,1,0.2025,0.18,0.1,0.2,2000,123,"sum",500,1304,0.348,1.19495684395945,0.321479108755424,0.0431984983563782,0.168647028560263,1.50082506146989,0.121751950876959,0.194956843959449,0.118979108755424,-0.136801501643622,-0.231352971439737,0.000825061469888205,-0.0032480491230407,0.194956843959449,0.587551154347772,-0.760008342464565,-0.578382428599343,0.00055004097992547,-0.0259843929843256,0.376579576496765,0.199558164865012,0.223211909010844,0.410478059033175,0.0899489344651315,0.0618074931874193,0.376579576496765,1.24006616117136,0.98547241908648,0.0599659563100877,0.494459945499355,0.957055214723926,0.960889570552147,0.959355828220859,0.799846625766871,0.942484662576687,0.956288343558282,0.928680981595092,0.235429447852761,0.00690184049079755,0.0383435582822086,1,0.503067484662577,0.98309142509122,1,0.500834055089115,0.996204826996299,1.00049474885975,0.0151776201452202,0.0096296253830115,1.39076523510605,0.00928698409713777,0.0340158722379115,0.0264687573537123,0.00725170452196043,0.044478527607362,0.652,"Basic",NA
80,80,500,3,5,0.4,"poor",0.16,0,0.15,"AR1",FALSE,"ignored","CU ignored",1,0.125,1,0.2025,0.18,0.1,0.2,2000,123,"sum",500,1972,0.014,1.68269561869098,0.542503218863002,-0.160506203314041,-0.112946348802945,1.49862201349444,0.124508480843295,0.682695618690977,0.340003218863002,-0.340506203314041,-0.512946348802945,-0.00137798650556447,-0.00049151915670474,0.682695618690977,1.67902824129877,-1.89170112952245,-1.28236587200736,-0.000918657670376317,-0.00393215325363792,0.782196810714656,0.396188679569615,0.406495045024165,0.568559025642531,0.0895280057799745,0.0609180278353492,0.782196810714656,2.25830580568981,1.95648730651662,0.0596853371866497,0.487344222682794,0.592799188640974,0.639452332657201,0.699290060851927,0.358519269776876,0.956896551724138,0.946754563894523,0.998478701825558,0.71551724137931,0.0968559837728195,0.234279918864097,1,0.52738336713996,1.01329283147109,1,0.495717649088901,0.997127990059019,0.99995529599501,0.0158423076133427,0.0092144134208863,1.38158659740196,0.00659312446104122,0.0244143082947343,0.027014372324891,0.00689541924934249,0.0522312373225152,0.986,"Cor.Unique",NA
81,81,500,5,3,0.6708,"vgood",0.45,0,0,"none",FALSE,"ignored","Correct (no CU)",1,0.125,1,0.2025,0.18,0.1,0.2,2000,123,"sum",500,1996,0.002,0.361133000877561,0.0727854046659902,0.0645639779413728,0.412365557167619,0.900057487390572,0.0747439194254799,0.00113300087756123,-0.000114595334009805,-0.000236022058627232,0.0123655571676186,5.74873905718256e-05,-0.000256080574520097,0.0031472246598923,-0.00157195245555287,-0.00364231571955604,0.0309138929190465,6.38748784131395e-05,-0.00341440766026796,0.0567528911156549,0.00994393007787242,0.017537974588063,0.14408398403688,0.0400840487437172,0.0166365311839113,0.157646919765708,0.270647755988626,0.136405076514025,0.0445378319374636,0.221820415785484,0.948897795591182,0.950400801603206,0.946392785571142,0.956412825651303,0.94438877755511,0.94939879759519,1,1,0.947895791583166,0.905811623246493,1,0.992985971943888,10.0712551685373,10,0.49543271142864,0.998226959557376,0.999943629873472,0.0116045654074264,0.02534317206609,4.51284190602295,0.00300954487214118,0.00443780058986632,0.0151117743036469,0.00767325603430935,0.0455911823647295,0.998,"Basic",NA
82,82,500,5,3,0.6708,"vgood",0.45,0,0,"none",TRUE,"modeled","CU overfit",1,0.125,1,0.2025,0.18,0.1,0.2,2000,123,"sum",500,1879,0.0605,0.372829991616041,0.0747086177924562,0.0602237661717375,0.398411657659651,0.899821592324424,0.0747851953920719,0.0128299916160405,0.00180861779245614,-0.00457623382826248,-0.00158834234034938,-0.000178407675576284,-0.000214804607928138,0.0356388656001124,0.0248095719129786,-0.0706208924114581,-0.00397085585087346,-0.000198230750640315,-0.00286406143904184,0.0825543624367419,0.0152322588778377,0.0266312738304246,0.223451210945922,0.0400920723651232,0.0165930750819958,0.229317673435394,0.41097644800038,0.208947309709708,0.0445467470723591,0.221241001093277,0.969664715274082,0.969664715274082,0.968600319318787,0.930814262905801,0.940393826503459,0.951569984034061,0.998935604044705,1,0.556679084619478,0.0431080361894625,1,0.993613624268228,6.07085904694011,6,0.492744086813516,0.99865403832773,0.999903152210014,0.0126888862826506,0.0193812585961325,3.45961997625825,0.00237911802266431,0.00564679967746187,0.0172857013978148,0.00682962911582963,0.0500266098988824,0.9395,"Basic",NA
83,83,500,5,3,0.6708,"vgood",0.45,0,0.15,"AR1",FALSE,"ignored","CU ignored",1,0.125,1,0.2025,0.18,0.1,0.2,2000,123,"sum",500,2000,0,0.417293043507794,0.0807744037763898,0.0483084570690941,0.271989160937426,0.900619204504587,0.0745008816839847,0.0572930435077941,0.00787440377638983,-0.0164915429309059,-0.128010839062574,0.000619204504586795,-0.000499118316015364,0.159147343077206,0.108016512707679,-0.254499119304103,-0.320027097656435,0.000688005005096438,-0.00665491088020485,0.0804418787179481,0.0126184166806795,0.0242770343675813,0.173155061121791,0.0398281716919319,0.0171153340906876,0.223449663105411,0.374645592092304,0.173092135537442,0.0442535241021465,0.228204454542501,0.8445,0.892,0.855,0.7605,0.951,0.945,1,1,0.7695,0.6775,1,0.9885,13.4060026520799,10,0.319343997333093,0.996107321618189,0.996877753611212,0.0224229193364198,0.0263281858562684,5.79299568323953,0.00446960450276697,0.00532015309529676,0.018578614046989,0.0072933907880844,0.1875,1,"Cor.Unique",NA
84,84,500,5,3,0.6708,"vgood",0.45,0,0.15,"AR1",TRUE,"modeled","CU modeled",1,0.125,1,0.2025,0.18,0.1,0.2,2000,123,"sum",500,1875,0.0625,0.368214506916817,0.0740286073894169,0.0617539864078017,0.413080176552907,0.900524591352804,0.0743543088385807,0.00821450691681662,0.00112860738941692,-0.00304601359219831,0.0130801765529066,0.000524591352804001,-0.000645691161419322,0.0228180747689351,0.0154815828452253,-0.0470063825956529,0.0327004413822665,0.000582879280893335,-0.00860921548559096,0.0821127644687468,0.0151406884881867,0.026850757936545,0.228019914448858,0.0396460811385147,0.0172012752764454,0.228091012413186,0.414363548403473,0.2076912001123,0.0440512012650163,0.229350337019272,0.971733333333333,0.968,0.960533333333333,0.929066666666667,0.952533333333333,0.9456,0.999466666666667,0.9984,0.5936,0.0469333333333333,1,0.988266666666667,6.08467147497251,6,0.491123656605946,0.998731421640828,0.999881545744393,0.0127367667344398,0.0186901464308544,3.44122121222506,0.00224425817562615,0.00530191707340744,0.0172515920788783,0.00643234212986462,0.0512,0.9375,"Cor.Unique",NA
85,85,500,5,3,0.4,"poor",0.16,0,0,"none",FALSE,"ignored","Correct (no CU)",1,0.125,1,0.2025,0.18,0.1,0.2,2000,123,"sum",500,1830,0.085,0.375623891687494,0.0748440047957862,0.0593451215558029,0.401821633637142,0.899879715377545,0.0746571566670379,0.0156238916874939,0.00194400479578621,-0.00545487844419712,0.0018216336371418,-0.000120284622455032,-0.000342843332962101,0.0433996991319275,0.0266667324524857,-0.0841802229042766,0.0045540840928545,-0.000133649580505591,-0.00457124443949468,0.0992021167410659,0.017140690084186,0.0315758810051362,0.25321022395743,0.0538448317398381,0.0218404011209727,0.27556143539185,0.487282114276792,0.235126064254952,0.0598275908220424,0.291205348279636,0.977049180327869,0.972677595628415,0.980874316939891,0.93551912568306,0.948633879781421,0.956830601092896,0.969398907103825,0.99672131147541,0.379234972677596,0.00109289617486339,1,0.9224043715847,10.1152312411182,10,0.491156660136092,0.99543781586024,0.999819886423189,0.0116607633193648,0.0281558035364345,4.45908476588509,0.00777216934927245,0.0114941313473056,0.0150049407955873,0.00726692412017349,0.0502732240437158,0.915,"Basic",NA
86,86,500,5,3,0.4,"poor",0.16,0,0,"none",TRUE,"modeled","CU overfit",1,0.125,1,0.2025,0.18,0.1,0.2,2000,123,"sum",500,1533,0.2335,0.438187847181602,0.0835566621003023,0.0388364156635812,0.281675918918105,0.900311754210332,0.074774703281206,0.0781878471816016,0.0106566621003023,-0.0259635843364188,-0.118324081081895,0.000311754210331475,-0.000225296718794065,0.217188464393338,0.146181921814846,-0.400672597784241,-0.295810202704737,0.000346393567034972,-0.00300395625058753,0.168085815022166,0.027396203265334,0.0530755881470771,0.329703694206208,0.0540626316458305,0.0222896932853408,0.466905041728238,0.819067718319091,0.375805257411989,0.0600695907175894,0.297195910471211,0.96542726679713,0.966731898238748,0.962818003913894,0.862361382909328,0.946510110893673,0.949119373776908,0.637964774951076,0.798434442270059,0.00848010437051533,0.00848010437051533,1,0.920417482061318,6.09949329264587,6,0.491230004325951,0.996484254044055,0.999697371519176,0.0127998843523218,0.0213985687552846,3.48908983434779,0.00629644423254036,0.0148405070597997,0.0173481156531285,0.00684778762462198,0.0560991519895629,0.7665,"Basic",NA
87,87,500,5,3,0.4,"poor",0.16,0,0.15,"AR1",FALSE,"ignored","CU ignored",1,0.125,1,0.2025,0.18,0.1,0.2,2000,123,"sum",500,2000,0,0.612186742334657,0.109082938590104,-0.00943163116669364,-0.0169819563850093,0.898841158193623,0.0753732297867148,0.252186742334657,0.036182938590104,-0.0742316311666937,-0.416981956385009,-0.00115884180637744,0.000373229786714821,0.70051872870738,0.496336606174267,-1.14554986368354,-1.04245489096252,-0.00128760200708604,0.00497639715619761,0.277644792953744,0.0408027164061585,0.0836287539696181,0.444774745428337,0.0557865565760713,0.0231605822991545,0.771235535982621,1.29056719088917,0.559708043980226,0.0619850628623014,0.308807763988727,0.4045,0.533,0.5075,0.2485,0.9465,0.9455,1,1,0.06,0.091,1,0.9055,19.9179230517667,10,0.120402424464515,0.979368367776742,0.979740444055649,0.0407531660965844,0.0341234171664048,7.66812851571677,0.0149905006641707,0.0155804011956455,0.0189287106426103,0.00720026876273762,0.5405,1,"Cor.Unique",NA
88,88,500,5,3,0.4,"poor",0.16,0,0.15,"AR1",TRUE,"modeled","CU modeled",1,0.125,1,0.2025,0.18,0.1,0.2,2000,123,"sum",500,1525,0.2375,0.427877919924528,0.0829879727540493,0.0409569529758285,0.300187805019357,0.897590200808994,0.0754349205001243,0.0678779199245277,0.0100879727540493,-0.0238430470241715,-0.0998121949806433,-0.00240979919100569,0.00043492050012431,0.188549777568132,0.13838097056309,-0.367948256545856,-0.249530487451608,-0.00267755465667299,0.00579894000165746,0.163267468974908,0.0276766801870621,0.0524090011848171,0.327745545984721,0.056212869467065,0.0231556241222813,0.453520747152521,0.808780882481746,0.379652677463128,0.0624587438522944,0.30874165496375,0.975081967213115,0.962622950819672,0.965245901639344,0.868852459016393,0.944918032786885,0.943606557377049,0.602622950819672,0.787540983606557,0.00786885245901639,0.0104918032786885,1,0.907540983606557,6.08997792057974,6,0.491705293927225,0.997146877304748,0.999727341718938,0.0129841852124076,0.019945287877039,3.53267613312857,0.00518630154187889,0.0121328313199821,0.0172572368947679,0.00640272355850481,0.0439344262295082,0.7625,"Cor.Unique",NA
89,89,500,5,5,0.6708,"vgood",0.45,0,0,"none",FALSE,"ignored","Correct (no CU)",1,0.125,1,0.2025,0.18,0.1,0.2,2000,123,"sum",500,1999,5e-04,1.00305618660876,0.20231846697996,0.179053630489341,0.407703321519434,1.49980997553089,0.124726783620689,0.00305618660876158,-0.000181533020039721,-0.000946369510659357,0.00770332151943422,-0.000190024469112095,-0.000273216379311241,0.00305618660876158,-0.000896459358220843,-0.00525760839255198,0.0192583037985855,-0.000126682979408064,-0.00218573103448993,0.141473999889633,0.0248025635069914,0.0434541753329149,0.123775262550878,0.0630250817458872,0.0262702206869624,0.141473999889633,0.241412085182861,0.122481795096254,0.0420167211639248,0.210161765495699,0.941470735367684,0.944972486243122,0.948474237118559,0.95447723861931,0.946473236618309,0.947973986993497,1,1,0.982991495747874,0.96848424212106,1,0.996498249124562,10.1918948442846,10,0.489302310534449,0.998417745692499,0.999845651542695,0.0120953876764917,0.0244227523581032,4.62883263172986,0.00259394062376363,0.00380378945005265,0.0154721010122378,0.00748302494872698,0.0530265132566283,0.9995,"Basic",NA
90,90,500,5,5,0.6708,"vgood",0.45,0,0,"none",TRUE,"modeled","CU overfit",1,0.125,1,0.2025,0.18,0.1,0.2,2000,123,"sum",500,1933,0.0335,1.01782803209604,0.204618355340697,0.173659507841441,0.411817839201458,1.50000447742118,0.124753326542736,0.0178280320960373,0.00211835534069719,-0.00634049215855881,0.0118178392014582,4.47742117950076e-06,-0.000246673457263646,0.0178280320960373,0.0104610140281343,-0.0352249564364378,0.0295445980036455,2.9849474530005e-06,-0.00197338765810917,0.20260134655323,0.0382109341767749,0.0664188897683668,0.206067422939765,0.0632428319844769,0.0262193345546662,0.20260134655323,0.368993832046482,0.188695971243333,0.0421618879896512,0.209754676437329,0.964821520951888,0.969477496120021,0.963786859803414,0.936885669943094,0.945162959130885,0.948266942576306,1,1,0.709777547853078,0.334195550957062,1,0.996378685980341,6.10371447834779,6,0.493138916524038,0.998811516876247,0.999863165854806,0.0132094520600684,0.018773525874476,3.54141696735642,0.00202480470076331,0.0048515660982514,0.0175631908409818,0.00677338119519081,0.0574236937403,0.9665,"Basic",NA
91,91,500,5,5,0.6708,"vgood",0.45,0,0.15,"AR1",FALSE,"ignored","CU ignored",1,0.125,1,0.2025,0.18,0.1,0.2,2000,123,"sum",500,2000,0,1.09721984944546,0.215151395200783,0.152548550809107,0.320973797245674,1.50062678392521,0.12442134486191,0.0972198494454644,0.0126513952007826,-0.0274514491908931,-0.079026202754326,0.000626783925214683,-0.000578655138090166,0.0972198494454644,0.062476025682877,-0.152508051060517,-0.197565506885815,0.000417855950143122,-0.00462924110472133,0.170201275076579,0.027412689374964,0.0506625028365921,0.131324911144799,0.0628265747033839,0.0268357610863389,0.170201275076579,0.281458349092178,0.135371305555378,0.0418843831355893,0.214686088690711,0.9105,0.9365,0.915,0.859,0.9535,0.95,1,1,0.942,0.91,1,0.995,11.8334712802408,10,0.391838803516973,0.997657928882222,0.998566825986601,0.0172448053023748,0.0246144051774856,5.12035574069508,0.00313687571497086,0.00403896032904369,0.0172690988374826,0.00721721474402418,0.1075,1,"Cor.Unique",NA
92,92,500,5,5,0.6708,"vgood",0.45,0,0.15,"AR1",TRUE,"modeled","CU modeled",1,0.125,1,0.2025,0.18,0.1,0.2,2000,123,"sum",500,1931,0.0345,1.01110311844289,0.203631174618725,0.175775682417641,0.418658942232055,1.5004445949526,0.124430639982096,0.0111031184428909,0.00113117461872452,-0.00422431758235884,0.018658942232055,0.000444594952603739,-0.000569360017903921,0.0111031184428909,0.00558604749987415,-0.0234684310131047,0.0466473555801375,0.000296396635069159,-0.00455488014323137,0.201383203910121,0.0377941617981648,0.0654017047571117,0.205831199752493,0.0629662703074529,0.0267658299244915,0.201383203910121,0.363342804206176,0.18663783604032,0.0419775135383019,0.214126639395932,0.961677887105127,0.966338684619368,0.965820818228897,0.936820300362507,0.953909891248058,0.95080269290523,1,1,0.739513205592957,0.331434489901605,1,0.994821336095287,6.09361756619987,6,0.490256645450267,0.998904915884116,0.999890291112595,0.012870233259252,0.0181580896842172,3.46104351567342,0.00192145060843765,0.00455818435684037,0.0172596423550645,0.00635468754231508,0.0502330398757121,0.9655,"Cor.Unique",NA
93,93,500,5,5,0.4,"poor",0.16,0,0,"none",FALSE,"ignored","Correct (no CU)",1,0.125,1,0.2025,0.18,0.1,0.2,2000,123,"sum",500,1935,0.0325,1.01796009551998,0.204323742949371,0.173778477875123,0.413258024602125,1.49982389652998,0.12470013860156,0.0179600955199837,0.00182374294937085,-0.00622152212487652,0.0132580246021253,-0.000176103470018764,-0.000299861398440371,0.0179600955199837,0.00900613802158445,-0.0345640118048696,0.0331450615053134,-0.000117402313345843,-0.00239889118752297,0.219742343354428,0.0381934654245388,0.0700568925417563,0.212445587719354,0.0779984152317236,0.0319531826988078,0.219742343354428,0.389204958565313,0.188609705800192,0.0519989434878158,0.255625461590463,0.961757105943152,0.957622739018088,0.970542635658915,0.945219638242894,0.94625322997416,0.947286821705426,0.999483204134367,1,0.662015503875969,0.331266149870801,1,0.968992248062015,10.1794050376561,10,0.489980394827644,0.996858410679922,0.999727645677199,0.0118078668110178,0.0273068335893639,4.54916667650308,0.00519874103443098,0.00760101713577784,0.0154297738531564,0.00731180435382944,0.0568475452196382,0.9675,"Basic",NA
94,94,500,5,5,0.4,"poor",0.16,0,0,"none",TRUE,"modeled","CU overfit",1,0.125,1,0.2025,0.18,0.1,0.2,2000,123,"sum",500,1712,0.144,1.09783344172002,0.217531169355983,0.145113521029307,0.358358565800072,1.49895711416841,0.124770283820733,0.097833441720017,0.0150311693559828,-0.0348864789706934,-0.0416414341999284,-0.00104288583159472,-0.000229716179266737,0.097833441720017,0.0742279968196684,-0.193813772059408,-0.104103585499821,-0.000695257221063145,-0.0018377294341339,0.332059051239,0.0589348525042156,0.104952696298767,0.277004061747658,0.0784104653128017,0.0319925313142759,0.332059051239,0.583070534993151,0.291036308662793,0.0522736435418678,0.255940250514207,0.976635514018692,0.973714953271028,0.970210280373832,0.897780373831776,0.943341121495327,0.945093457943925,0.872663551401869,0.952102803738318,0.165303738317757,0.00350467289719626,1,0.969626168224299,6.11205854014193,6,0.493405157969482,0.997584203009867,0.999711126644858,0.0131300782443968,0.0207347122208671,3.5930553885478,0.00428007379781429,0.0100324626948635,0.0176372306378848,0.00703190192283703,0.0630841121495327,0.856,"Basic",NA
95,95,500,5,5,0.4,"poor",0.16,0,0.15,"AR1",FALSE,"ignored","CU ignored",1,0.125,1,0.2025,0.18,0.1,0.2,2000,123,"sum",500,1999,5e-04,1.41475847379258,0.261050909256966,0.0597823995394171,0.113692536213584,1.4989932938044,0.12532739558585,0.414758473792578,0.0585509092569657,-0.120217600460583,-0.286307463786416,-0.00100670619560116,0.000327395585849731,0.414758473792578,0.289140292626991,-0.66787555811435,-0.71576865946604,-0.00067113746373411,0.00261916468679785,0.478634320161714,0.0707277781573454,0.142137794511865,0.319771153206206,0.0821206267940805,0.0348637764986357,0.478634320161714,0.789654413954806,0.349272978554792,0.054747084529387,0.278910211989085,0.585792896448224,0.709854927463732,0.655827913956978,0.424212106053027,0.943471735867934,0.939969984992496,1,1,0.138569284642321,0.0460230115057529,1,0.955977988994497,17.4751268816658,10,0.178834625872028,0.988728857320304,0.989179835076937,0.0341145558605294,0.0308177116766087,7.11897079210983,0.00966481033574474,0.0102872905830519,0.0198037376560907,0.00731701720153136,0.400700350175088,0.9995,"Cor.Unique",NA
96,96,500,5,5,0.4,"poor",0.16,0,0.15,"AR1",TRUE,"modeled","CU modeled",1,0.125,1,0.2025,0.18,0.1,0.2,2000,123,"sum",500,1690,0.155,1.0891437715652,0.216193164585173,0.148384545160899,0.368192839811133,1.49855047835177,0.125379365370118,0.0891437715651993,0.0136931645851728,-0.0316154548391007,-0.0318071601888668,-0.00144952164823245,0.000379365370117881,0.0891437715651993,0.0676205658527052,-0.175641415772782,-0.0795179004721671,-0.000966347765488301,0.00303492296094305,0.332153814663987,0.0582476418623645,0.104583607937849,0.279230621815769,0.0819828884362588,0.0350580340752201,0.332153814663987,0.581020044099159,0.287642675863529,0.0546552589575059,0.280464272601761,0.973372781065089,0.97396449704142,0.969822485207101,0.907100591715976,0.939644970414201,0.93491124260355,0.871597633136095,0.957396449704142,0.171597633136095,0.0029585798816568,1,0.956213017751479,5.9561317262025,6,0.50212803080597,0.998107473442434,1.00014315021649,0.0121446864220646,0.0193886028991432,3.41709228583354,0.00346784669277665,0.00831051369299049,0.016992927925949,0.00649003197785716,0.0455621301775148,0.845,"Cor.Unique",NA
97,97,800,3,3,0.6708,"vgood",0.45,0,0,"none",FALSE,"ignored","Correct (no CU)",1,0.125,1,0.2025,0.18,0.1,0.2,2000,123,"EC_latent",800,1639,0.1805,0.3801606468752,0.0861407704767053,0.0502805366386121,0.34100937717138,0.900442655597776,0.0748248872290242,0.0201606468751998,0.0132407704767053,-0.0145194633613879,-0.0589906228286199,0.000442655597775883,-0.00017511277097581,0.056001796875555,0.181629224646163,-0.224065792614011,-0.14747655707155,0.000491839553084314,-0.00233483694634414,0.0657804601372762,0.0355631716191775,0.0376444059747902,0.277031234918217,0.0349640880713169,0.0229364036507254,0.182723500381323,0.580932190968985,0.487835001634808,0.0388489867459077,0.305818715343005,0.973764490543014,0.967053081147041,0.968883465527761,0.901769371568029,0.955460646735815,0.951799877974375,1,0.521659548505186,0.161683953630262,0.0012202562538133,1,0.906040268456376,38.7327999204456,39,0.508616279951803,0.998385372094872,1.00014046527139,0.00639228474797653,0.0239714157412329,8.74251559634626,0.00261795130937294,0.0039095079155426,0.00816729593795261,0.00363263013769743,0.0500305064063453,0.8195,"Basic",NA
98,98,800,3,3,0.6708,"vgood",0.45,0,0.15,"AR1",FALSE,"ignored","CU ignored",1,0.125,1,0.2025,0.18,0.1,0.2,2000,123,"EC_latent",800,1972,0.014,0.454954543447428,0.12151401797436,0.016833813482559,0.114587933593768,0.898595903587967,0.0753481579530068,0.0949545434474276,0.0486140179743604,-0.047966186517441,-0.285412066406232,-0.00140409641203325,0.000348157953006793,0.263762620687299,0.666858957124285,-0.740218927738287,-0.713530166015581,-0.00156010712448139,0.00464210604009057,0.117990489784811,0.0621338021618319,0.0630968897814204,0.360450742286839,0.0355884259125482,0.0226447883962758,0.327751360513364,0.973717434898464,0.852315530340629,0.0395426954583869,0.301930511950345,0.754056795131846,0.77738336713996,0.804259634888438,0.571501014198783,0.951825557809331,0.953853955375254,1,0.849898580121704,0.0578093306288032,0.024340770791075,1,0.907707910750507,110.856964603757,39,8.14762584984173e-05,0.967250142910122,0.969769362686266,0.0475645597649521,0.0312398207366709,18.8808351748845,0.00869670240830618,0.00802772529997494,0.00638287976110473,0.00329187081508222,1,0.986,"Cor.Unique",NA
99,99,800,3,3,0.4,"poor",0.16,0,0,"none",FALSE,"ignored","Correct (no CU)",1,0.125,1,0.2025,0.18,0.1,0.2,2000,123,"EC_latent",800,1209,0.3955,0.43322852039305,0.113443964729179,0.0144887052274517,0.169907420611471,0.901554863421439,0.0734868290817306,0.07322852039305,0.0405439647291794,-0.0503112947725483,-0.230092579388529,0.00155486342143879,-0.00151317091826939,0.203412556647361,0.556158638260348,-0.776408869946733,-0.575231448471322,0.00172762602382088,-0.0201756122435919,0.138353184257478,0.0699383316902042,0.0823420254206482,0.419066878865107,0.0494833747636944,0.03488830567091,0.384314400715217,1.27071026883716,0.959373548562471,0.054981527515216,0.465177408945467,0.97601323407775,0.977667493796526,0.973531844499586,0.818031430934657,0.948717948717949,0.948717948717949,0.869313482216708,0.15550041356493,0.00496277915632754,0.0297766749379653,1,0.570719602977667,38.7680117977647,39,0.505442675069208,0.990928163632,1.00111387265653,0.00640362746222361,0.0292144588786006,8.72428513589374,0.0146341763159639,0.0225802777665711,0.0081213272792369,0.00361421829316178,0.0471464019851117,0.6045,"Basic",NA
100,100,800,3,3,0.4,"poor",0.16,0,0.15,"AR1",FALSE,"ignored","CU ignored",1,0.125,1,0.2025,0.18,0.1,0.2,2000,123,"EC_latent",800,394,0.803,0.676778119651718,0.19678462232211,-0.0726061456293042,-0.169267365440924,0.898857112540768,0.0774715861879549,0.316778119651718,0.12388462232211,-0.137406145629304,-0.569267365440923,-0.00114288745923164,0.00247158618795491,0.879939221254773,1.69937753528271,-2.12046521032877,-1.42316841360231,-0.00126987495470182,0.0329544825060654,0.338019926537494,0.137348724281328,0.154336099280645,0.596481022590706,0.0499617395130647,0.0346398456663086,0.938944240381928,2.38172992717045,1.88407029192493,0.0555130439034052,0.461864608884115,0.434010152284264,0.766497461928934,0.751269035532995,0.289340101522843,0.944162436548223,0.939086294416244,0.99746192893401,0.703045685279188,0.0634517766497462,0.223350253807107,1,0.604060913705584,110.735102785571,39,0.000163541773388841,0.858190443962192,0.869098871349716,0.0475455124997076,0.0434638769977743,18.1444179276893,0.0346205208745893,0.0319574038842362,0.00622290439670194,0.00363374366266913,1,0.197,"Cor.Unique",NA
101,101,800,3,5,0.6708,"vgood",0.45,0,0,"none",FALSE,"ignored","Correct (no CU)",1,0.125,1,0.2025,0.18,0.1,0.2,2000,123,"EC_latent",800,1705,0.1475,1.0385206993104,0.228899761590731,0.151101259972592,0.363383067439022,1.50053079912936,0.124605952031958,0.0385206993104051,0.0263997615907312,-0.0288987400274082,-0.0366169325609776,0.000530799129362274,-0.000394047968041873,0.0385206993104051,0.130369193040648,-0.160548555707823,-0.0915423314024441,0.000353866086241516,-0.00315238374433498,0.15705174525181,0.0850980003804935,0.0885704643901887,0.251802443615322,0.0550589303228814,0.0349092137230148,0.15705174525181,0.492058135501048,0.420237038916017,0.0367059535485876,0.279273709784119,0.975953079178886,0.973020527859238,0.96950146627566,0.906158357771261,0.95425219941349,0.955425219941349,1,0.618768328445748,0.279178885630499,0.000586510263929619,1,0.941348973607038,114.292892860304,114,0.492553570794375,0.998656214554709,0.999952730890949,0.00528670510921795,0.0261541445002344,15.0001923372309,0.00202092661392733,0.00305734948187505,0.00624359586737317,0.00274390233846081,0.0486803519061584,0.8525,"Basic",NA
102,102,800,3,5,0.6708,"vgood",0.45,0,0.15,"AR1",FALSE,"ignored","CU ignored",1,0.125,1,0.2025,0.18,0.1,0.2,2000,123,"EC_latent",800,1958,0.021,1.16208248587342,0.28493699284383,0.0975443902839452,0.212568845685944,1.4982044555366,0.125400691087887,0.162082485873422,0.0824369928438297,-0.0824556097160548,-0.187431154314056,-0.0017955444634037,0.00040069108788716,0.162082485873422,0.407096260957184,-0.458086720644749,-0.46857788578514,-0.00119702964226913,0.00320552870309728,0.230606874505819,0.123262125356852,0.125384609318115,0.289221402336678,0.0559792499706887,0.0348374890677682,0.230606874505819,0.696581162878416,0.608701853614083,0.0373194999804591,0.278699912542146,0.863125638406537,0.871807967313585,0.880490296220633,0.727783452502554,0.948927477017365,0.950459652706844,1,0.83758937691522,0.149642492339122,0.00510725229826353,1,0.945863125638407,259.39618965443,114,1.28975721538113e-07,0.969138589969629,0.97157501707729,0.0397356160621426,0.0315540400529557,28.3353816000271,0.00606836309273006,0.00558928179593558,0.00391728462208478,0.00239782717446433,1,0.979,"Cor.Unique",NA
103,103,800,3,5,0.4,"poor",0.16,0,0,"none",FALSE,"ignored","Correct (no CU)",1,0.125,1,0.2025,0.18,0.1,0.2,2000,123,"EC_latent",800,1435,0.2825,1.1271200591071,0.28166720697618,0.0889121764605988,0.243902790893396,1.50091490051041,0.123686145173885,0.127120059107099,0.0791672069761799,-0.0910878235394011,-0.156097209106604,0.000914900510412865,-0.0013138548261148,0.127120059107099,0.39094917025274,-0.506043464107784,-0.39024302276651,0.000609933673608577,-0.0105108386089184,0.282053713509789,0.150849907047197,0.165616407232095,0.351507505315033,0.0699669637944198,0.0481041484841224,0.282053713509789,0.920091151289414,0.74493781257875,0.0466446425296132,0.384833187872979,0.963066202090592,0.968641114982578,0.97212543554007,0.852961672473868,0.95191637630662,0.958188153310105,0.994425087108014,0.287108013937282,0.00418118466898955,0.0125435540069686,1,0.715679442508711,114.117792916281,114,0.496580420761382,0.993189151141808,1.00017013227372,0.0052347798589376,0.0313419972406891,15.1078903686224,0.0102956340057267,0.016002085781925,0.00624678683474982,0.00237467397590113,0.0536585365853659,0.7175,"Basic",NA
104,104,800,3,5,0.4,"poor",0.16,0,0.15,"AR1",FALSE,"ignored","CU ignored",1,0.125,1,0.2025,0.18,0.1,0.2,2000,123,"EC_latent",800,1358,0.321,1.63546300495311,0.482273629605792,-0.120520743666819,-0.100977928545069,1.4970089041896,0.126653663175715,0.635463004953109,0.279773629605792,-0.300520743666819,-0.500977928545069,-0.0029910958104036,0.00165366317571512,0.635463004953109,1.3815981708928,-1.66955968703788,-1.25244482136267,-0.0019940638736024,0.0132293054057209,0.697848114741998,0.312250934172145,0.34382820781031,0.538361119912984,0.0725966442459058,0.0501167517918702,0.697848114741998,1.91015671005728,1.54197992183775,0.0483977628306039,0.400934014334962,0.448453608247423,0.640648011782032,0.642857142857143,0.293814432989691,0.936671575846834,0.936671575846834,1,0.860088365243004,0.0751104565537555,0.192930780559647,1,0.736377025036819,258.940958320173,114,1.17005274475115e-07,0.866928684251185,0.877434314441881,0.0396747224300025,0.0427195286798064,28.1233195161664,0.0254217830311127,0.0234148001602354,0.00389775337316711,0.00243014199170597,1,0.679,"Cor.Unique",NA
105,105,800,5,3,0.6708,"vgood",0.45,0,0,"none",FALSE,"ignored","Correct (no CU)",1,0.125,1,0.2025,0.18,0.1,0.2,2000,123,"EC_latent",800,2000,0,0.358520701707961,0.0728390816292118,0.0649426334772187,0.410788789047428,0.899006960824104,0.0754010766517506,-0.00147929829203948,-6.09183707882283e-05,0.000142633477218689,0.0107887890474282,-0.00099303917589638,0.000401076651750587,-0.00410916192233188,-0.00083564294634058,0.00220113390769582,0.0269719726185705,-0.00110337686210709,0.00534768869000783,0.0437394626017544,0.0079108463884757,0.0138143673938347,0.113599612162631,0.0311560172246796,0.0130315335837372,0.121498507227095,0.213184682003621,0.10851641136455,0.0346177969163107,0.173753781116496,0.9435,0.942,0.96,0.9525,0.9465,0.957,1,1,0.996,0.993,1,1,118.514313637428,118,0.491652352323416,0.998841491732349,0.999924874933832,0.00527787012081836,0.0279295621873773,15.5352739359783,0.00175363300502814,0.00249876581125491,0.00634884405009606,0.00351629829473521,0.0605,1,"Basic",NA
106,106,800,5,3,0.6708,"vgood",0.45,0,0,"none",TRUE,"modeled","CU overfit",1,0.125,1,0.2025,0.18,0.1,0.2,2000,123,"EC_latent",800,2000,0,0.358494650528837,0.0728299338022198,0.064957252763499,0.411316036968556,0.899000532272438,0.0753979469283462,-0.00150534947116296,-7.00661977801754e-05,0.000157252763499018,0.0113160369685555,-0.000999467727562548,0.000397946928346164,-0.004181526308786,-0.000961127541566192,0.00242674017745398,0.0282900924213888,-0.00111051969729172,0.00530595904461552,0.0444369630839183,0.00801369897042023,0.0140308407859651,0.115874172169578,0.0311552077426605,0.0130311235711755,0.12343600856644,0.216525320771067,0.109927283544859,0.034616897491845,0.17374831428234,0.944,0.9435,0.961,0.957,0.947,0.956,1,1,0.996,0.991,1,1,106.4837713252,106,0.491136990406662,0.9989175831374,0.999919362161819,0.00539280511825587,0.02732418245636,14.5130411491084,0.00164141902205671,0.00259813433128745,0.0064632979404773,0.00355628319741006,0.055,1,"Basic",NA
107,107,800,5,3,0.6708,"vgood",0.45,0,0.15,"AR1",FALSE,"ignored","CU ignored",1,0.125,1,0.2025,0.18,0.1,0.2,2000,123,"EC_latent",800,2000,0,0.419162820581003,0.0809682048177763,0.0476836306992237,0.264488074069448,0.89950838439949,0.0752474622383553,0.0591628205810025,0.00806820481777626,-0.0171163693007763,-0.135511925930552,-0.000491615600510234,0.000247462238355256,0.164341168280563,0.110674963206807,-0.26414150155519,-0.33877981482638,-0.000546239556122482,0.00329949651140341,0.0741970540565591,0.0113337842424641,0.0221469468076111,0.163129938184663,0.0315542023861932,0.0134619218668295,0.206102927934886,0.341773870487825,0.155470291391826,0.035060224873548,0.179492291557727,0.756,0.843,0.7795,0.6495,0.952,0.956,1,1,0.918,0.877,1,1,271.753944413278,118,3.61301687653692e-07,0.973430455162112,0.976357608406964,0.0401728131515875,0.0326172249211725,29.0917791456108,0.00506952609864166,0.00451101898607944,0.00386030382457789,0.00306784677036088,1,1,"Cor.Unique",NA
108,108,800,5,3,0.6708,"vgood",0.45,0,0.15,"AR1",TRUE,"modeled","CU modeled",1,0.125,1,0.2025,0.18,0.1,0.2,2000,123,"EC_latent",800,2000,0,0.360773883059188,0.0729285180801459,0.0643869196861498,0.406748048080785,0.899472654181574,0.0752615368377303,0.000773883059187899,2.85180801458554e-05,-0.0004130803138502,0.00674804808078477,-0.00052734581842582,0.000261536837730248,0.00214967516441083,0.000391194515032309,-0.00637469620139198,0.0168701202019619,-0.000585939798250911,0.0034871578364033,0.0458394162371665,0.00821334552342516,0.014475118734159,0.118709952927728,0.0315500798977279,0.0134552108074949,0.127331711769907,0.223381461946898,0.112665919388548,0.0350556443308088,0.179402810766599,0.9535,0.9485,0.951,0.945,0.9525,0.957,1,1,0.99,0.9805,1,1,107.049359184214,106,0.478421968389892,0.998903055220595,0.999827340812484,0.00571399269040743,0.0270598834227508,14.6749805107918,0.00160067120183898,0.00251536854871055,0.00651357268209674,0.00345358080647639,0.0565,1,"Cor.Unique",NA
109,109,800,5,3,0.4,"poor",0.16,0,0,"none",FALSE,"ignored","Correct (no CU)",1,0.125,1,0.2025,0.18,0.1,0.2,2000,123,"EC_latent",800,1854,0.073,0.362943972107759,0.073402104706531,0.0633465076807116,0.425708789120819,0.898752441167674,0.0755490699076575,0.00294397210775857,0.000502104706531003,-0.00145349231928842,0.0257087891208191,-0.00124755883232584,0.000549069907657448,0.00817770029932936,0.0068875817082442,-0.0224304370260559,0.0642719728020478,-0.00138617648036205,0.00732093210209931,0.0808375215484866,0.0137860377488647,0.0263799220791047,0.229335831095573,0.0415764300642079,0.0171480009556803,0.224548670968018,0.407097562949147,0.18910888544396,0.0461960334046755,0.228640012742404,0.964940668824164,0.959007551240561,0.976267529665588,0.95361380798274,0.95631067961165,0.957389428263215,0.998381877022654,1,0.60571736785329,0.154800431499461,1,0.991909385113269,118.459249488962,118,0.492910159294953,0.995255734993105,0.999794435225978,0.00530383749891211,0.0320898317670273,15.5199750243047,0.00718338283810964,0.0103372951492854,0.00630513445197028,0.00265986234737337,0.0544768069039914,0.927,"Basic",NA
110,110,800,5,3,0.4,"poor",0.16,0,0,"none",TRUE,"modeled","CU overfit",1,0.125,1,0.2025,0.18,0.1,0.2,2000,123,"EC_latent",800,1825,0.0875,0.365407891539142,0.0737912232925088,0.0624189284492449,0.420555804736185,0.898961690215243,0.0755399841791847,0.00540789153914226,0.000891223292508811,-0.0023810715507551,0.0205558047361855,-0.00103830978475761,0.000539984179184675,0.0150219209420618,0.0122252852195996,-0.0367449313388133,0.0513895118404637,-0.00115367753861957,0.00719978905579567,0.0853125561050009,0.0143342832776439,0.0273815784075741,0.235544268711493,0.0416831988475617,0.0171661022433625,0.236979322513891,0.422555222339106,0.196629400242028,0.0463146653861796,0.228881363244833,0.969315068493151,0.968219178082192,0.98027397260274,0.947397260273973,0.952876712328767,0.95945205479452,0.996164383561644,1,0.545205479452055,0.0553424657534247,1,0.990684931506849,106.360154645706,106,0.492742334674906,0.995615302231327,0.999815647700829,0.00535556649886064,0.0308514288493004,14.4206167565541,0.0066559854243355,0.010708004458024,0.00639931507598917,0.00268574053651529,0.0520547945205479,0.9125,"Basic",NA
111,111,800,5,3,0.4,"poor",0.16,0,0.15,"AR1",FALSE,"ignored","CU ignored",1,0.125,1,0.2025,0.18,0.1,0.2,2000,123,"EC_latent",800,1340,0.33,0.603543402039108,0.107180483203609,-0.00590770809724441,-0.0126058098943124,0.899601242480299,0.075361050459319,0.243543402039108,0.034280483203609,-0.0707077080972444,-0.412605809894312,-0.000398757519701074,0.000361050459318956,0.676509450108633,0.470239824466515,-1.09116833483402,-1.03151452473578,-0.000443063910778971,0.00481400612425275,0.258462044473766,0.0370190365258491,0.0763740918865959,0.42830276803516,0.0427194001515406,0.0175268502529992,0.71795012353824,1.17861252911413,0.507805713660481,0.0474660001683785,0.233691336706655,0.211194029850746,0.365671641791045,0.32910447761194,0.129850746268657,0.952985074626866,0.957462686567164,1,1,0.0417910447761194,0.0559701492537313,1,0.98955223880597,281.720264301161,118,1.94558195477944e-07,0.899924869221709,0.910950095493893,0.0414631094815994,0.0436558338489212,30.334386837275,0.0183935749327561,0.0163671641350796,0.0038918747815328,0.00266484178168088,1,0.67,"Cor.Unique",NA
112,112,800,5,3,0.4,"poor",0.16,0,0.15,"AR1",TRUE,"modeled","CU modeled",1,0.125,1,0.2025,0.18,0.1,0.2,2000,123,"EC_latent",800,1842,0.079,0.366750134694174,0.0742691445188039,0.0616888841571064,0.419195697286059,0.899959797795301,0.0752143358979317,0.0067501346941735,0.00136914451880388,-0.00311111584289363,0.0191956972860586,-4.02022046988901e-05,0.000214335897931727,0.0187503741504819,0.0187811319451835,-0.048011046958235,0.0479892432151465,-4.46691163321002e-05,0.00285781197242303,0.0922698892370531,0.0148623138817468,0.0296015830980898,0.24851040790134,0.0427311259786458,0.0175112820990365,0.256305247880703,0.456814553982867,0.203872618405306,0.047479028865162,0.233483761320487,0.960369163952226,0.973398479913138,0.973941368078176,0.939196525515744,0.956026058631922,0.95656894679696,0.98914223669924,1,0.520086862106406,0.0282301845819761,1,0.992942453854506,106.476692644463,106,0.489949157430767,0.996249884997551,0.99977525482024,0.00556001140710146,0.0305969034627595,14.8004701794291,0.00552237528690375,0.00897955922088687,0.00648370476181715,0.00270830180287086,0.0580890336590662,0.921,"Cor.Unique",NA
113,113,800,5,5,0.6708,"vgood",0.45,0,0,"none",FALSE,"ignored","Correct (no CU)",1,0.125,1,0.2025,0.18,0.1,0.2,2000,123,"EC_latent",800,2000,0,0.996751992603412,0.202764040270614,0.179487952067165,0.405491847543747,1.4988582800296,0.12549690921894,-0.00324800739658845,0.000264040270614083,-0.00051204793283481,0.00549184754374679,-0.00114171997040433,0.000496909218939895,-0.00324800739658845,0.00130390257093374,-0.00284471073797117,0.013729618859367,-0.000761146646936217,0.00397527375151916,0.108095114989684,0.0195836208779398,0.0338312573201596,0.0961577705016214,0.0492872532853176,0.0207736992427809,0.108095114989684,0.187951429556442,0.0967092389034064,0.0328581688568784,0.166189593942247,0.945,0.941,0.9495,0.9455,0.946,0.9565,1,1,0.999,0.9985,1,1,330.69759971397,327,0.460706246192513,0.998888359565559,0.999698751413115,0.00463932046186128,0.0287942958647421,26.1802973990723,0.00153537837793889,0.00216897875008646,0.00506860260278983,0.00277520210079324,0.075,1,"Basic",NA
114,114,800,5,5,0.6708,"vgood",0.45,0,0,"none",TRUE,"modeled","CU overfit",1,0.125,1,0.2025,0.18,0.1,0.2,2000,123,"EC_latent",800,2000,0,0.997127955988965,0.202819810745198,0.179378244416156,0.405182248598709,1.49886476497693,0.125489428606615,-0.00287204401103469,0.000319810745197758,-0.000621755583843522,0.00518224859870876,-0.00113523502307386,0.000489428606615266,-0.00287204401103469,0.00157931232196424,-0.00345419768801957,0.0129556214967719,-0.000756823348715905,0.00391542885292213,0.108541216306767,0.0196275268502816,0.0339737177612842,0.0965804796918416,0.0492881777552166,0.0207776008665147,0.108541216306767,0.188742876451579,0.0969260585199094,0.0328587851701444,0.166220806932118,0.943,0.9425,0.9495,0.947,0.946,0.9565,1,1,0.999,0.9985,1,1,310.87648011802,307,0.45764724090843,0.998915003542854,0.999661988423846,0.00474155472922054,0.0284757484079658,25.3182099623378,0.00150528212253274,0.00223480450681046,0.00515455449341786,0.00279431226662906,0.0745,1,"Basic",NA
115,115,800,5,5,0.6708,"vgood",0.45,0,0.15,"AR1",FALSE,"ignored","CU ignored",1,0.125,1,0.2025,0.18,0.1,0.2,2000,123,"EC_latent",800,2000,0,1.09726505660529,0.215696396524649,0.151713690076917,0.31649614605713,1.49885945905873,0.125495092359419,0.0972650566052886,0.0131963965246491,-0.0282863099230826,-0.0835038539428697,-0.0011405409412701,0.000495092359418625,0.0972650566052886,0.0651673902451807,-0.157146166239348,-0.208759634857174,-0.0007603606275134,0.003960738875349,0.146208484710985,0.0238186859527584,0.044311142661379,0.118310429204786,0.049908538820649,0.0212099989612955,0.146208484710985,0.246173014785439,0.117623140507449,0.033272359213766,0.169679991690364,0.875,0.9075,0.87,0.8025,0.949,0.9545,1,1,0.991,0.9865,1,1,628.385312489892,327,3.55905882543084e-12,0.973690014045673,0.97586239820704,0.0338567550875179,0.0320266456609888,42.695135932624,0.00381378036524357,0.0034988810690308,0.00240988933224902,0.00255430178000181,1,1,"Cor.Unique",NA
116,116,800,5,5,0.6708,"vgood",0.45,0,0.15,"AR1",TRUE,"modeled","CU modeled",1,0.125,1,0.2025,0.18,0.1,0.2,2000,123,"EC_latent",800,2000,0,0.999607757275167,0.202517356599854,0.179404250571207,0.405261172915942,1.49883400592967,0.125507591229263,-0.00039224272483325,1.73565998537553e-05,-0.000595749428793262,0.00526117291594252,-0.00116599407032693,0.000507591229263223,-0.00039224272483325,8.57116042160755e-05,-0.00330971904885145,0.0131529322898563,-0.000777329380217954,0.00406072983410578,0.110348318919228,0.0201729862186678,0.0345050535176871,0.0976648862411809,0.0499186985636497,0.0211904677989663,0.110348318919228,0.191694741764929,0.0996196850304581,0.0332791323757665,0.16952374239173,0.9495,0.944,0.95,0.956,0.9485,0.9535,1,1,0.999,0.9985,1,1,310.569153851927,307,0.459389086153981,0.998950956960578,0.999699448125919,0.00480059549508264,0.0282330553509957,25.502013627597,0.00143261859637122,0.00217760834846174,0.00509632054037143,0.00280352166818005,0.0725,1,"Cor.Unique",NA
117,117,800,5,5,0.4,"poor",0.16,0,0,"none",FALSE,"ignored","Correct (no CU)",1,0.125,1,0.2025,0.18,0.1,0.2,2000,123,"EC_latent",800,1976,0.012,0.995547800031042,0.203432819076376,0.178476715583719,0.418757910765888,1.49860041931275,0.125613904021747,-0.00445219996895809,0.000932819076375826,-0.00152328441628107,0.0187579107658876,-0.00139958068724611,0.00061390402174708,-0.00445219996895809,0.00460651395741148,-0.0084626912015615,0.0468947769147189,-0.000933053791497407,0.00491123217397664,0.175744507079091,0.030530031213325,0.0563924633863924,0.176535618035616,0.0609559596531028,0.0252814263616526,0.175744507079091,0.313291463257736,0.150765586238642,0.0406373064354018,0.202251410893221,0.946356275303644,0.948886639676113,0.956983805668016,0.951923076923077,0.948886639676113,0.96002024291498,1,1,0.856781376518219,0.729251012145749,1,0.999493927125506,330.529199668298,327,0.462486609646894,0.995690453304616,0.99892946050253,0.00464802933912956,0.0330121927651075,26.3313730959256,0.00597345780932759,0.0085366718816298,0.00504831878533734,0.00185886051751113,0.0708502024291498,0.988,"Basic",NA
118,118,800,5,5,0.4,"poor",0.16,0,0,"none",TRUE,"modeled","CU overfit",1,0.125,1,0.2025,0.18,0.1,0.2,2000,123,"EC_latent",800,1975,0.0125,0.997573956339769,0.203815918871632,0.17781497381806,0.417423447192751,1.49864576207497,0.125580794729115,-0.00242604366023126,0.00131591887163217,-0.00218502618194003,0.0174234471927513,-0.00135423792503354,0.000580794729115398,-0.00242604366023126,0.00649836479818353,-0.0121390343441113,0.0435586179818783,-0.000902825283355693,0.00464635783292318,0.179418355683007,0.0309547842151807,0.0574925083385214,0.179903222804748,0.0609824539338226,0.0252261422883876,0.179418355683007,0.319402824102897,0.152863131926818,0.0406549692892151,0.201809138307101,0.949873417721519,0.952405063291139,0.956962025316456,0.952405063291139,0.949873417721519,0.96,1,1,0.844050632911392,0.700759493670886,1,0.999493670886076,310.719885276245,307,0.459064879062887,0.995785486019503,0.998781288417119,0.0047421864087224,0.0322910432426309,25.4604991603198,0.00585014299742762,0.00879527435232407,0.00514888753752561,0.00186907635399694,0.0688607594936709,0.9875,"Basic",NA
119,119,800,5,5,0.4,"poor",0.16,0,0.15,"AR1",FALSE,"ignored","CU ignored",1,0.125,1,0.2025,0.18,0.1,0.2,2000,123,"EC_latent",800,1976,0.012,1.41206571071565,0.261616957112308,0.0591221333240304,0.106865814647702,1.49962113347998,0.125156991392961,0.412065710715652,0.0591169571123077,-0.12087786667597,-0.293134185352298,-0.000378866520020232,0.000156991392961361,0.412065710715652,0.291935590678063,-0.671543703755387,-0.732835463380745,-0.000252577680013488,0.00125593114369088,0.453238451027049,0.0668852769391592,0.135487066682261,0.313664944423415,0.0617775762057594,0.0257679093355256,0.453238451027049,0.75270592601256,0.330297663897083,0.0411850508038396,0.206143274684205,0.401315789473684,0.549595141700405,0.473684210526316,0.2667004048583,0.955465587044534,0.958502024291498,1,1,0.186234817813765,0.102732793522267,1,0.997975708502024,636.820993153905,327,5.15247726401098e-11,0.905319391298073,0.913137056236764,0.0343296562607313,0.0413679405282399,43.3325349282582,0.0134878584915823,0.0123741821023691,0.00241011497809246,0.00177522583163678,1,0.988,"Cor.Unique",NA
120,120,800,5,5,0.4,"poor",0.16,0,0.15,"AR1",TRUE,"modeled","CU modeled",1,0.125,1,0.2025,0.18,0.1,0.2,2000,123,"EC_latent",800,1966,0.017,0.999288226831879,0.203253297941248,0.17884601860867,0.423208915416513,1.49963397827528,0.125058733148159,-0.000711773168121234,0.00075329794124811,-0.0011539813913298,0.0232089154165126,-0.000366021724718918,5.87331481589874e-05,-0.000711773168121234,0.003719989833324,-0.00641100772961001,0.0580222885412814,-0.000244014483145945,0.0004698651852719,0.191286946107,0.0322976652483417,0.0617774966327189,0.193348934636578,0.0619324503481925,0.0257258795152703,0.191286946107,0.343208314626216,0.159494643201687,0.0412883002321283,0.205807036122162,0.949135300101729,0.946083418107833,0.953713123092574,0.948626653102747,0.954221770091557,0.958290946083418,1,1,0.817395727365208,0.629196337741607,1,0.998474059003052,310.265157855544,307,0.463842356992823,0.996416557608847,0.999070066000975,0.00467583512765241,0.0320132089858076,25.491083611372,0.00500659067786897,0.00760625503456512,0.00512158394102334,0.0018798341889742,0.0686673448626653,0.983,"Cor.Unique",NA
121,121,800,3,3,0.6708,"vgood",0.45,0,0,"none",FALSE,"ignored","Correct (no CU)",1,0.125,1,0.2025,0.18,0.1,0.2,2000,123,"sum",800,1642,0.179,0.379898094209563,0.0860871539604509,0.0503755405264728,0.341909663594196,0.900404277345952,0.0748217189940783,0.0198980942095626,0.0131871539604509,-0.0144244594735272,-0.0580903364058039,0.000404277345951932,-0.00017828100592168,0.0552724839154516,0.180893744313455,-0.222599683233444,-0.14522584101451,0.000449197051057702,-0.00237708007895573,0.0657311028599648,0.0355189895162583,0.0376253701193123,0.277577554158988,0.0349157023029929,0.0229090519421197,0.182586396833235,0.580638427767165,0.487228937122885,0.0387952247811033,0.30545402589493,0.976857490864799,0.965895249695493,0.970158343483557,0.904993909866017,0.955542021924482,0.951887941534714,1,0.518270401948843,0.162606577344702,0.00121802679658952,1,0.907429963459196,0.963981466076771,1,0.513429689215153,0.998813504912118,1.00031269826307,0.012080362692313,0.00673359691158151,1.32873195410483,0.00270360003390786,0.010185532513246,0.0209043328936372,0.00523209769565399,0.0438489646772229,0.821,"Basic",NA
122,122,800,3,3,0.6708,"vgood",0.45,0,0.15,"AR1",FALSE,"ignored","CU ignored",1,0.125,1,0.2025,0.18,0.1,0.2,2000,123,"sum",800,1977,0.0115,0.45468331804924,0.121467992889097,0.0169796077596304,0.115775285039312,0.898536518640673,0.075402321366156,0.0946833180492403,0.0485679928890965,-0.0478203922403696,-0.284224714960688,-0.00146348135932749,0.000402321366155941,0.263009216803445,0.666227611647414,-0.737969016055086,-0.71056178740172,-0.00162609039925277,0.00536428488207922,0.117722751531887,0.0622416554218222,0.0629451877177972,0.360376802535734,0.0355371627893567,0.0226488455455123,0.32700764314413,0.97137635366971,0.853794998927602,0.0394857364326186,0.301984607273497,0.754172989377845,0.779969650986343,0.807283763277693,0.569549822964087,0.95144157814871,0.954476479514416,1,0.847749114820435,0.0566514921598381,0.0247850278199292,1,0.907435508345979,1.00443839512588,1,0.504862714795378,0.998894165417503,0.99999546727213,0.0122769749556245,0.00660703629386395,1.43974915067371,0.00269756505026583,0.00975850662015703,0.0216509048987896,0.00510633222816683,0.052604957005564,0.9885,"Cor.Unique",NA
123,123,800,3,3,0.4,"poor",0.16,0,0,"none",FALSE,"ignored","Correct (no CU)",1,0.125,1,0.2025,0.18,0.1,0.2,2000,123,"sum",800,1299,0.3505,0.441224638921081,0.121643301642828,0.00861596479015331,0.140235976806988,0.90118315676435,0.0741203922207122,0.0812246389210812,0.0487433016428277,-0.0561840352098467,-0.259764023193012,0.00118315676435033,-0.000879607779287758,0.225623997003003,0.668632395649214,-0.867037580398869,-0.649410057982529,0.00131461862705592,-0.0117281037238368,0.145603665142293,0.0797142265101765,0.0882729477109409,0.428427109395388,0.0487602941406943,0.0342202335840945,0.404454625395259,1.36223684739106,1.09347361468006,0.0541781046007715,0.45626978112126,0.963048498845266,0.956120092378753,0.959199384141647,0.790608160123172,0.950731331793687,0.955350269438029,0.8729792147806,0.203233256351039,0.0069284064665127,0.0415704387990762,1,0.573518090839107,0.96955448128948,1,0.520853018441514,0.995891322142851,1.00116214640888,0.0120175285065766,0.0077808780191869,1.41511274037192,0.00995005656870175,0.0367932914688814,0.0214066765458394,0.00625673254322906,0.0508083140877598,0.6495,"Basic",NA
124,124,800,3,3,0.4,"poor",0.16,0,0.15,"AR1",FALSE,"ignored","CU ignored",1,0.125,1,0.2025,0.18,0.1,0.2,2000,123,"sum",800,1997,0.0015,0.767893716275788,0.279506267805602,-0.139326905432305,-0.273166740042086,0.897602086807467,0.0756383696986732,0.407893716275788,0.206606267805601,-0.204126905432305,-0.673166740042086,-0.00239791319253328,0.000638369698673164,1.13303810076608,2.83410518251854,-3.15010656531335,-1.68291685010522,-0.00266434799170364,0.00851159598230885,0.434413195235492,0.222222726503164,0.223230338240825,0.691769730574603,0.0494804055841909,0.0344314668686174,1.20670332009859,3.44491262717323,3.04832272295149,0.0549782284268788,0.459086224914899,0.226840260390586,0.303955933900851,0.407110665998998,0.109163745618428,0.946920380570856,0.947921882824236,1,0.918878317476214,0.320981472208312,0.552829243865799,1,0.586379569354031,1.01816676673795,1,0.502649083304867,0.997358782830875,0.999795065271289,0.0123893508474469,0.00752460869709966,1.48000110340313,0.00655432291772104,0.0235086828672228,0.021907734321491,0.00581674105949676,0.0525788683024537,0.9985,"Cor.Unique",NA
125,125,800,3,5,0.6708,"vgood",0.45,0,0,"none",FALSE,"ignored","Correct (no CU)",1,0.125,1,0.2025,0.18,0.1,0.2,2000,123,"sum",800,1706,0.147,1.03782000728013,0.22883496229938,0.151267083633351,0.363916112663181,1.50058317339121,0.124533249303138,0.0378200072801316,0.0263349622993798,-0.0287329163666489,-0.0360838873368194,0.000583173391209326,-0.00046675069686191,0.0378200072801316,0.130049196540147,-0.159627313148049,-0.0902097183420485,0.000388782260806217,-0.00373400557489528,0.157492114975317,0.0849699936441287,0.0884392035861775,0.251904267665298,0.0550651248025351,0.0348754818946826,0.157492114975317,0.491328908812097,0.419604906884586,0.0367100832016901,0.279003855157461,0.974208675263775,0.971277842907386,0.971864009378664,0.906799531066823,0.95369284876905,0.954279015240328,1,0.618991793669402,0.28253223915592,0.000586166471277843,1,0.940797186400938,0.972720818768552,1,0.501840836366335,0.999061245456907,1.00017695911953,0.0117173729186133,0.00654269827588833,1.36716637277455,0.00230897941840365,0.00843533646393695,0.0208986056615103,0.00489946201260501,0.0457209847596717,0.853,"Basic",NA
126,126,800,3,5,0.6708,"vgood",0.45,0,0.15,"AR1",FALSE,"ignored","CU ignored",1,0.125,1,0.2025,0.18,0.1,0.2,2000,123,"sum",800,1959,0.0205,1.16149509104712,0.284647110555253,0.0978399500749348,0.213487826291737,1.49813852635997,0.125431045909564,0.161495091047115,0.0821471105552533,-0.0821600499250652,-0.186512173708263,-0.00186147364002893,0.000431045909563855,0.161495091047115,0.405664743482733,-0.456444721805918,-0.466280434270656,-0.00124098242668596,0.00344836727651084,0.230387985356637,0.12310264436304,0.12530632520312,0.289318479998451,0.0559559394049648,0.0348332967976297,0.230387985356637,0.696146251128442,0.607914293150817,0.0373039596033099,0.278666374381037,0.864726901480347,0.872383869321082,0.879019908116386,0.727411944869832,0.947932618683001,0.947932618683001,1,0.838182746299132,0.152628892291986,0.00459418070444104,1,0.94691168963757,0.979208402755139,1,0.507097777729037,0.99911344437951,1.00013497571653,0.0116483940791232,0.00631073132917243,1.38662612114018,0.00214972069306682,0.00785965876323405,0.0213507733380128,0.00484012119396215,0.0495150587034201,0.9795,"Cor.Unique",NA
127,127,800,3,5,0.4,"poor",0.16,0,0,"none",FALSE,"ignored","Correct (no CU)",1,0.125,1,0.2025,0.18,0.1,0.2,2000,123,"sum",800,1459,0.2705,1.12602089885203,0.283916733169719,0.0886634969650153,0.24351706531414,1.50084570819711,0.123773635616799,0.126020898852026,0.0814167331697189,-0.0913365030349847,-0.15648293468586,0.000845708197108822,-0.0012263643832008,0.126020898852026,0.402057941578859,-0.507425016861026,-0.391207336714649,0.000563805464739215,-0.00981091506560641,0.280939819934782,0.154254296435874,0.165298029042844,0.35096813903338,0.0698499471347854,0.048078909672367,0.280939819934782,0.918322383571354,0.761749612029006,0.0465666314231902,0.384631277378936,0.962988348183688,0.967100753941056,0.96915695681974,0.854009595613434,0.951336531871145,0.958875942426319,0.995202193283071,0.29061000685401,0.00205620287868403,0.0102810143934202,1,0.717614804660727,0.975749400777859,1,0.503831626340997,0.997612633754635,1.0003603350696,0.0115978412156234,0.00758281158527474,1.44469170421715,0.0062526728204927,0.0223519479027816,0.02120602893925,0.00574738697864938,0.0472926662097327,0.7295,"Basic",NA
128,128,800,3,5,0.4,"poor",0.16,0,0.15,"AR1",FALSE,"ignored","CU ignored",1,0.125,1,0.2025,0.18,0.1,0.2,2000,123,"sum",800,1993,0.0035,1.68139789010241,0.545278297193039,-0.160992478067216,-0.133484092356203,1.4970886410872,0.125488045836511,0.681397890102411,0.342778297193039,-0.340992478067216,-0.533484092356203,-0.0029113589128007,0.000488045836510967,0.681397890102411,1.69273233181748,-1.89440265592898,-1.33371023089051,-0.00194090594186713,0.00390436669208774,0.74679422549635,0.380745971209182,0.385701611833054,0.566611240351644,0.0722726295664607,0.0485570203427441,0.74679422549635,2.14278673240585,1.88022701831695,0.0481817530443071,0.388456162741953,0.395885599598595,0.475163070747617,0.545910687405921,0.224786753637732,0.938283993978926,0.945810336176618,1,0.897139989964877,0.134470647265429,0.271951831409935,1,0.731058705469142,0.99105412821206,1,0.501186276444366,0.998239873365635,1.00012415796489,0.0118215147681716,0.00717181551078357,1.40295266876455,0.00435111780656278,0.0157585507500297,0.0213774035147708,0.0054213562656549,0.0511791269443051,0.9965,"Cor.Unique",NA
129,129,800,5,3,0.6708,"vgood",0.45,0,0,"none",FALSE,"ignored","Correct (no CU)",1,0.125,1,0.2025,0.18,0.1,0.2,2000,123,"sum",800,2000,0,0.358530095612974,0.0728421917657228,0.0649368907556872,0.410731741093688,0.899005927027903,0.0754017139354095,-0.0014699043870257,-5.78082342772395e-05,0.000136890755687207,0.0107317410936877,-0.000994072972097473,0.000401713935409468,-0.00408306774173806,-0.000792979894063642,0.00211251166183962,0.0268293527342194,-0.00110452552455275,0.00535618580545958,0.0437131005631556,0.00791093168133172,0.0138247088685168,0.113609899275586,0.0311592148943973,0.0130343737331127,0.121425279342099,0.213344272662295,0.108517581362575,0.0346213498826636,0.173791649774836,0.945,0.9445,0.959,0.9525,0.9465,0.956,1,1,0.996,0.993,1,1,10.0772621620814,10,0.494525294904098,0.998908315287031,0.999960786449203,0.00904882541138574,0.0199197123745063,4.46568998324897,0.0018537751152719,0.00272847304858572,0.0119141291734131,0.00580369647888978,0.049,1,"Basic",NA
130,130,800,5,3,0.6708,"vgood",0.45,0,0,"none",TRUE,"modeled","CU overfit",1,0.125,1,0.2025,0.18,0.1,0.2,2000,123,"sum",800,1961,0.0195,0.36170308042517,0.073372965332518,0.0638748271832347,0.420766186068376,0.899037958077606,0.0753814965621542,0.0017030804251696,0.000472965332517992,-0.000925172816765324,0.0207661860683757,-0.000962041922394037,0.000381496562154181,0.00473077895880445,0.00648786464359386,-0.0142773582834155,0.0519154651709393,-0.00106893546932671,0.00508662082872242,0.066082049468364,0.0127617695822603,0.021819211162554,0.196709943232785,0.0310701065849298,0.0130346382594938,0.183561248523233,0.336716221644351,0.175058567657892,0.034522340649922,0.173795176793251,0.963284038755737,0.961754207037226,0.96787353391127,0.944926058133605,0.946965833758287,0.955634880163182,1,1,0.805711371749108,0.511983681795003,1,1,6.03183596446402,6,0.496724816274484,0.999170674257243,0.999972425785478,0.00989362741310376,0.015096448251046,3.50867786670358,0.00152153701855803,0.00357544138930819,0.013596352392554,0.0053351135923031,0.0509943906170321,0.9805,"Basic",NA
131,131,800,5,3,0.6708,"vgood",0.45,0,0.15,"AR1",FALSE,"ignored","CU ignored",1,0.125,1,0.2025,0.18,0.1,0.2,2000,123,"sum",800,2000,0,0.419141025629873,0.0809643891251852,0.0476963053630284,0.264561306082914,0.899511657176608,0.0752465122950186,0.0591410256298733,0.00806438912518514,-0.0171036946369716,-0.135438693917086,-0.000488342823392099,0.000246512295018606,0.164280626749648,0.110622621744652,-0.263945904891537,-0.338596734792716,-0.000542603137102333,0.00328683060024808,0.0741512561511994,0.0113343795917515,0.0221282184702481,0.163020290688887,0.031528060457213,0.0134618479,0.205975711531109,0.341484852935927,0.155478458048717,0.0350311782857923,0.179491305333333,0.757,0.844,0.7795,0.65,0.9505,0.9565,1,1,0.9185,0.879,1,1,14.989023087978,10,0.255919667197377,0.996820448171597,0.997138148947963,0.0213673163163719,0.0212556628528042,6.27481741853951,0.00322161583756684,0.00360480375170859,0.0153490645452758,0.00558637247259377,0.271,1,"Cor.Unique",NA
132,132,800,5,3,0.6708,"vgood",0.45,0,0.15,"AR1",TRUE,"modeled","CU modeled",1,0.125,1,0.2025,0.18,0.1,0.2,2000,123,"sum",800,1960,0.02,0.363430339949662,0.0732346171036999,0.0635313944977295,0.419616099916428,0.899454406531593,0.0751999264541801,0.00343033994966157,0.000334617103699886,-0.00126860550227047,0.0196160999164283,-0.000545593468407176,0.000199926454180086,0.00952872208239324,0.00459008372702175,-0.0195772454054084,0.0490402497910707,-0.000606214964896862,0.00266568605573448,0.0677090950784793,0.0130756148653354,0.022328543184967,0.200634917757258,0.0315528996489505,0.0134967819370803,0.188080819662442,0.344576283718626,0.179363715573874,0.0350587773877228,0.179957092494404,0.962755102040816,0.948469387755102,0.96530612244898,0.938775510204082,0.951530612244898,0.956632653061224,1,1,0.788265306122449,0.498979591836735,1,1,5.99721643133693,6,0.501028061374077,0.999229885642185,1.00001660044183,0.00972188687447562,0.0145564876668009,3.49825795712427,0.00142889356860533,0.00336060963661319,0.0136072269351922,0.00514433256275561,0.0510204081632653,0.98,"Cor.Unique",NA
133,133,800,5,3,0.4,"poor",0.16,0,0,"none",FALSE,"ignored","Correct (no CU)",1,0.125,1,0.2025,0.18,0.1,0.2,2000,123,"sum",800,1894,0.053,0.363544097683794,0.0738557429002283,0.062793624008997,0.420901297484545,0.898655782536574,0.0754985810220073,0.00354409768379425,0.000955742900228304,-0.00200637599100297,0.0209012974845449,-0.00134421746342618,0.000498581022007318,0.00984471578831737,0.0131103278494966,-0.0309625924537495,0.0522532437113622,-0.00149357495936242,0.00664774696009758,0.080686306677884,0.0141146738576904,0.0265484698851929,0.228648131757039,0.0415138016317753,0.017150244276653,0.224128629660789,0.409698609339397,0.193616925345548,0.0461264462575282,0.228669923688707,0.964625131995776,0.956177402323126,0.977296726504752,0.949841605068638,0.956177402323126,0.958817317845829,0.997888067581837,1,0.595564941921858,0.152059134107709,1,0.99208025343189,10.0743590129133,10,0.495471305368134,0.99714262852792,0.999928294302075,0.00917690184728569,0.022170021837441,4.50091178457251,0.00479264081024118,0.00713898307005233,0.0119492304074531,0.00568245278944312,0.0506863780359029,0.947,"Basic",NA
134,134,800,5,3,0.4,"poor",0.16,0,0,"none",TRUE,"modeled","CU overfit",1,0.125,1,0.2025,0.18,0.1,0.2,2000,123,"sum",800,1648,0.176,0.400436699111745,0.0793811218772605,0.0504655247295253,0.350505949247458,0.898330134391454,0.0755186184959504,0.0404366991117452,0.0064811218772605,-0.0143344752704747,-0.0494940507525422,-0.00166986560854587,0.000518618495950404,0.112324164199292,0.0889042781517214,-0.221211038124609,-0.123735126881355,-0.00185540623171763,0.00691491327933872,0.126070296585969,0.0221232337955179,0.0404777973548931,0.292048030362006,0.0415249005339249,0.0173499677740439,0.350195268294358,0.624657366587857,0.303473714616158,0.0461387783710276,0.231332903653919,0.976334951456311,0.962985436893204,0.973907766990291,0.907766990291262,0.958131067961165,0.953883495145631,0.818567961165049,0.936893203883495,0.111043689320388,0.00424757281553398,1,0.990291262135922,6.10912500391524,6,0.492904504129,0.997729983324862,0.99973138549825,0.0102054306701042,0.0168091058619711,3.59163654106422,0.00408021431125663,0.00952288455495749,0.0139362451937854,0.00546968106785838,0.0564320388349515,0.824,"Basic",NA
135,135,800,5,3,0.4,"poor",0.16,0,0.15,"AR1",FALSE,"ignored","CU ignored",1,0.125,1,0.2025,0.18,0.1,0.2,2000,123,"sum",800,2000,0,0.609406072000698,0.109368052340095,-0.00881016266226546,-0.0225106521018981,0.89980082071133,0.0751924781535558,0.249406072000698,0.0364680523400951,-0.0736101626622655,-0.422510652101898,-0.000199179288669705,0.000192478153555828,0.692794644446384,0.500247631551373,-1.1359593003436,-1.05627663025475,-0.000221310320744116,0.00256637538074437,0.265770781725986,0.0392864207012142,0.0795874362849714,0.43865381942176,0.0427360721755283,0.0175315309201062,0.738252171461071,1.22820117723721,0.538908377245737,0.0474845246394759,0.233753745601415,0.203,0.3105,0.306,0.116,0.956,0.956,1,1,0.056,0.081,1,0.992,25.6138762683264,10,0.0454765564320436,0.980061789091366,0.980104855550513,0.0420715096936814,0.0295935133934476,8.9251137671255,0.0112983121092721,0.0113827347718765,0.0136354612218748,0.00565682172043517,0.7825,1,"Cor.Unique",NA
136,136,800,5,3,0.4,"poor",0.16,0,0.15,"AR1",TRUE,"modeled","CU modeled",1,0.125,1,0.2025,0.18,0.1,0.2,2000,123,"sum",800,1621,0.1895,0.402958259235083,0.079270555772039,0.0496657557436382,0.344057721160834,0.900461178620027,0.0752026561189622,0.0429582592350834,0.00637055577203899,-0.0151342442563618,-0.0559422788391658,0.000461178620026427,0.000202656118962228,0.119328497875232,0.087387596324266,-0.233553152104349,-0.139855697097914,0.000512420688918252,0.00270208158616303,0.127802159401709,0.0220070006831388,0.0403140270254494,0.287495004678225,0.0429179078474088,0.0174498902582031,0.35500599833808,0.622130046689034,0.301879296065003,0.0476865642748987,0.232665203442708,0.977174583590376,0.965453423812461,0.974706971005552,0.89697717458359,0.954349167180753,0.956816779765577,0.811844540407156,0.929673041332511,0.095003084515731,0.00246761258482418,1,0.991980259099321,5.94252245038857,6,0.504977385620945,0.998326897406857,1.00013761093317,0.0096077085429708,0.0155874472670552,3.41826503905684,0.00303637693489946,0.0072865641216872,0.01345926781176,0.00492899036673766,0.0468846391116595,0.8105,"Cor.Unique",NA
137,137,800,5,5,0.6708,"vgood",0.45,0,0,"none",FALSE,"ignored","Correct (no CU)",1,0.125,1,0.2025,0.18,0.1,0.2,2000,123,"sum",800,2000,0,0.996791039348197,0.202764926457834,0.17948134136499,0.405465233388642,1.49884115703736,0.125505143385781,-0.00320896065180288,0.000264926457834312,-0.000518658635010015,0.00546523338864159,-0.00115884296263683,0.000505143385781435,-0.00320896065180288,0.00130827880412006,-0.00288143686116675,0.013663083471604,-0.000772561975091218,0.00404114708625148,0.108030576458771,0.0195876128629237,0.0338399575558105,0.0961759728349568,0.0492984911611933,0.0207812020069356,0.108030576458771,0.187999764198947,0.0967289524094997,0.0328656607741289,0.166249616055485,0.946,0.9415,0.95,0.9455,0.9455,0.9565,1,1,0.999,0.9985,1,1,10.0295736554322,10,0.497403165087119,0.999103677348357,0.999993295276982,0.00889870944073052,0.0190761442337359,4.45305120439648,0.00155385976397396,0.00228433850064846,0.0118351501733079,0.00563144334702835,0.05,1,"Basic",NA
138,138,800,5,5,0.6708,"vgood",0.45,0,0,"none",TRUE,"modeled","CU overfit",1,0.125,1,0.2025,0.18,0.1,0.2,2000,123,"sum",800,1979,0.0105,1.00126123824553,0.203244822242855,0.178084897816485,0.416909424653077,1.49871998982536,0.125398958840405,0.00126123824553164,0.000744822242854774,-0.00191510218351518,0.0169094246530773,-0.00128001017464427,0.000398958840405246,0.00126123824553164,0.00367813453261617,-0.0106394565750844,0.0422735616326934,-0.000853340116429516,0.00319167072324197,0.161829280255766,0.031657146850225,0.0534510656075784,0.173031311585971,0.0493630425804569,0.020804726356144,0.161829280255766,0.296950364486546,0.156331589383827,0.0329086950536379,0.166437810849152,0.954017180394138,0.955533097524002,0.959070237493684,0.946437594744821,0.946437594744821,0.955533097524002,1,1,0.906013137948459,0.777160181910056,1,1,5.97572095227356,6,0.499304801394873,0.999334660467551,1.0000273371409,0.00965020502629329,0.0146460172005941,3.4035594788561,0.00122038272303462,0.00291095712749768,0.0133277052368341,0.00515619986134273,0.0459828196058615,0.9895,"Basic",NA
139,139,800,5,5,0.6708,"vgood",0.45,0,0.15,"AR1",FALSE,"ignored","CU ignored",1,0.125,1,0.2025,0.18,0.1,0.2,2000,123,"sum",800,2000,0,1.09716128800846,0.215694269432679,0.151729377903265,0.316533698298031,1.49884880008931,0.125500992021244,0.0971612880084604,0.0131942694326792,-0.0282706220967347,-0.0834663017019692,-0.00115119991069096,0.000500992021243943,0.0971612880084604,0.0651568860873047,-0.157059011648526,-0.208665754254923,-0.000767466607127307,0.00400793616995154,0.146092371931842,0.0238157334821968,0.044273434174104,0.118208926113416,0.0498990859689386,0.0212203799772207,0.146092371931842,0.245963523189466,0.11760856040591,0.0332660573126258,0.169763039817766,0.876,0.9095,0.8705,0.804,0.9485,0.9545,1,1,0.991,0.9865,1,1,12.5976000413164,10,0.355750456809457,0.998241299241275,0.998729273662614,0.0156043461480387,0.0197001622342843,5.43361646114481,0.00216684033018753,0.00267422295062848,0.0142824340705793,0.00570627471971049,0.1395,1,"Cor.Unique",NA
140,140,800,5,5,0.6708,"vgood",0.45,0,0.15,"AR1",TRUE,"modeled","CU modeled",1,0.125,1,0.2025,0.18,0.1,0.2,2000,123,"sum",800,1989,0.0055,1.00276456761526,0.202514381755709,0.178717206089462,0.419578616220524,1.49872831383317,0.125487656769515,0.00276456761526063,1.43817557085955e-05,-0.00128279391053766,0.0195786162205238,-0.001271686166826,0.000487656769515022,0.00276456761526063,7.10210158449163e-05,-0.00712663283632032,0.0489465405513095,-0.000847790777884003,0.00390125415612018,0.161631815584537,0.0325448554139173,0.054690523164353,0.176559336177156,0.0498305685819078,0.0212123960629531,0.161631815584537,0.303836239801961,0.160715335377369,0.0332203790546052,0.169699168503625,0.956259426847662,0.947712418300654,0.953242835595777,0.94017094017094,0.948717948717949,0.953745600804424,1,1,0.900452488687783,0.769230769230769,1,1,5.94087414067079,6,0.505664050136465,0.999353248639376,1.00006093714736,0.00966102941264334,0.014178755061655,3.45918012113093,0.00118652975966936,0.00284130142416966,0.0134682145056328,0.00513566662134982,0.052790346907994,0.9945,"Cor.Unique",NA
141,141,800,5,5,0.4,"poor",0.16,0,0,"none",FALSE,"ignored","Correct (no CU)",1,0.125,1,0.2025,0.18,0.1,0.2,2000,123,"sum",800,1979,0.0105,0.995607730255356,0.203436707263725,0.178466550018488,0.418719223211749,1.49856870103695,0.12564926976251,-0.00439226974464437,0.000936707263724523,-0.00153344998151198,0.0187192232117489,-0.00143129896304553,0.000649269762510332,-0.00439226974464437,0.00462571488259023,-0.00851916656395545,0.0467980580293722,-0.00095419930869702,0.00519415810008266,0.175530661375855,0.0305445589293918,0.0563962157343249,0.176683677130817,0.0609491418681134,0.025301168013189,0.175530661375855,0.313312309635138,0.150837328046379,0.0406327612454089,0.202409344105512,0.947953511874684,0.949469429004548,0.957049014653866,0.95199595755432,0.949974734714502,0.961596766043456,1,1,0.858009095502779,0.72511369378474,1,0.999494694290045,10.0568091520867,10,0.496402883368191,0.998153660578644,0.999968269244404,0.00895509753697276,0.0213774751985921,4.48207473773545,0.00319084828905065,0.00468870423300001,0.0119283452988576,0.00567210672195619,0.0545730166750884,0.9895,"Basic",NA
142,142,800,5,5,0.4,"poor",0.16,0,0,"none",TRUE,"modeled","CU overfit",1,0.125,1,0.2025,0.18,0.1,0.2,2000,123,"sum",800,1821,0.0895,1.03985406945966,0.210765124899791,0.162572386088663,0.39932586271002,1.49832390710599,0.125726075912631,0.0398540694596583,0.00826512489979109,-0.0174276139113372,-0.000674137289980145,-0.00167609289401249,0.000726075912631154,0.0398540694596583,0.0408154316039066,-0.0968200772852065,-0.00168534322495036,-0.001117395262675,0.00580860730104923,0.268325135724484,0.0483383307185673,0.0864292796818988,0.257088797315958,0.0604213618030698,0.0250139003498661,0.268325135724484,0.480162664899438,0.238707806017616,0.0402809078687132,0.200111202798929,0.973640856672158,0.964854475562878,0.971993410214168,0.923668314113125,0.952773201537617,0.962657880285557,0.977484898407468,0.99560680944536,0.398682042833608,0.000549148819330038,1,0.99945085118067,6.05288637567444,6,0.493655950524333,0.998584286166642,0.999923298378663,0.00999964844361837,0.0163198720976912,3.42098513387878,0.00251417955374943,0.0059706990957068,0.0135319330746689,0.00526983385106344,0.0516199890170236,0.9105,"Basic",NA
143,143,800,5,5,0.4,"poor",0.16,0,0.15,"AR1",FALSE,"ignored","CU ignored",1,0.125,1,0.2025,0.18,0.1,0.2,2000,123,"sum",800,2000,0,1.41161460501478,0.261789996967779,0.0591791209306006,0.106942179479087,1.49977150786287,0.125098098944159,0.411614605014775,0.0592899969677789,-0.120820879069399,-0.293057820520913,-0.000228492137134061,9.80989441591574e-05,0.411614605014775,0.292790108482859,-0.671227105941108,-0.732644551302281,-0.000152328091422708,0.000784791553273259,0.452909272535713,0.0670529417478012,0.135420604866904,0.313551800945269,0.0618228453886299,0.0257116329326658,0.452909272535713,0.752336693705025,0.331125638260747,0.0412152302590866,0.205693063461326,0.401,0.5475,0.474,0.267,0.954,0.96,1,1,0.185,0.103,1,0.998,21.7549195488255,10,0.0902849439781961,0.989263470005079,0.989349479950467,0.0354878826823164,0.0261536587441236,8.22116205503081,0.00727783865382836,0.00741797936613435,0.0148932503997042,0.00569939823402268,0.62,1,"Cor.Unique",NA
144,144,800,5,5,0.4,"poor",0.16,0,0.15,"AR1",TRUE,"modeled","CU modeled",1,0.125,1,0.2025,0.18,0.1,0.2,2000,123,"sum",800,1778,0.111,1.04395660811419,0.210773732115122,0.162290633491426,0.395983301261623,1.50062436031683,0.124905450076576,0.0439566081141906,0.00827373211512162,-0.0177093665085745,-0.00401669873837696,0.000624360316828196,-9.45499234241005e-05,0.0439566081141906,0.040857936370971,-0.0983853694920804,-0.0100417468459424,0.000416240211218797,-0.000756399387392804,0.266558157195328,0.0477425295739786,0.0853761191196485,0.252631777246318,0.0620959057436463,0.0257495321649426,0.266558157195328,0.474311772886936,0.235765578143104,0.0413972704957642,0.205996257319541,0.982002249718785,0.965691788526434,0.974128233970754,0.931383577052868,0.955005624296963,0.959505061867267,0.97244094488189,0.99437570303712,0.386389201349831,0.000562429696287964,1,0.997750281214848,5.89796717869597,6,0.510695854749533,0.998829501461936,1.00016716551921,0.00931697577246329,0.0151319609627335,3.46466291559048,0.00222913083076177,0.00526378901073316,0.0134968061623938,0.00497143579357318,0.0494938132733408,0.889,"Cor.Unique",NA
145,145,Inf,3,3,0.6708,"vgood",0.45,0,0,"none",FALSE,"ignored","Correct (no CU)",1,0.125,1,0.2025,0.18,0.1,0.2,2000,123,"EC_latent",Inf,NA,0,0.359999962290286,0.0728999892362588,0.0647999960954123,0.400000026377606,0.899999996820438,0.0750000014724585,-3.77097137960192e-08,-1.07637412594119e-08,-3.90458769483626e-09,2.63776055997589e-08,-3.17956216910886e-09,1.47245853010514e-09,-1.04749204988942e-07,-1.47650771734046e-07,-6.0255982945004e-08,6.59440139993972e-08,-3.5328468545654e-09,1.96327804014018e-08,NA,NA,NA,NA,NA,NA,NA,NA,NA,NA,NA,NA,NA,NA,NA,NA,NA,NA,NA,NA,NA,NA,NA,NA,39,NA,NA,NA,0,NA,NA,NA,NA,NA,NA,NA,1,"Basic",0
146,146,Inf,3,3,0.6708,"vgood",0.45,0,0.15,"AR1",FALSE,"ignored","CU ignored",1,0.125,1,0.2025,0.18,0.1,0.2,2000,123,"EC_latent",Inf,NA,0,0.456960512781761,0.121380359726838,0.0163196445811475,0.0692942421723298,0.900000002803734,0.0749999588821936,0.0969605127817609,0.0484803597268383,-0.0484803554188525,-0.33070575782767,2.80373380068255e-09,-4.11178064513296e-08,0.269334757727114,0.665025510656218,-0.748153633006983,-0.826764394569176,3.11525977853617e-09,-5.48237419351061e-07,NA,NA,NA,NA,NA,NA,NA,NA,NA,NA,NA,NA,NA,NA,NA,NA,NA,NA,NA,NA,NA,NA,NA,NA,39,NA,NA,NA,0.0485924645955316,NA,NA,NA,NA,NA,NA,NA,1,"Cor.Unique",0.0920878770032516
147,147,Inf,3,3,0.4,"poor",0.16,0,0,"none",FALSE,"ignored","Correct (no CU)",1,0.125,1,0.2025,0.18,0.1,0.2,2000,123,"EC_latent",Inf,NA,0,0.359999949800971,0.0728999600313677,0.064800013322735,0.40000021978085,0.899999995285923,0.0750000038255341,-5.01990291001952e-08,-3.99686322927195e-08,1.33227349846665e-08,2.19780850463369e-07,-4.71407668456436e-09,3.8255340700788e-09,-1.39441747500542e-07,-5.48266560942654e-07,2.05597762109051e-07,5.49452126158423e-07,-5.23786298284929e-09,5.10071209343839e-08,NA,NA,NA,NA,NA,NA,NA,NA,NA,NA,NA,NA,NA,NA,NA,NA,NA,NA,NA,NA,NA,NA,NA,NA,39,NA,NA,NA,9.54438172609133e-09,NA,NA,NA,NA,NA,NA,NA,1,"Basic",3.5527136788005e-15
148,148,Inf,3,3,0.4,"poor",0.16,0,0.15,"AR1",FALSE,"ignored","CU ignored",1,0.125,1,0.2025,0.18,0.1,0.2,2000,123,"EC_latent",Inf,NA,1,0.776444103083622,0.281122113336428,-0.14342208076567,-0.306982357161895,0.900000027513508,0.0749999874791624,0.416444103083622,0.208222113336427,-0.20822208076567,-0.706982357161895,2.75135081384548e-08,-1.25208375889585e-08,1.15678917523228,2.85627041613755,-3.2133037155196,-1.76745589290474,3.05705645982831e-08,-1.66944501186113e-07,NA,NA,NA,NA,NA,NA,NA,NA,NA,NA,NA,NA,NA,NA,NA,NA,NA,NA,NA,NA,NA,NA,NA,NA,39,NA,NA,NA,0.0485924645954969,NA,NA,NA,NA,NA,NA,NA,0,"Cor.Unique",0.0920878770031202
149,149,Inf,3,5,0.6708,"vgood",0.45,0,0,"none",FALSE,"ignored","Correct (no CU)",1,0.125,1,0.2025,0.18,0.1,0.2,2000,123,"EC_latent",Inf,NA,0,0.999999898401283,0.202499987574962,0.179999980105548,0.399999988381492,1.49999999568121,0.125000002708021,-1.01598717217044e-07,-1.24250383315427e-08,-1.98944518081667e-08,-1.16185074894304e-08,-4.31879421114445e-09,2.70802125168501e-09,-1.01598717217044e-07,-6.13582139829271e-08,-1.10524732267593e-07,-2.9046268723576e-08,-2.87919614076297e-09,2.16641700134801e-08,NA,NA,NA,NA,NA,NA,NA,NA,NA,NA,NA,NA,NA,NA,NA,NA,NA,NA,NA,NA,NA,NA,NA,NA,114,NA,NA,NA,1.04438758499989e-08,NA,NA,NA,NA,NA,NA,NA,1,"Basic",1.24344978758018e-14
150,150,Inf,3,5,0.6708,"vgood",0.45,0,0.15,"AR1",FALSE,"ignored","CU ignored",1,0.125,1,0.2025,0.18,0.1,0.2,2000,123,"EC_latent",Inf,NA,0,1.1616010819493,0.283300585586933,0.099199404496651,0.172924618014759,1.50000002867691,0.124999991531335,0.161601081949299,0.0808005855869328,-0.080800595503349,-0.227075381985241,2.86769121782271e-08,-8.46866513026789e-09,0.161601081949299,0.399015237466335,-0.448892197240828,-0.567688454963103,1.91179414521514e-08,-6.77493210421432e-08,NA,NA,NA,NA,NA,NA,NA,NA,NA,NA,NA,NA,NA,NA,NA,NA,NA,NA,NA,NA,NA,NA,NA,NA,114,NA,NA,NA,0.0401942382627535,NA,NA,NA,NA,NA,NA,NA,1,"Cor.Unique",0.184175754005622
151,151,Inf,3,5,0.4,"poor",0.16,0,0,"none",FALSE,"ignored","Correct (no CU)",1,0.125,1,0.2025,0.18,0.1,0.2,2000,123,"EC_latent",Inf,NA,0,0.999999891829862,0.202499970675501,0.179999993683414,0.400000036559642,1.49999999756318,0.125000000011756,-1.08170137624874e-07,-2.93244989679753e-08,-6.31658639282939e-09,3.65596416473934e-08,-2.43682340972384e-09,1.17564569190876e-11,-1.08170137624874e-07,-1.44812340582594e-07,-3.509214662683e-08,9.13991041184836e-08,-1.6245489398159e-09,9.40516553527004e-11,NA,NA,NA,NA,NA,NA,NA,NA,NA,NA,NA,NA,NA,NA,NA,NA,NA,NA,NA,NA,NA,NA,NA,NA,114,NA,NA,NA,0,NA,NA,NA,NA,NA,NA,NA,1,"Basic",0
152,152,Inf,3,5,0.4,"poor",0.16,0,0.15,"AR1",FALSE,"ignored","CU ignored",1,0.125,1,0.2025,0.18,0.1,0.2,2000,123,"EC_latent",Inf,NA,0,1.69407460028304,0.549537066026831,-0.167037502291546,-0.173120790506101,1.49999988850207,0.125000007779715,0.694074600283036,0.347037066026831,-0.347037502291546,-0.573120790506101,-1.11497932886451e-07,7.77971523313603e-09,0.694074600283036,1.71376328902139,-1.92798612384192,-1.43280197626525,-7.43319552576338e-08,6.22377218650882e-08,NA,NA,NA,NA,NA,NA,NA,NA,NA,NA,NA,NA,NA,NA,NA,NA,NA,NA,NA,NA,NA,NA,NA,NA,114,NA,NA,NA,0.0401942382627787,NA,NA,NA,NA,NA,NA,NA,1,"Cor.Unique",0.184175754005853
153,153,Inf,5,3,0.6708,"vgood",0.45,0,0,"none",FALSE,"ignored","Correct (no CU)",1,0.125,1,0.2025,0.18,0.1,0.2,2000,123,"EC_latent",Inf,NA,0,0.359999967225303,0.0728999926042157,0.064799992931956,0.399999994868481,0.900000000272134,0.0749999994544192,-3.27746972894616e-08,-7.3957843460537e-09,-7.06804401118255e-09,-5.13151898751119e-09,2.72133982015532e-10,-5.45580816635471e-10,-9.10408258040599e-08,-1.01451088423233e-07,-1.0907475325899e-07,-1.2828797468778e-08,3.02371091128369e-10,-7.27441088847295e-09,NA,NA,NA,NA,NA,NA,NA,NA,NA,NA,NA,NA,NA,NA,NA,NA,NA,NA,NA,NA,NA,NA,NA,NA,118,NA,NA,NA,0,NA,NA,NA,NA,NA,NA,NA,1,"Basic",0
154,154,Inf,5,3,0.6708,"vgood",0.45,0,0,"none",TRUE,"modeled","CU overfit",1,0.125,1,0.2025,0.18,0.1,0.2,2000,123,"EC_latent",Inf,NA,0,0.359999959571471,0.0728999898117725,0.0647999960722935,0.400000026166437,0.899999996053444,0.0749999967188405,-4.04285290245276e-08,-1.01882275255205e-08,-3.92770650725627e-09,2.61664367950942e-08,-3.94655630397978e-09,-3.28115955239294e-09,-1.12301469512577e-07,-1.39756207483135e-07,-6.06127547416091e-08,6.54160919877356e-08,-4.38506255997753e-09,-4.37487940319059e-08,NA,NA,NA,NA,NA,NA,NA,NA,NA,NA,NA,NA,NA,NA,NA,NA,NA,NA,NA,NA,NA,NA,NA,NA,106,NA,NA,NA,0,NA,NA,NA,NA,NA,NA,NA,1,"Basic",0
155,155,Inf,5,3,0.6708,"vgood",0.45,0,0.15,"AR1",FALSE,"ignored","CU ignored",1,0.125,1,0.2025,0.18,0.1,0.2,2000,123,"EC_latent",Inf,NA,0,0.418489044781972,0.0809561197958023,0.0480547742363504,0.261077624404085,0.900000243540752,0.0749999401362464,0.0584890447819721,0.00805611979580226,-0.0167452257636497,-0.138922375595915,2.43540751898585e-07,-5.98637535931257e-08,0.162469568838811,0.110509187871087,-0.2584139778341,-0.347305938989787,2.70600835442873e-07,-7.98183381241676e-07,NA,NA,NA,NA,NA,NA,NA,NA,NA,NA,NA,NA,NA,NA,NA,NA,NA,NA,NA,NA,NA,NA,NA,NA,118,NA,NA,NA,0.0402900512183905,NA,NA,NA,NA,NA,NA,NA,1,"Cor.Unique",0.191548010807303
156,156,Inf,5,3,0.6708,"vgood",0.45,0,0.15,"AR1",TRUE,"modeled","CU modeled",1,0.125,1,0.2025,0.18,0.1,0.2,2000,123,"EC_latent",Inf,NA,0,0.359999961463484,0.0728999943430876,0.0647999903580039,0.399999977410329,0.899999996755842,0.0749999936006982,-3.85365159782936e-08,-5.65691243847866e-09,-9.64199614594818e-09,-2.25896711891771e-08,-3.24415816432833e-09,-6.3993018384334e-09,-1.07045877717482e-07,-7.75982501848924e-08,-1.48796236820188e-07,-5.64741779729427e-08,-3.60462018258703e-09,-8.53240245124453e-08,NA,NA,NA,NA,NA,NA,NA,NA,NA,NA,NA,NA,NA,NA,NA,NA,NA,NA,NA,NA,NA,NA,NA,NA,106,NA,NA,NA,1.41808674165871e-08,NA,NA,NA,NA,NA,NA,NA,1,"Cor.Unique",2.1316282072803e-14
157,157,Inf,5,3,0.4,"poor",0.16,0,0,"none",FALSE,"ignored","Correct (no CU)",1,0.125,1,0.2025,0.18,0.1,0.2,2000,123,"EC_latent",Inf,NA,0,0.359999990637302,0.0728999907880146,0.0647999901473976,0.3999999696559,0.899999998550588,0.0749999998406446,-9.36269789475475e-09,-9.211985438351e-09,-9.85260245611741e-09,-3.03440999549487e-08,-1.44941181279279e-09,-1.59355389994786e-10,-2.60074941520965e-08,-1.26364683653649e-07,-1.52046334199343e-07,-7.58602498873717e-08,-1.61045756976977e-09,-2.12473853326382e-09,NA,NA,NA,NA,NA,NA,NA,NA,NA,NA,NA,NA,NA,NA,NA,NA,NA,NA,NA,NA,NA,NA,NA,NA,118,NA,NA,NA,0,NA,NA,NA,NA,NA,NA,NA,1,"Basic",0
158,158,Inf,5,3,0.4,"poor",0.16,0,0,"none",TRUE,"modeled","CU overfit",1,0.125,1,0.2025,0.18,0.1,0.2,2000,123,"EC_latent",Inf,NA,0,0.35999997518724,0.0728999953134827,0.0647999850907376,0.399999934609765,0.899999999137025,0.075000001471102,-2.4812759569226e-08,-4.68651731311276e-09,-1.4909262380236e-08,-6.53902354486036e-08,-8.62975468862714e-10,1.47110196246913e-09,-6.89243321367389e-08,-6.42869315927676e-08,-2.30081209571544e-07,-1.63475588621509e-07,-9.58861632069683e-10,1.96146928329218e-08,NA,NA,NA,NA,NA,NA,NA,NA,NA,NA,NA,NA,NA,NA,NA,NA,NA,NA,NA,NA,NA,NA,NA,NA,106,NA,NA,NA,0,NA,NA,NA,NA,NA,NA,NA,1,"Basic",0
159,159,Inf,5,3,0.4,"poor",0.16,0,0.15,"AR1",FALSE,"ignored","CU ignored",1,0.125,1,0.2025,0.18,0.1,0.2,2000,123,"EC_latent",Inf,NA,0,0.612415108039353,0.10928053230083,-0.00926587678695966,-0.0358172445337422,0.90000078648754,0.0749998274750617,0.252415108039353,0.0363805323008301,-0.0740658767869597,-0.435817244533742,7.86487539539138e-07,-1.72524938280016e-07,0.701153077887092,0.499047082315914,-1.14299192572469,-1.08954311133436,8.73875043932375e-07,-2.30033251040022e-06,NA,NA,NA,NA,NA,NA,NA,NA,NA,NA,NA,NA,NA,NA,NA,NA,NA,NA,NA,NA,NA,NA,NA,NA,118,NA,NA,NA,0.0416552409186958,NA,NA,NA,NA,NA,NA,NA,1,"Cor.Unique",0.204748773327362
160,160,Inf,5,3,0.4,"poor",0.16,0,0.15,"AR1",TRUE,"modeled","CU modeled",1,0.125,1,0.2025,0.18,0.1,0.2,2000,123,"EC_latent",Inf,NA,0,0.359999900002351,0.0728999888441449,0.0648000084507994,0.400000138325621,0.899999993183597,0.0750000023506485,-9.99976493831767e-08,-1.1155855128564e-08,8.45079935196669e-09,1.3832562084648e-07,-6.81640310862264e-09,2.35064849529731e-09,-2.77771248286602e-07,-1.5302956280609e-07,1.30413570246399e-07,3.458140521162e-07,-7.57378123180293e-09,3.13419799372975e-08,NA,NA,NA,NA,NA,NA,NA,NA,NA,NA,NA,NA,NA,NA,NA,NA,NA,NA,NA,NA,NA,NA,NA,NA,106,NA,NA,NA,4.09366381015447e-09,NA,NA,NA,NA,NA,NA,NA,1,"Cor.Unique",1.77635683940025e-15
161,161,Inf,5,5,0.6708,"vgood",0.45,0,0,"none",FALSE,"ignored","Correct (no CU)",1,0.125,1,0.2025,0.18,0.1,0.2,2000,123,"EC_latent",Inf,NA,0,0.999999900350735,0.202499975578951,0.179999984055716,0.400000008617667,1.49999999619337,0.125000002288876,-9.96492652838299e-08,-2.44210493494101e-08,-1.59442838376656e-08,8.61766713544654e-09,-3.80662612542437e-09,2.28887567232938e-09,-9.96492652838299e-08,-1.20597774564988e-07,-8.85793546536975e-08,2.15441678386163e-08,-2.53775075028292e-09,1.83110053786351e-08,NA,NA,NA,NA,NA,NA,NA,NA,NA,NA,NA,NA,NA,NA,NA,NA,NA,NA,NA,NA,NA,NA,NA,NA,327,NA,NA,NA,0,NA,NA,NA,NA,NA,NA,NA,1,"Basic",0
162,162,Inf,5,5,0.6708,"vgood",0.45,0,0,"none",TRUE,"modeled","CU overfit",1,0.125,1,0.2025,0.18,0.1,0.2,2000,123,"EC_latent",Inf,NA,0,0.999999936379307,0.202499986884986,0.17999996151567,0.399999940156502,1.50000001002502,0.124999986903525,-6.36206931581285e-08,-1.31150136861713e-08,-3.84843296674653e-08,-5.98434978793527e-08,1.00250168166838e-08,-1.3096474668628e-08,-6.36206931581285e-08,-6.47654996847965e-08,-2.13801831485918e-07,-1.49608744698382e-07,6.68334454445585e-09,-1.04771797349024e-07,NA,NA,NA,NA,NA,NA,NA,NA,NA,NA,NA,NA,NA,NA,NA,NA,NA,NA,NA,NA,NA,NA,NA,NA,307,NA,NA,NA,0,NA,NA,NA,NA,NA,NA,NA,1,"Basic",0
163,163,Inf,5,5,0.6708,"vgood",0.45,0,0.15,"AR1",FALSE,"ignored","CU ignored",1,0.125,1,0.2025,0.18,0.1,0.2,2000,123,"EC_latent",Inf,NA,0,1.0974693393659,0.215704844330162,0.152321126634422,0.31306462432433,1.49999954467006,0.1250000785347,0.0974693393658996,0.0132048443301616,-0.0276788733655776,-0.0869353756756701,-4.55329943527261e-07,7.85346999099268e-08,0.0974693393658996,0.0652091078032672,-0.153771518697653,-0.217338439189175,-3.0355329568484e-07,6.28277599279414e-07,NA,NA,NA,NA,NA,NA,NA,NA,NA,NA,NA,NA,NA,NA,NA,NA,NA,NA,NA,NA,NA,NA,NA,NA,327,NA,NA,NA,0.0338144509874578,NA,NA,NA,NA,NA,NA,NA,1,"Cor.Unique",0.373897390255703
164,164,Inf,5,5,0.6708,"vgood",0.45,0,0.15,"AR1",TRUE,"modeled","CU modeled",1,0.125,1,0.2025,0.18,0.1,0.2,2000,123,"EC_latent",Inf,NA,0,0.99999985539055,0.202499991473759,0.179999979025377,0.399999990732595,1.50000000266163,0.125000000183835,-1.44609450414279e-07,-8.52624065794672e-09,-2.09746230661612e-08,-9.26740528761627e-09,2.66162891726651e-09,1.8383461419802e-10,-1.44609450414279e-07,-4.21048921380085e-08,-1.16525683700895e-07,-2.31685132190407e-08,1.77441927817767e-09,1.47067691358416e-09,NA,NA,NA,NA,NA,NA,NA,NA,NA,NA,NA,NA,NA,NA,NA,NA,NA,NA,NA,NA,NA,NA,NA,NA,307,NA,NA,NA,0,NA,NA,NA,NA,NA,NA,NA,1,"Cor.Unique",0
165,165,Inf,5,5,0.4,"poor",0.16,0,0,"none",FALSE,"ignored","Correct (no CU)",1,0.125,1,0.2025,0.18,0.1,0.2,2000,123,"EC_latent",Inf,NA,0,0.999999900209356,0.202499979751753,0.179999981969553,0.399999999888737,1.50000000010935,0.124999999974055,-9.97906435262763e-08,-2.02482467459575e-08,-1.80304469687975e-08,-1.11262832280801e-10,1.0934986249822e-10,-2.59451210515849e-11,-9.97906435262763e-08,-9.99913419553456e-08,-1.00169149826653e-07,-2.78157080702002e-10,7.28999083321469e-11,-2.07560968412679e-10,NA,NA,NA,NA,NA,NA,NA,NA,NA,NA,NA,NA,NA,NA,NA,NA,NA,NA,NA,NA,NA,NA,NA,NA,327,NA,NA,NA,0,NA,NA,NA,NA,NA,NA,NA,1,"Basic",0
166,166,Inf,5,5,0.4,"poor",0.16,0,0,"none",TRUE,"modeled","CU overfit",1,0.125,1,0.2025,0.18,0.1,0.2,2000,123,"EC_latent",Inf,NA,0,0.999999896962084,0.2024999795429,0.179999981750176,0.400000000256961,1.49999999942197,0.125000001072057,-1.03037916199256e-07,-2.04570999307041e-08,-1.82498244571949e-08,2.56960952516039e-10,-5.7803006825452e-10,1.07205705424107e-09,-1.03037916199256e-07,-1.01022715707181e-07,-1.01387913651083e-07,6.42402381290097e-10,-3.85353378836347e-10,8.57645643392857e-09,NA,NA,NA,NA,NA,NA,NA,NA,NA,NA,NA,NA,NA,NA,NA,NA,NA,NA,NA,NA,NA,NA,NA,NA,307,NA,NA,NA,0,NA,NA,NA,NA,NA,NA,NA,1,"Basic",0
167,167,Inf,5,5,0.4,"poor",0.16,0,0.15,"AR1",FALSE,"ignored","CU ignored",1,0.125,1,0.2025,0.18,0.1,0.2,2000,123,"EC_latent",Inf,NA,0,1.41960223068252,0.262103631825047,0.057897133288517,0.0949155141724344,1.50000068517388,0.125000053876909,0.419602230682517,0.059603631825047,-0.122102866711483,-0.305084485827566,6.85173875192291e-07,5.38769094615699e-08,0.419602230682517,0.294338922592825,-0.678349259508239,-0.762711214568914,4.56782583461527e-07,4.31015275692559e-07,NA,NA,NA,NA,NA,NA,NA,NA,NA,NA,NA,NA,NA,NA,NA,NA,NA,NA,NA,NA,NA,NA,NA,NA,327,NA,NA,NA,0.03431857107372,NA,NA,NA,NA,NA,NA,NA,1,"Cor.Unique",0.385128932817224
168,168,Inf,5,5,0.4,"poor",0.16,0,0.15,"AR1",TRUE,"modeled","CU modeled",1,0.125,1,0.2025,0.18,0.1,0.2,2000,123,"EC_latent",Inf,NA,0,0.999999920120552,0.202499976817597,0.179999982349301,0.399999999648314,1.49999999925371,0.125000001016485,-7.98794481671194e-08,-2.31824026919458e-08,-1.76506990967606e-08,-3.51685902622023e-10,-7.46288142394747e-10,1.01648517381037e-09,-7.98794481671194e-08,-1.14481000947881e-07,-9.8059439426448e-08,-8.79214756555058e-10,-4.97525428263164e-10,8.13188139048293e-09,NA,NA,NA,NA,NA,NA,NA,NA,NA,NA,NA,NA,NA,NA,NA,NA,NA,NA,NA,NA,NA,NA,NA,NA,307,NA,NA,NA,0,NA,NA,NA,NA,NA,NA,NA,1,"Cor.Unique",0
169,169,Inf,3,3,0.6708,"vgood",0.45,0,0,"none",FALSE,"ignored","Correct (no CU)",1,0.125,1,0.2025,0.18,0.1,0.2,2000,123,"sum",Inf,NA,0,0.359999944617123,0.0728999926754374,0.0648000047533135,0.400000080204538,0,0,-5.53828771732157e-08,-7.32456259533443e-09,4.75331345117791e-09,8.02045383996308e-08,-0.9,-0.075,-1.53841325481155e-07,-1.00474109675369e-07,7.33536026416344e-08,2.00511345999077e-07,-1,-1,NA,NA,NA,NA,NA,NA,NA,NA,NA,NA,NA,NA,NA,NA,NA,NA,NA,NA,NA,NA,NA,NA,NA,NA,-2,NA,NA,NA,NA,NA,NA,NA,NA,NA,NA,NA,1,"Basic",3.10862446895044e-15
170,170,Inf,3,3,0.6708,"vgood",0.45,0,0.15,"AR1",FALSE,"ignored","CU ignored",1,0.125,1,0.2025,0.18,0.1,0.2,2000,123,"sum",Inf,NA,0,0.456960603701017,0.121380335981496,0.0163196695354535,0.0692943480142495,0,0,0.0969606037010164,0.0484803359814963,-0.0484803304645466,-0.33070565198575,-0.9,-0.075,0.269335010280601,0.665025184931362,-0.748153247909669,-0.826764129964376,-1,-1,NA,NA,NA,NA,NA,NA,NA,NA,NA,NA,NA,NA,NA,NA,NA,NA,NA,NA,NA,NA,NA,NA,NA,NA,-2,NA,NA,NA,NA,NA,NA,NA,NA,NA,NA,NA,1,"Cor.Unique",2.22044604925031e-15
171,171,Inf,3,3,0.4,"poor",0.16,0,0,"none",FALSE,"ignored","Correct (no CU)",1,0.125,1,0.2025,0.18,0.1,0.2,2000,123,"sum",Inf,NA,0,0.359999996923546,0.0729000368657369,0.0647999569279238,0.399999634691664,0,0,-3.07645425801084e-09,3.68657368521319e-08,-4.30720762528702e-08,-3.65308336136572e-07,-0.9,-0.075,-8.54570627225233e-09,5.05702837477804e-07,-6.64692534766516e-07,-9.13270840341429e-07,-1,-1,NA,NA,NA,NA,NA,NA,NA,NA,NA,NA,NA,NA,NA,NA,NA,NA,NA,NA,NA,NA,NA,NA,NA,NA,-2,NA,NA,NA,NA,NA,NA,NA,NA,NA,NA,NA,1,"Basic",8.88178419700125e-16
172,172,Inf,3,3,0.4,"poor",0.16,0,0.15,"AR1",FALSE,"ignored","CU ignored",1,0.125,1,0.2025,0.18,0.1,0.2,2000,123,"sum",Inf,NA,0,0.776444194715678,0.281122121757709,-0.143422108823713,-0.30698239450543,0,0,0.416444194715678,0.208222121757709,-0.208222108823713,-0.70698239450543,-0.9,-0.075,1.15678942976577,2.85627053165582,-3.21330414851409,-1.76745598626357,-1,-1,NA,NA,NA,NA,NA,NA,NA,NA,NA,NA,NA,NA,NA,NA,NA,NA,NA,NA,NA,NA,NA,NA,NA,NA,-2,NA,NA,NA,NA,NA,NA,NA,NA,NA,NA,NA,1,"Cor.Unique",1.33226762955019e-15
173,173,Inf,3,5,0.6708,"vgood",0.45,0,0,"none",FALSE,"ignored","Correct (no CU)",1,0.125,1,0.2025,0.18,0.1,0.2,2000,123,"sum",Inf,NA,0,0.99999990941897,0.202499987672893,0.179999973912143,0.39999997231811,0,0,-9.05810296769616e-08,-1.23271070850972e-08,-2.60878565416789e-08,-2.76818900579734e-08,-1.5,-0.125,-9.05810296769616e-08,-6.0874602889369e-08,-1.4493253634266e-07,-6.92047251449335e-08,-1,-1,NA,NA,NA,NA,NA,NA,NA,NA,NA,NA,NA,NA,NA,NA,NA,NA,NA,NA,NA,NA,NA,NA,NA,NA,-2,NA,NA,NA,NA,NA,NA,NA,NA,NA,NA,NA,1,"Basic",8.88178419700125e-16
174,174,Inf,3,5,0.6708,"vgood",0.45,0,0.15,"AR1",FALSE,"ignored","CU ignored",1,0.125,1,0.2025,0.18,0.1,0.2,2000,123,"sum",Inf,NA,0,1.16160108729368,0.283300567166367,0.099199388104834,0.172924594664594,0,0,0.161601087293685,0.0808005671663669,-0.080800611895166,-0.227075405335406,-1.5,-0.125,0.161601087293685,0.399015146500577,-0.448892288306478,-0.567688513338514,-1,-1,NA,NA,NA,NA,NA,NA,NA,NA,NA,NA,NA,NA,NA,NA,NA,NA,NA,NA,NA,NA,NA,NA,NA,NA,-2,NA,NA,NA,NA,NA,NA,NA,NA,NA,NA,NA,1,"Cor.Unique",0
175,175,Inf,3,5,0.4,"poor",0.16,0,0,"none",FALSE,"ignored","Correct (no CU)",1,0.125,1,0.2025,0.18,0.1,0.2,2000,123,"sum",Inf,NA,0,0.99999972400467,0.202499983458152,0.180000069783583,0.400000226611365,0,0,-2.75995330367707e-07,-1.65418478081936e-08,6.97835829677196e-08,2.26611364784191e-07,-1.5,-0.125,-2.75995330367707e-07,-8.16881373244127e-08,3.87686572042887e-07,5.66528411960476e-07,-1,-1,NA,NA,NA,NA,NA,NA,NA,NA,NA,NA,NA,NA,NA,NA,NA,NA,NA,NA,NA,NA,NA,NA,NA,NA,-2,NA,NA,NA,NA,NA,NA,NA,NA,NA,NA,NA,1,"Basic",2.66453525910038e-15
176,176,Inf,3,5,0.4,"poor",0.16,0,0.15,"AR1",FALSE,"ignored","CU ignored",1,0.125,1,0.2025,0.18,0.1,0.2,2000,123,"sum",Inf,NA,0,1.69407379008816,0.549536964138094,-0.167037021673425,-0.173120349831064,0,0,0.69407379008816,0.347036964138094,-0.347037021673425,-0.573120349831064,-1.5,-0.125,0.69407379008816,1.71376278586713,-1.92798345374125,-1.43280087457766,-1,-1,NA,NA,NA,NA,NA,NA,NA,NA,NA,NA,NA,NA,NA,NA,NA,NA,NA,NA,NA,NA,NA,NA,NA,NA,-2,NA,NA,NA,NA,NA,NA,NA,NA,NA,NA,NA,1,"Cor.Unique",8.88178419700125e-16
177,177,Inf,5,3,0.6708,"vgood",0.45,0,0,"none",FALSE,"ignored","Correct (no CU)",1,0.125,1,0.2025,0.18,0.1,0.2,2000,123,"sum",Inf,NA,0,0.359999971270226,0.0728999945017905,0.0647999910331086,0.399999975694053,0,0,-2.87297736156766e-08,-5.49820947104429e-09,-8.96689139606721e-09,-2.43059470328433e-08,-0.9,-0.075,-7.98049267102129e-08,-7.54212547468352e-08,-1.38377953643013e-07,-6.07648675821082e-08,-1,-1,NA,NA,NA,NA,NA,NA,NA,NA,NA,NA,NA,NA,NA,NA,NA,NA,NA,NA,NA,NA,NA,NA,NA,NA,5,NA,NA,NA,0,NA,NA,NA,NA,NA,NA,NA,1,"Basic",0
178,178,Inf,5,3,0.6708,"vgood",0.45,0,0,"none",TRUE,"modeled","CU overfit",1,0.125,1,0.2025,0.18,0.1,0.2,2000,123,"sum",Inf,NA,0,0.35999997624189,0.0728999897518026,0.0647999945198369,0.400000007486551,0,0,-2.37581096462769e-08,-1.02481974018076e-08,-5.48016315660149e-09,7.48655110127672e-09,-0.9,-0.075,-6.59947490174358e-08,-1.40578839530968e-07,-8.45704190833563e-08,1.87163777531918e-08,-1,-1,NA,NA,NA,NA,NA,NA,NA,NA,NA,NA,NA,NA,NA,NA,NA,NA,NA,NA,NA,NA,NA,NA,NA,NA,1,NA,NA,NA,4.2146848510894e-08,NA,NA,NA,NA,NA,NA,NA,1,"Basic",1.77635683940025e-15
179,179,Inf,5,3,0.6708,"vgood",0.45,0,0.15,"AR1",FALSE,"ignored","CU ignored",1,0.125,1,0.2025,0.18,0.1,0.2,2000,123,"sum",Inf,NA,0,0.418489466547786,0.0809561616105972,0.0480547162355229,0.261077110305,0,0,0.0584894665477859,0.00805616161059716,-0.0167452837644771,-0.138922889695,-0.9,-0.075,0.162470740410516,0.110509761462238,-0.258414872908597,-0.347307224237501,-1,-1,NA,NA,NA,NA,NA,NA,NA,NA,NA,NA,NA,NA,NA,NA,NA,NA,NA,NA,NA,NA,NA,NA,NA,NA,5,NA,NA,NA,0.0353886468588178,NA,NA,NA,NA,NA,NA,NA,1,"Cor.Unique",0.00626178163249058
180,180,Inf,5,3,0.6708,"vgood",0.45,0,0.15,"AR1",TRUE,"modeled","CU modeled",1,0.125,1,0.2025,0.18,0.1,0.2,2000,123,"sum",Inf,NA,0,0.359999968840156,0.0728999922377924,0.0647999919478235,0.399999988901724,0,0,-3.1159844038342e-08,-7.76220761278257e-09,-8.05217649502143e-09,-1.10982756318379e-08,-0.9,-0.075,-8.65551223287279e-08,-1.06477470682888e-07,-1.24261982947862e-07,-2.77456890795946e-08,-1,-1,NA,NA,NA,NA,NA,NA,NA,NA,NA,NA,NA,NA,NA,NA,NA,NA,NA,NA,NA,NA,NA,NA,NA,NA,1,NA,NA,NA,0,NA,NA,NA,NA,NA,NA,NA,1,"Cor.Unique",0
181,181,Inf,5,3,0.4,"poor",0.16,0,0,"none",FALSE,"ignored","Correct (no CU)",1,0.125,1,0.2025,0.18,0.1,0.2,2000,123,"sum",Inf,NA,0,0.359999914137977,0.072899992395139,0.0648000069503359,0.400000111468268,0,0,-8.58620228250118e-08,-7.60486101869517e-09,6.95033590403238e-09,1.114682680603e-07,-0.9,-0.075,-2.38505618958366e-07,-1.04319081189234e-07,1.07258270123956e-07,2.78670670150749e-07,-1,-1,NA,NA,NA,NA,NA,NA,NA,NA,NA,NA,NA,NA,NA,NA,NA,NA,NA,NA,NA,NA,NA,NA,NA,NA,5,NA,NA,NA,2.66560074985002e-08,NA,NA,NA,NA,NA,NA,NA,1,"Basic",3.5527136788005e-15
182,182,Inf,5,3,0.4,"poor",0.16,0,0,"none",TRUE,"modeled","CU overfit",1,0.125,1,0.2025,0.18,0.1,0.2,2000,123,"sum",Inf,NA,0,0.359999975503529,0.0728999866581778,0.0648000028587944,0.400000067859117,0,0,-2.4496470851787e-08,-1.33418222025838e-08,2.85879438177705e-09,6.78591172698084e-08,-0.9,-0.075,-6.80457523660749e-08,-1.8301539372543e-07,4.41171972496459e-08,1.69647793174521e-07,-1,-1,NA,NA,NA,NA,NA,NA,NA,NA,NA,NA,NA,NA,NA,NA,NA,NA,NA,NA,NA,NA,NA,NA,NA,NA,1,NA,NA,NA,5.96046447753906e-08,NA,NA,NA,NA,NA,NA,NA,1,"Basic",3.5527136788005e-15
183,183,Inf,5,3,0.4,"poor",0.16,0,0.15,"AR1",FALSE,"ignored","CU ignored",1,0.125,1,0.2025,0.18,0.1,0.2,2000,123,"sum",Inf,NA,0,0.612412123671981,0.109280129771037,-0.00926508740385305,-0.0358143463974409,0,0,0.252412123671981,0.0363801297710374,-0.0740650874038531,-0.435814346397441,-0.9,-0.075,0.701144787977725,0.499041560645232,-1.14297974388662,-1.0895358659936,-1,-1,NA,NA,NA,NA,NA,NA,NA,NA,NA,NA,NA,NA,NA,NA,NA,NA,NA,NA,NA,NA,NA,NA,NA,NA,5,NA,NA,NA,0.0623899737490493,NA,NA,NA,NA,NA,NA,NA,1,"Cor.Unique",0.0194625441220353
184,184,Inf,5,3,0.4,"poor",0.16,0,0.15,"AR1",TRUE,"modeled","CU modeled",1,0.125,1,0.2025,0.18,0.1,0.2,2000,123,"sum",Inf,NA,0,0.35999998080337,0.0728999911484167,0.0647999954413569,0.400000006809202,0,0,-1.91966300078228e-08,-8.85158336905167e-09,-4.55864308801512e-09,6.80920242412952e-09,-0.9,-0.075,-5.33239722439522e-08,-1.2142089669481e-07,-7.03494303706038e-08,1.70230060603238e-08,-1,-1,NA,NA,NA,NA,NA,NA,NA,NA,NA,NA,NA,NA,NA,NA,NA,NA,NA,NA,NA,NA,NA,NA,NA,NA,1,NA,NA,NA,0,NA,NA,NA,NA,NA,NA,NA,1,"Cor.Unique",0
185,185,Inf,5,5,0.6708,"vgood",0.45,0,0,"none",FALSE,"ignored","Correct (no CU)",1,0.125,1,0.2025,0.18,0.1,0.2,2000,123,"sum",Inf,NA,0,0.999999919687504,0.202499975159829,0.179999980487138,0.399999997234085,0,0,-8.0312495986945e-08,-2.48401708646817e-08,-1.95128623259322e-08,-2.76591516357172e-09,-1.5,-0.125,-8.0312495986945e-08,-1.22667510442873e-07,-1.08404790699623e-07,-6.9147879089293e-09,-1,-1,NA,NA,NA,NA,NA,NA,NA,NA,NA,NA,NA,NA,NA,NA,NA,NA,NA,NA,NA,NA,NA,NA,NA,NA,5,NA,NA,NA,1.8848643661549e-08,NA,NA,NA,NA,NA,NA,NA,1,"Basic",1.77635683940025e-15
186,186,Inf,5,5,0.6708,"vgood",0.45,0,0,"none",TRUE,"modeled","CU overfit",1,0.125,1,0.2025,0.18,0.1,0.2,2000,123,"sum",Inf,NA,0,0.999999916533644,0.202499978125697,0.179999982816369,0.400000000111674,0,0,-8.34663561599669e-08,-2.18743032298629e-08,-1.71836311291251e-08,1.11674391956029e-10,-1.5,-0.125,-8.34663561599669e-08,-1.08021250517842e-07,-9.54646173840285e-08,2.79185979890073e-10,-1,-1,NA,NA,NA,NA,NA,NA,NA,NA,NA,NA,NA,NA,NA,NA,NA,NA,NA,NA,NA,NA,NA,NA,NA,NA,1,NA,NA,NA,0,NA,NA,NA,NA,NA,NA,NA,1,"Basic",0
187,187,Inf,5,5,0.6708,"vgood",0.45,0,0.15,"AR1",FALSE,"ignored","CU ignored",1,0.125,1,0.2025,0.18,0.1,0.2,2000,123,"sum",Inf,NA,0,1.09746871715788,0.215704815291188,0.152321024301237,0.313064523818198,0,0,0.0974687171578756,0.0132048152911883,-0.0276789756987633,-0.0869354761818023,-1.5,-0.125,0.0974687171578756,0.0652089644009299,-0.153772087215352,-0.217338690454506,-1,-1,NA,NA,NA,NA,NA,NA,NA,NA,NA,NA,NA,NA,NA,NA,NA,NA,NA,NA,NA,NA,NA,NA,NA,NA,5,NA,NA,NA,0.0257873298637233,NA,NA,NA,NA,NA,NA,NA,1,"Cor.Unique",0.00332493190750238
188,188,Inf,5,5,0.6708,"vgood",0.45,0,0.15,"AR1",TRUE,"modeled","CU modeled",1,0.125,1,0.2025,0.18,0.1,0.2,2000,123,"sum",Inf,NA,0,0.999999926286125,0.202499982397125,0.17999996287687,0.399999949632483,0,0,-7.3713875003989e-08,-1.7602875185263e-08,-3.71231295981378e-08,-5.03675168239681e-08,-1.5,-0.125,-7.3713875003989e-08,-8.6927778692657e-08,-2.06239608878543e-07,-1.2591879205992e-07,-1,-1,NA,NA,NA,NA,NA,NA,NA,NA,NA,NA,NA,NA,NA,NA,NA,NA,NA,NA,NA,NA,NA,NA,NA,NA,1,NA,NA,NA,5.16191365590357e-08,NA,NA,NA,NA,NA,NA,NA,1,"Cor.Unique",2.66453525910038e-15
189,189,Inf,5,5,0.4,"poor",0.16,0,0,"none",FALSE,"ignored","Correct (no CU)",1,0.125,1,0.2025,0.18,0.1,0.2,2000,123,"sum",Inf,NA,0,0.999999890020377,0.202499979685837,0.179999985951164,0.400000010839662,0,0,-1.09979623408307e-07,-2.03141632126869e-08,-1.40488356226154e-08,1.08396621678608e-08,-1.5,-0.125,-1.09979623408307e-07,-1.00316855371293e-07,-7.80490867923077e-08,2.7099155419652e-08,-1,-1,NA,NA,NA,NA,NA,NA,NA,NA,NA,NA,NA,NA,NA,NA,NA,NA,NA,NA,NA,NA,NA,NA,NA,NA,5,NA,NA,NA,1.8848643661549e-08,NA,NA,NA,NA,NA,NA,NA,1,"Basic",1.77635683940025e-15
190,190,Inf,5,5,0.4,"poor",0.16,0,0,"none",TRUE,"modeled","CU overfit",1,0.125,1,0.2025,0.18,0.1,0.2,2000,123,"sum",Inf,NA,0,0.999999922445039,0.202499976311728,0.179999977963927,0.399999989937764,0,0,-7.75549611198301e-08,-2.36882723159137e-08,-2.20360732716696e-08,-1.00622358778502e-08,-1.5,-0.125,-7.75549611198301e-08,-1.16979122547722e-07,-1.22422629287053e-07,-2.51555896946254e-08,-1,-1,NA,NA,NA,NA,NA,NA,NA,NA,NA,NA,NA,NA,NA,NA,NA,NA,NA,NA,NA,NA,NA,NA,NA,NA,1,NA,NA,NA,0,NA,NA,NA,NA,NA,NA,NA,1,"Basic",0
191,191,Inf,5,5,0.4,"poor",0.16,0,0.15,"AR1",FALSE,"ignored","CU ignored",1,0.125,1,0.2025,0.18,0.1,0.2,2000,123,"sum",Inf,NA,0,1.41959865044129,0.262104153680455,0.0578945105731327,0.0949112397382649,0,0,0.41959865044129,0.0596041536804547,-0.122105489426867,-0.305088760261735,-1.5,-0.125,0.41959865044129,0.294341499656566,-0.678363830149262,-0.762721900654338,-1,-1,NA,NA,NA,NA,NA,NA,NA,NA,NA,NA,NA,NA,NA,NA,NA,NA,NA,NA,NA,NA,NA,NA,NA,NA,5,NA,NA,NA,0.0539564164542446,NA,NA,NA,NA,NA,NA,NA,1,"Cor.Unique",0.0145564743829194
192,192,Inf,5,5,0.4,"poor",0.16,0,0.15,"AR1",TRUE,"modeled","CU modeled",1,0.125,1,0.2025,0.18,0.1,0.2,2000,123,"sum",Inf,NA,0,0.999999803352586,0.202499963667457,0.180000014406404,0.400000107227728,0,0,-1.96647413908124e-07,-3.63325428909267e-08,1.44064044305114e-08,1.07227728030068e-07,-1.5,-0.125,-1.96647413908124e-07,-1.79419964893465e-07,8.0035580169508e-08,2.6806932007517e-07,-1,-1,NA,NA,NA,NA,NA,NA,NA,NA,NA,NA,NA,NA,NA,NA,NA,NA,NA,NA,NA,NA,NA,NA,NA,NA,1,NA,NA,NA,4.2146848510894e-08,NA,NA,NA,NA,NA,NA,NA,1,"Cor.Unique",1.77635683940025e-15
