"","job_id","N_size","rho","loading_quality","target_loading","loading_type","sd.lambda","TT","J","mu_alpha","mu_beta","var_alpha","var_beta","cov_ab","tau_un","lambda_un","psi_mat","nrep","seed","model","N","nrep_ok","err.perc","phi11.m","phi22.m","phi12.m","cor12.m","k1.m","k2.m","phi11.bias","phi22.bias","phi12.bias","cor12.bias","k1.bias","k2.bias","phi11.rbias","phi22.rbias","phi12.rbias","cor12.rbias","k1.rbias","k2.rbias","phi11.rmse","phi22.rmse","phi12.rmse","cor12.rmse","k1.rmse","k2.rmse","phi11.rel.rmse","phi12.rel.rmse","phi22.rel.rmse","kappa1.rel.rmse","kappa2.rel.rmse","phi11.cov","phi22.cov","phi12.cov","cor12.cov","k1.cov","k2.cov","phi11.power","phi22.power","phi12.power","cor12.power","k1.power","k2.power","chisq.m","df.m","pvalue.chi.m","cfi.m","tli.m","rmsea.m","srmr.m","chisq.sd","cfi.sd","tli.sd","rmsea.sd","srmr.sd","chisq.reject","admissible.m","rho_lab"
"1",1,200,0,"vgood",0.6708,"tau_eq",0,3,3,1,0.125,1,0.2025,0.18,0.1,0.2,"1.097^2;0.98^2;0.95^2;0.93^2;0.91^2;0.89^2;0.87^2;0.85^2",2000,123,"EC_latent",200,1220,0.39,0.41139835809091,0.109681051270368,0.0251015394016264,0.212790899676958,0.901892023763212,0.0756162263903018,0.0513983580909104,0.0367810512703681,-0.0396984605983736,-0.187209100323042,0.00189202376321186,0.00061622639030176,0.142773216919195,0.504541169689549,-0.612630564789716,-0.468022750807606,0.00210224862579096,0.00821635187069014,0.124850108961496,0.0654991941034345,0.0712842324049904,0.38174056112071,0.0699462735344594,0.0455389348681639,0.346805858226379,1.10006531489183,0.898480028853696,0.0777180817049549,0.607185798242185,0.980327868852459,0.979508196721312,0.977049180327869,0.848360655737705,0.95,0.95327868852459,0.895081967213115,0.187704918032787,0.0040983606557377,0.0204918032786885,1,0.376229508196721,39.3173637253668,39,0.490501848603141,0.992833123510848,0.999725444464696,0.0138328028613453,0.0483977339058678,9.04822807307431,0.0110954232999705,0.0163801266429694,0.0170040936087777,0.00797917063892765,0.0581967213114754,0.61,"Basic"
"2",2,500,0,"vgood",0.6708,"tau_eq",0,3,3,1,0.125,1,0.2025,0.18,0.1,0.2,"1.097^2;0.98^2;0.95^2;0.93^2;0.91^2;0.89^2;0.87^2;0.85^2",2000,123,"EC_latent",500,1494,0.253,0.39128461355493,0.0935665433707358,0.0422951223773138,0.294145734352707,0.899761568342278,0.0747585312041683,0.03128461355493,0.0206665433707358,-0.0225048776226862,-0.105854265647293,-0.000238431657721904,-0.000241468795831728,0.0869017043192498,0.283491678610916,-0.347297494177256,-0.264635664118233,-0.000264924064135449,-0.00321958394442303,0.084609631948429,0.0445504540772429,0.0471505553664489,0.306379085422269,0.0446584520073034,0.0298430499815735,0.235026755412303,0.727632027260014,0.611117339879876,0.0496205022303371,0.397907333087647,0.975234270414993,0.963855421686747,0.970548862115127,0.870147255689424,0.94578313253012,0.941767068273092,1,0.373493975903614,0.0287817938420348,0.00468540829986613,1,0.724899598393574,39.0173713898624,39,0.502100784174835,0.99726494190563,1.00004274407756,0.00835015767224696,0.0303274288964745,8.96953229447011,0.00439749118977074,0.00641147865644486,0.0106514130483976,0.00458660935776958,0.0589022757697456,0.747,"Basic"
"3",3,800,0,"vgood",0.6708,"tau_eq",0,3,3,1,0.125,1,0.2025,0.18,0.1,0.2,"1.097^2;0.98^2;0.95^2;0.93^2;0.91^2;0.89^2;0.87^2;0.85^2",2000,123,"EC_latent",800,1639,0.1805,0.3801606468752,0.0861407704767053,0.0502805366386121,0.34100937717138,0.900442655597776,0.0748248872290242,0.0201606468751998,0.0132407704767053,-0.0145194633613879,-0.0589906228286199,0.000442655597775883,-0.00017511277097581,0.056001796875555,0.181629224646163,-0.224065792614011,-0.14747655707155,0.000491839553084314,-0.00233483694634414,0.0657804601372762,0.0355631716191775,0.0376444059747902,0.277031234918217,0.0349640880713169,0.0229364036507254,0.182723500381323,0.580932190968985,0.487835001634808,0.0388489867459077,0.305818715343005,0.973764490543014,0.967053081147041,0.968883465527761,0.901769371568029,0.955460646735815,0.951799877974375,1,0.521659548505186,0.161683953630262,0.0012202562538133,1,0.906040268456376,38.7327999204456,39,0.508616279951803,0.998385372094872,1.00014046527139,0.00639228474797653,0.0239714157412329,8.74251559634626,0.00261795130937294,0.0039095079155426,0.00816729593795261,0.00363263013769743,0.0500305064063453,0.8195,"Basic"
"4",4,200,0.15,"vgood",0.6708,"tau_eq",0,3,3,1,0.125,1,0.2025,0.18,0.1,0.2,"1.097^2;0.98^2;0.95^2;0.93^2;0.91^2;0.89^2;0.87^2;0.85^2",2000,123,"EC_latent",200,1253,0.3735,0.418680849413165,0.10868363924837,0.0223747005341122,0.201360336973171,0.904529277748441,0.0735701166107134,0.0586808494131648,0.0357836392483696,-0.0424252994658878,-0.198639663026829,0.00452927774844092,-0.00142988338928657,0.163002359481013,0.490859248948829,-0.654711411510614,-0.496599157567073,0.00503253083160102,-0.0190651118571542,0.133736780724381,0.0647547653763164,0.0738609035286413,0.399699572413447,0.0721139923720731,0.0462597350009554,0.371491057567725,1.13982875815804,0.888268386506398,0.0801266581911923,0.616796466679406,0.97366320830008,0.969672785315243,0.97366320830008,0.825219473264166,0.943335993615323,0.94413407821229,0.905027932960894,0.194732641660016,0.000798084596967279,0.0183559457302474,1,0.357541899441341,33.6449823310984,33,0.479983988122948,0.993460573820961,0.99894292885456,0.0150761550900117,0.0459324329495518,8.48200292616036,0.0103676838996086,0.0169888353502579,0.0179884313801291,0.00766027779921092,0.0582601755786113,0.6265,"Cor.Unique"
"5",5,500,0.15,"vgood",0.6708,"tau_eq",0,3,3,1,0.125,1,0.2025,0.18,0.1,0.2,"1.097^2;0.98^2;0.95^2;0.93^2;0.91^2;0.89^2;0.87^2;0.85^2",2000,123,"EC_latent",500,1513,0.2435,0.38796006651028,0.0915861702275233,0.0450599971003619,0.314098966622306,0.900327965944797,0.0745087530493576,0.0279600665102795,0.0186861702275233,-0.0197400028996381,-0.0859010333776943,0.000327965944797132,-0.00049124695064244,0.0776668514174432,0.25632606622117,-0.304629674377131,-0.214752583444236,0.000364406605330146,-0.0065499593418992,0.0843742237877238,0.0429319855130809,0.0454135724069835,0.305878837027305,0.0451154553945413,0.029036230349589,0.234372843854788,0.700826734675671,0.588916125007968,0.0501282837717125,0.38714973799452,0.96827495042961,0.973562458691342,0.976867151354924,0.874421678783873,0.943820224719101,0.951090548578982,0.999339061467284,0.395241242564441,0.0423000660938533,0.0046265697290152,1,0.738268341044283,33.1730975243913,33,0.496703796961387,0.997533854347432,0.999905607256609,0.00907978235947096,0.02866735400202,8.30771953479322,0.00385433292189161,0.00658558756033177,0.0111756994960305,0.00462523517097047,0.0627891606080634,0.7565,"Cor.Unique"
"6",6,800,0.15,"vgood",0.6708,"tau_eq",0,3,3,1,0.125,1,0.2025,0.18,0.1,0.2,"1.097^2;0.98^2;0.95^2;0.93^2;0.91^2;0.89^2;0.87^2;0.85^2",2000,123,"EC_latent",800,1640,0.18,0.375496117267719,0.0848005490283396,0.0529095821368678,0.361245912761648,0.898188456047452,0.0752846069716333,0.0154961172677188,0.0119005490283396,-0.0118904178631322,-0.0387540872383518,-0.00181154395254776,0.000284606971633255,0.0430447701881076,0.163244842638403,-0.183494102826114,-0.0968852180958794,-0.00201282661394196,0.00379475962177673,0.0656017787138139,0.035041223779504,0.0367596914106871,0.273355637328518,0.0355963406353358,0.0227886725844821,0.182227163093928,0.56727918843653,0.480675223312812,0.0395514895948176,0.303848967793095,0.978048780487805,0.969512195121951,0.969512195121951,0.898170731707317,0.951829268292683,0.954878048780488,1,0.517073170731707,0.194512195121951,0.000609756097560976,1,0.904268292682927,32.8724759753724,33,0.500806026979064,0.998594739327032,1.00008214177734,0.0068484519068999,0.0226729445428445,7.94312801785878,0.00223047782094672,0.00395161236511885,0.00840606070723944,0.00374191325477078,0.0420731707317073,0.82,"Cor.Unique"
"7",7,200,0,"poor",0.4,"tau_eq",0,3,3,1,0.125,1,0.2025,0.18,0.1,0.2,"1.097^2;0.98^2;0.95^2;0.93^2;0.91^2;0.89^2;0.87^2;0.85^2",2000,123,"EC_latent",200,550,0.725,0.488525938178379,0.143016149671912,-0.0299307361649156,-0.000920943336985499,0.902731285541404,0.0770314590872626,0.128525938178379,0.0701161496719118,-0.0947307361649156,-0.400920943336985,0.0027312855414038,0.00203145908726259,0.357016494939942,0.961812752701121,-1.46189407661907,-1.00230235834246,0.00303476171267089,0.0270861211635011,0.227047077945873,0.111158248180819,0.136641627606733,0.565815487131547,0.0964531569100735,0.068707633069941,0.630686327627424,2.1086670926965,1.5248045017945,0.107170174344526,0.916101774265879,0.990909090909091,0.996363636363636,0.996363636363636,0.798181818181818,0.943636363636364,0.950909090909091,0.229090909090909,0.0236363636363636,0,0.0581818181818182,1,0.176363636363636,38.6660244207332,39,0.511181349544403,0.964878616195181,1.01241297654342,0.0126829099250523,0.0582377840763352,8.84439255888033,0.0563807784483252,0.101502998835809,0.0164528032295129,0.00754229854255914,0.0436363636363636,0.275,"Basic"
"8",8,500,0,"poor",0.4,"tau_eq",0,3,3,1,0.125,1,0.2025,0.18,0.1,0.2,"1.097^2;0.98^2;0.95^2;0.93^2;0.91^2;0.89^2;0.87^2;0.85^2",2000,123,"EC_latent",500,1000,0.5,0.464908541544757,0.12570175937336,-0.0053895599283569,0.0868925175126674,0.900379332809081,0.0738910325764628,0.104908541544757,0.0528017593733602,-0.0701895599283569,-0.313107482487333,0.000379332809080861,-0.00110896742353719,0.291412615402102,0.724303969456244,-1.08317222111662,-0.782768706218331,0.000421480898978734,-0.0147862323138292,0.179179443152162,0.0851918327726873,0.103905519965669,0.482182943876175,0.062214073041801,0.0456703608505137,0.497720675422673,1.60348024638378,1.16861224653892,0.0691267478242234,0.608938144673516,0.972,0.986,0.98,0.787,0.943,0.945,0.675,0.103,0.003,0.051,1,0.386,39.4394917744289,39,0.489441647097639,0.983199540009587,0.999314315487084,0.00894912654031401,0.0371610563874382,9.09167120997695,0.0255704887903822,0.0377713847090299,0.0109214371570374,0.0047484754772354,0.064,0.5,"Basic"
"9",9,800,0,"poor",0.4,"tau_eq",0,3,3,1,0.125,1,0.2025,0.18,0.1,0.2,"1.097^2;0.98^2;0.95^2;0.93^2;0.91^2;0.89^2;0.87^2;0.85^2",2000,123,"EC_latent",800,1209,0.3955,0.43322852039305,0.113443964729179,0.0144887052274517,0.169907420611471,0.901554863421439,0.0734868290817306,0.07322852039305,0.0405439647291794,-0.0503112947725483,-0.230092579388529,0.00155486342143879,-0.00151317091826939,0.203412556647361,0.556158638260348,-0.776408869946733,-0.575231448471322,0.00172762602382088,-0.0201756122435919,0.138353184257478,0.0699383316902042,0.0823420254206482,0.419066878865107,0.0494833747636944,0.03488830567091,0.384314400715217,1.27071026883716,0.959373548562471,0.054981527515216,0.465177408945467,0.97601323407775,0.977667493796526,0.973531844499586,0.818031430934657,0.948717948717949,0.948717948717949,0.869313482216708,0.15550041356493,0.00496277915632754,0.0297766749379653,1,0.570719602977667,38.7680117977647,39,0.505442675069208,0.990928163632,1.00111387265653,0.00640362746222361,0.0292144588786006,8.72428513589374,0.0146341763159639,0.0225802777665711,0.0081213272792369,0.00361421829316178,0.0471464019851117,0.6045,"Basic"
"10",10,200,0.15,"poor",0.4,"tau_eq",0,3,3,1,0.125,1,0.2025,0.18,0.1,0.2,"1.097^2;0.98^2;0.95^2;0.93^2;0.91^2;0.89^2;0.87^2;0.85^2",2000,123,"EC_latent",200,618,0.691,0.517980365225377,0.144684807092583,-0.0439298279126019,-0.0538035661554469,0.90489769845517,0.07333235867761,0.157980365225376,0.071784807092583,-0.108729827912602,-0.453803566155447,0.0048976984551701,-0.00166764132238996,0.438834347848268,0.984702429253539,-1.67792944309571,-1.13450891538862,0.00544188717241122,-0.0222352176318662,0.263029752766883,0.114490022344282,0.154739982009252,0.610237506692254,0.102420111683398,0.0715124982924587,0.730638202130229,2.38796268532796,1.57050785108754,0.113800124092665,0.953499977232783,0.98705501618123,0.990291262135922,0.990291262135922,0.775080906148867,0.948220064724919,0.940129449838188,0.23462783171521,0.0355987055016181,0.00323624595469256,0.0938511326860841,1,0.192556634304207,33.5416618836482,33,0.483158165084793,0.973681723268164,0.999500386378594,0.0148862231816384,0.0544790573272774,8.43596216118418,0.0404160958502449,0.0729496949670796,0.0178393160220869,0.0078301013710718,0.0550161812297735,0.309,"Cor.Unique"
"11",11,500,0.15,"poor",0.4,"tau_eq",0,3,3,1,0.125,1,0.2025,0.18,0.1,0.2,"1.097^2;0.98^2;0.95^2;0.93^2;0.91^2;0.89^2;0.87^2;0.85^2",2000,123,"EC_latent",500,1022,0.489,0.457128841593007,0.122091354952108,0.000800652761575145,0.119300625293667,0.901204119613613,0.0741527362071144,0.0971288415930065,0.0491913549521078,-0.0639993472384249,-0.280699374706333,0.00120411961361272,-0.000847263792885629,0.269802337758351,0.674778531578981,-0.987644247506556,-0.701748436765833,0.00133791068179191,-0.0112968505718084,0.181061301886462,0.0821439424038105,0.102912705970824,0.480206434435039,0.0627641562836561,0.0425931943889276,0.502948060795728,1.58815904275963,1.12680305080673,0.0697379514262846,0.567909258519035,0.976516634050881,0.983365949119374,0.978473581213307,0.795499021526419,0.938356164383562,0.951076320939335,0.604696673189824,0.103718199608611,0.000978473581213307,0.0528375733855186,1,0.37279843444227,33.1919508796775,33,0.495786346101807,0.989466778338053,0.999775809925279,0.00903996873588354,0.034242289893396,8.27881616190067,0.0164177157191098,0.0283837197364644,0.0112064565631559,0.00478984120341857,0.0596868884540117,0.511,"Cor.Unique"
"12",12,800,0.15,"poor",0.4,"tau_eq",0,3,3,1,0.125,1,0.2025,0.18,0.1,0.2,"1.097^2;0.98^2;0.95^2;0.93^2;0.91^2;0.89^2;0.87^2;0.85^2",2000,123,"EC_latent",800,1197,0.4015,0.433977406281704,0.114619905313978,0.0145357415526099,0.166097571942859,0.897503123429228,0.0751233325101956,0.0739774062817039,0.041719905313978,-0.0502642584473901,-0.233902428057141,-0.0024968765707726,0.000123332510195538,0.205492795226955,0.572289510479808,-0.775683000731329,-0.584756070142853,-0.00277430730085844,0.00164443346927384,0.146191053619566,0.0710966196001509,0.0832987769218272,0.418178272022137,0.0500845803866322,0.0347276552110502,0.40608626005435,1.28547495249733,0.975262271607008,0.0556495337629246,0.463035402814002,0.966583124477861,0.974101921470342,0.970760233918129,0.813700918964077,0.945697577276525,0.948203842940685,0.804511278195489,0.177944862155388,0.00417710944026733,0.0309106098579783,1,0.576441102756892,32.8505863598486,33,0.50138280894142,0.99412197354214,1.00056165631409,0.0067121217211429,0.0270287906763229,7.8378444747893,0.00957023483044161,0.0170222343491798,0.00833131779575999,0.00373140476693838,0.0401002506265664,0.5985,"Cor.Unique"
"13",13,200,0,"vgood",0.6708,"congeneric",0.05,3,3,1,0.125,1,0.2025,0.18,0.1,0.2,"1.097^2;0.98^2;0.95^2;0.93^2;0.91^2;0.89^2;0.87^2;0.85^2",2000,123,"EC_latent",200,1220,0.39,0.411436977069797,0.109695773913617,0.0251193531469481,0.212790800100219,0.90191003519929,0.0756246022914331,0.0514369770697971,0.036795773913617,-0.0396806468530519,-0.187209199899781,0.00191003519928941,0.000624602291433112,0.142880491860548,0.504743126387064,-0.61235566131253,-0.468022999749453,0.00212226133254379,0.00832803055244149,0.124907168307078,0.0655341200331874,0.0712987887524709,0.381740502906433,0.0701747133600712,0.0455626956085477,0.34696435640855,1.10028994988381,0.898959122540294,0.0779719037334124,0.607502608113969,0.980327868852459,0.980327868852459,0.976229508196721,0.848360655737705,0.948360655737705,0.95327868852459,0.895081967213115,0.186885245901639,0.0040983606557377,0.0204918032786885,1,0.376229508196721,39.3173637253641,39,0.490501848603189,0.992833123510851,0.999725444464701,0.0138328028613417,0.0483977340259364,9.04822807307201,0.0110954232999629,0.016380126642965,0.0170040936087729,0.00797917087310046,0.0581967213114754,0.61,"Basic"
"14",14,500,0,"vgood",0.6708,"congeneric",0.05,3,3,1,0.125,1,0.2025,0.18,0.1,0.2,"1.097^2;0.98^2;0.95^2;0.93^2;0.91^2;0.89^2;0.87^2;0.85^2",2000,123,"EC_latent",500,1494,0.253,0.39134366703815,0.0935766967351378,0.0423187507822857,0.294145632681066,0.899835372416975,0.0747679062218492,0.0313436670381499,0.0206766967351378,-0.0224812492177143,-0.105854367318934,-0.00016462758302473,-0.000232093778150789,0.0870657417726385,0.283630956586252,-0.34693285829806,-0.264635918297336,-0.000182919536694144,-0.00309458370867719,0.0846277147909707,0.0445472376496868,0.0471548770530437,0.306379108233619,0.0448497518003404,0.0298583439060645,0.235076985530474,0.727698719954378,0.611073218788571,0.0498330575559337,0.39811125208086,0.975903614457831,0.963855421686747,0.971887550200803,0.870147255689424,0.947791164658635,0.941097724230254,1,0.373493975903614,0.0287817938420348,0.00468540829986613,1,0.724899598393574,39.0173713898561,39,0.502100784175034,0.997264941905632,1.00004274407756,0.00835015767224243,0.0303274287303229,8.96953229447244,0.00439749118976976,0.0064114786564465,0.0106514130483965,0.0045866092953625,0.0589022757697456,0.747,"Basic"
"15",15,800,0,"vgood",0.6708,"congeneric",0.05,3,3,1,0.125,1,0.2025,0.18,0.1,0.2,"1.097^2;0.98^2;0.95^2;0.93^2;0.91^2;0.89^2;0.87^2;0.85^2",2000,123,"EC_latent",800,1639,0.1805,0.380168037565273,0.0861416765106323,0.0502847099376264,0.341009261587258,0.900388632970045,0.0748247555363248,0.0201680375652726,0.0132416765106322,-0.0145152900623736,-0.0589907384127423,0.000388632970045051,-0.000175244463675212,0.0560223265702015,0.181641653095092,-0.224001389851445,-0.147476846031856,0.000431814411161167,-0.00233659284900282,0.0657940492711523,0.0355694900717788,0.03764594409722,0.27703122955246,0.0350277200008087,0.0229347766934426,0.182761247975423,0.580955927426234,0.487921674509997,0.0389196888897875,0.305797022579235,0.974374618669921,0.967053081147041,0.968273337400854,0.901769371568029,0.957291031116534,0.952410006101281,1,0.521659548505186,0.161683953630262,0.0012202562538133,1,0.906040268456376,38.7327999204375,39,0.508616279952067,0.998385372094875,1.00014046527139,0.00639228474796866,0.0239714156694652,8.74251559634387,0.00261795130937117,0.00390950791554145,0.00816729593794897,0.00363263014798952,0.0500305064063453,0.8195,"Basic"
"16",16,200,0.15,"vgood",0.6708,"congeneric",0.05,3,3,1,0.125,1,0.2025,0.18,0.1,0.2,"1.097^2;0.98^2;0.95^2;0.93^2;0.91^2;0.89^2;0.87^2;0.85^2",2000,123,"EC_latent",200,1269,0.3655,0.417219338486994,0.109809098851997,0.0231272255953543,0.211033780481651,0.902311993664086,0.0750697803773449,0.0572193384869934,0.0369090988519966,-0.0416727744046457,-0.188966219518349,0.00231199366408622,6.97803773449266e-05,0.158942606908315,0.506297652290763,-0.643098370442063,-0.472415548795872,0.00256888184898469,0.000930405031265689,0.136328247047708,0.0670280384534471,0.0747959552328977,0.398434873992679,0.0722306462623275,0.0467354493127031,0.378689575132521,1.15425856840892,0.919451830637134,0.0802562736248084,0.623139324169375,0.971631205673759,0.965327029156816,0.969267139479905,0.811662726556344,0.943262411347518,0.940110323089047,0.883372734436564,0.201733648542159,0.000788022064617809,0.0220646178092987,1,0.369582348305753,33.6595882867847,33,0.478589159041461,0.993562047706413,0.998985657311235,0.0149648701083827,0.0457439460396675,8.39942792878197,0.00996889644899285,0.0166562842585228,0.0180122545207379,0.00760750393757315,0.0654058313632782,0.6345,"Cor.Unique"
"17",17,500,0.15,"vgood",0.6708,"congeneric",0.05,3,3,1,0.125,1,0.2025,0.18,0.1,0.2,"1.097^2;0.98^2;0.95^2;0.93^2;0.91^2;0.89^2;0.87^2;0.85^2",2000,123,"EC_latent",500,1528,0.236,0.3882330294688,0.091713733873398,0.0450537104851172,0.316027510200763,0.900767353045438,0.0744657079529157,0.0282330294688003,0.018813733873398,-0.0197462895148828,-0.0839724897992368,0.000767353045437848,-0.000534292047084298,0.0784250818577786,0.258075910471852,-0.304726690044488,-0.209931224498092,0.000852614494930942,-0.00712389396112397,0.0848280148128098,0.0440198121945391,0.0464477058902983,0.308421235171004,0.0455426056079202,0.0294700329815063,0.235633374480027,0.716785584726826,0.603838301708356,0.0506028951199113,0.392933773086751,0.967277486910995,0.960732984293194,0.964005235602094,0.880890052356021,0.943062827225131,0.944371727748691,0.99869109947644,0.395942408376963,0.0569371727748691,0.00458115183246073,1,0.736256544502618,33.3238970613409,33,0.488371868905598,0.997539754743388,0.999776933090022,0.00911034710196787,0.0287754235771618,8.11682304327096,0.00378722879227859,0.00645712486423498,0.0110924779189736,0.00464352621931214,0.0556282722513089,0.764,"Cor.Unique"
"18",18,800,0.15,"vgood",0.6708,"congeneric",0.05,3,3,1,0.125,1,0.2025,0.18,0.1,0.2,"1.097^2;0.98^2;0.95^2;0.93^2;0.91^2;0.89^2;0.87^2;0.85^2",2000,123,"EC_latent",800,1644,0.178,0.376649428918939,0.0849319776781204,0.0523198151439304,0.355742127202505,0.898590478678766,0.0752840545525791,0.0166494289189385,0.0120319776781204,-0.0124801848560696,-0.0442578727974953,-0.00140952132123447,0.00028405455257911,0.0462484136637179,0.165047704775314,-0.192595445309716,-0.110644681993738,-0.00156613480137163,0.00378739403438813,0.0657196409918779,0.0344008843595987,0.0369013866909308,0.276172343174426,0.0355381363563215,0.0225756755106063,0.182554558310772,0.569465843995846,0.471891417827142,0.0394868181736905,0.301009006808084,0.976277372262774,0.973844282238443,0.970802919708029,0.905717761557178,0.950729927007299,0.95316301703163,1,0.521897810218978,0.192822384428224,0.000608272506082725,1,0.905109489051095,32.8422680204151,33,0.502392955613096,0.998602394228422,1.00009623246379,0.0067548384935411,0.0226177481349622,7.96116815501334,0.00222808697290719,0.00395295725422504,0.00845047250913295,0.00367056611554813,0.0395377128953771,0.822,"Cor.Unique"
"19",19,200,0,"poor",0.4,"congeneric",0.05,3,3,1,0.125,1,0.2025,0.18,0.1,0.2,"1.097^2;0.98^2;0.95^2;0.93^2;0.91^2;0.89^2;0.87^2;0.85^2",2000,123,"EC_latent",200,550,0.725,0.48937365454173,0.143225471872051,-0.030003428823281,-0.000920553531353052,0.902561023010368,0.0770729966432308,0.12937365454173,0.070325471872051,-0.094803428823281,-0.400920553531353,0.00256102301036748,0.00207299664323077,0.359371262615915,0.964684113471206,-1.46301587690248,-1.00230138382838,0.00284558112263053,0.027639955243077,0.228208968989322,0.111851248648402,0.136911508452825,0.565815664650236,0.0974571065384776,0.0688540404036633,0.633913802748118,2.11283192056829,1.53431068104804,0.108285673931642,0.918053872048844,0.990909090909091,0.996363636363636,0.996363636363636,0.798181818181818,0.945454545454545,0.949090909090909,0.225454545454545,0.0236363636363636,0,0.0581818181818182,1,0.176363636363636,38.6660244207412,39,0.511181349544086,0.964878616195133,1.01241297654332,0.0126829099250694,0.0582377844172647,8.84439255888221,0.0563807784483767,0.101502998835824,0.0164528032295107,0.00754229840885885,0.0436363636363636,0.275,"Basic"
"20",20,500,0,"poor",0.4,"congeneric",0.05,3,3,1,0.125,1,0.2025,0.18,0.1,0.2,"1.097^2;0.98^2;0.95^2;0.93^2;0.91^2;0.89^2;0.87^2;0.85^2",2000,123,"EC_latent",500,1000,0.5,0.464937108871798,0.125763198779117,-0.00543105736649565,0.0868923931681599,0.900461792094765,0.0738958779025266,0.104937108871798,0.0528631987791167,-0.0702310573664957,-0.31310760683184,0.000461792094765289,-0.0011041220974734,0.291491969088328,0.725146759658665,-1.08381261368049,-0.7827690170796,0.000513102327516988,-0.014721627966312,0.179633097282543,0.085382723300062,0.10391217727845,0.482182768318017,0.0628080577222752,0.0457384652628575,0.498980825784843,1.60358298269212,1.17123077229166,0.069786730802528,0.609846203504767,0.972,0.986,0.98,0.787,0.945,0.946,0.675,0.103,0.003,0.051,1,0.386,39.4394917743951,39,0.489441647098261,0.983199540009585,0.999314315487226,0.00894912654031575,0.0371610565896084,9.09167121002804,0.0255704887904026,0.0377713847092609,0.010921437157035,0.00474847542849673,0.064,0.5,"Basic"
"21",21,800,0,"poor",0.4,"congeneric",0.05,3,3,1,0.125,1,0.2025,0.18,0.1,0.2,"1.097^2;0.98^2;0.95^2;0.93^2;0.91^2;0.89^2;0.87^2;0.85^2",2000,123,"EC_latent",800,1209,0.3955,0.433098352727557,0.113409590837814,0.0145132733599879,0.169907512190031,0.901384438625431,0.0734638700716265,0.0730983527275573,0.0405095908378138,-0.0502867266400121,-0.230092487809969,0.00138443862543067,-0.00153612992837352,0.20305097979877,0.555687117116787,-0.776029732098952,-0.575231219524924,0.00153826513936742,-0.0204817323783136,0.138363644100738,0.0699108125512112,0.082317999059721,0.419066782035074,0.0497025810824383,0.034853595810804,0.384343455835384,1.27033949166236,0.958996056943912,0.0552250900915982,0.464714610810719,0.97601323407775,0.979321753515302,0.973531844499586,0.818031430934657,0.949545078577337,0.949545078577337,0.869313482216708,0.15550041356493,0.00496277915632754,0.0297766749379653,1,0.570719602977667,38.7680117978223,39,0.505442675066861,0.99092816363193,1.00111387265637,0.00640362746225204,0.029214459154852,8.72428513590686,0.0146341763159823,0.0225802777666024,0.00812132727926434,0.00361421830209978,0.0471464019851117,0.6045,"Basic"
"22",22,200,0.15,"poor",0.4,"congeneric",0.05,3,3,1,0.125,1,0.2025,0.18,0.1,0.2,"1.097^2;0.98^2;0.95^2;0.93^2;0.91^2;0.89^2;0.87^2;0.85^2",2000,123,"EC_latent",200,569,0.7155,0.515078033832471,0.144663497042653,-0.0406449971448146,-0.0323385413584868,0.899431651088681,0.0744337248142465,0.155078033832471,0.0717634970426533,-0.105444997144815,-0.432338541358487,-0.000568348911318748,-0.000566275185753468,0.430772316201308,0.984410110324463,-1.62723761025948,-1.08084635339622,-0.000631498790354164,-0.00755033581004623,0.271181179178109,0.113733027013297,0.152304198229755,0.606821580879995,0.0966419230207716,0.0677210043572103,0.753281053272524,2.35037342947153,1.5601238273429,0.107379914467524,0.902946724762804,0.984182776801406,0.994727592267135,0.984182776801406,0.769771528998243,0.963093145869947,0.968365553602812,0.246045694200351,0.0298769771528998,0.00351493848857645,0.0843585237258348,1,0.196836555360281,33.4499478309032,33,0.486498087489635,0.973876964076401,1.00098302668322,0.0146851701506768,0.0545315918457292,8.41790684334397,0.0426280498193627,0.0765222880370864,0.0177911687973998,0.00775803952284634,0.054481546572935,0.2845,"Cor.Unique"
"23",23,500,0.15,"poor",0.4,"congeneric",0.05,3,3,1,0.125,1,0.2025,0.18,0.1,0.2,"1.097^2;0.98^2;0.95^2;0.93^2;0.91^2;0.89^2;0.87^2;0.85^2",2000,123,"EC_latent",500,966,0.517,0.459732114588092,0.122241934830691,-0.00107458518101876,0.10146993721034,0.899466108567346,0.0748317653794618,0.0997321145880921,0.049341934830691,-0.0658745851810188,-0.29853006278966,-0.000533891432654345,-0.000168234620538233,0.277033651633589,0.676844099186433,-1.01658310464535,-0.74632515697415,-0.000593212702949272,-0.00224312827384311,0.182328476399435,0.0823615423364893,0.102246459596517,0.480190484291681,0.063791914408514,0.0458962741130936,0.506467989998431,1.57787746290921,1.12978796072002,0.0708799048983489,0.611950321507914,0.978260869565217,0.987577639751553,0.979296066252588,0.788819875776398,0.949275362318841,0.934782608695652,0.605590062111801,0.104554865424431,0.0020703933747412,0.0393374741200828,1,0.37991718426501,33.1872178042207,33,0.497047065367756,0.989554148346144,0.999693325442725,0.00877968074771439,0.034252280664148,8.15063758993405,0.0167569175309247,0.0283697918942789,0.0111996178268029,0.00475664178097974,0.0559006211180124,0.483,"Cor.Unique"
"24",24,800,0.15,"poor",0.4,"congeneric",0.05,3,3,1,0.125,1,0.2025,0.18,0.1,0.2,"1.097^2;0.98^2;0.95^2;0.93^2;0.91^2;0.89^2;0.87^2;0.85^2",2000,123,"EC_latent",800,1209,0.3955,0.440828079406539,0.115293522784317,0.0107363260002695,0.150549110452276,0.897958926144001,0.0760131510676379,0.0808280794065387,0.0423935227843174,-0.0540636739997305,-0.249450889547724,-0.00204107385599902,0.00101315106763789,0.224522442795941,0.581529804997495,-0.834315956785965,-0.623627223869311,-0.00226785983999891,0.0135086809018385,0.14981560385191,0.0720808969838851,0.0876527046556498,0.430949054346232,0.0495778170983313,0.0349352197336599,0.416154455144194,1.35266519530324,0.988764018983334,0.0550864634425903,0.465802929782132,0.972704714640198,0.974358974358974,0.957816377171216,0.801488833746898,0.949545078577337,0.948717948717949,0.808105872622002,0.180314309346567,0.00413564929693962,0.0471464019851117,1,0.598842018196857,32.6601638859838,33,0.510438932259464,0.994233963708387,1.00098804453081,0.00654451167860717,0.0268300576268271,7.89630031424196,0.00942272471749667,0.0169743761007312,0.00838682316926346,0.00363640987400002,0.0413564929693962,0.6045,"Cor.Unique"
"25",25,200,0,"vgood",0.6708,"tau_eq",0,3,5,1,0.125,1,0.2025,0.18,0.1,0.2,"1.097^2;0.98^2;0.95^2;0.93^2;0.91^2;0.89^2;0.87^2;0.85^2",2000,123,"EC_latent",200,1308,0.346,1.12671854185706,0.292377403777156,0.0851868845868166,0.233518092316364,1.50395586331146,0.124571714122643,0.126718541857059,0.0898774037771565,-0.0948131154131834,-0.166481907683636,0.0039558633114581,-0.000428285877357314,0.126718541857059,0.443839030998304,-0.526739530073241,-0.416204769209091,0.00263724220763873,-0.00342628701885851,0.314145368081119,0.164855310694845,0.175747902442727,0.35827660611536,0.108853953085327,0.0706728032488826,0.314145368081119,0.976377235792928,0.81410029972763,0.072569302056885,0.565382425991061,0.975535168195719,0.964067278287462,0.966360856269113,0.848623853211009,0.954892966360856,0.94954128440367,0.967889908256881,0.246177370030581,0.00229357798165138,0.0160550458715596,1,0.41743119266055,117.575488338844,114,0.437571202551259,0.992965274708269,0.997311063863398,0.013133744100289,0.0528439671507525,15.7875485537394,0.00948195728710114,0.0127545498842652,0.0135694113826723,0.00565481224765642,0.0871559633027523,0.654,"Basic"
"26",26,500,0,"vgood",0.6708,"tau_eq",0,3,5,1,0.125,1,0.2025,0.18,0.1,0.2,"1.097^2;0.98^2;0.95^2;0.93^2;0.91^2;0.89^2;0.87^2;0.85^2",2000,123,"EC_latent",500,1579,0.2105,1.06559146600669,0.244055846903157,0.13409570991256,0.333765931659678,1.49871592299102,0.125157837873833,0.0655914660066891,0.041555846903157,-0.0459042900874399,-0.0662340683403224,-0.00128407700898378,0.000157837873833286,0.0655914660066891,0.205214058781022,-0.255023833819111,-0.165585170850806,-0.000856051339322522,0.00126270299066629,0.207001063463233,0.108175704746319,0.114352696953187,0.292066400747688,0.0707516438613219,0.0452585736818044,0.207001063463233,0.635292760851039,0.534201011092935,0.0471677625742146,0.362068589454435,0.967701076630779,0.965801139962001,0.970234325522483,0.879037365421153,0.946801773274224,0.95060164661178,1,0.445851804939835,0.11589613679544,0.00189993666877771,1,0.793540215326156,115.639516000449,114,0.470141641256098,0.997553450610443,0.999487664567906,0.00731763634924119,0.03309914277544,15.2976804495508,0.00348432120222464,0.00498350418617721,0.00827487827189829,0.0034132222228707,0.0614312856238125,0.7895,"Basic"
"27",27,800,0,"vgood",0.6708,"tau_eq",0,3,5,1,0.125,1,0.2025,0.18,0.1,0.2,"1.097^2;0.98^2;0.95^2;0.93^2;0.91^2;0.89^2;0.87^2;0.85^2",2000,123,"EC_latent",800,1705,0.1475,1.0385206993104,0.228899761590731,0.151101259972592,0.363383067439022,1.50053079912936,0.124605952031958,0.0385206993104051,0.0263997615907312,-0.0288987400274082,-0.0366169325609776,0.000530799129362274,-0.000394047968041873,0.0385206993104051,0.130369193040648,-0.160548555707823,-0.0915423314024441,0.000353866086241516,-0.00315238374433498,0.15705174525181,0.0850980003804935,0.0885704643901887,0.251802443615322,0.0550589303228814,0.0349092137230148,0.15705174525181,0.492058135501048,0.420237038916017,0.0367059535485876,0.279273709784119,0.975953079178886,0.973020527859238,0.96950146627566,0.906158357771261,0.95425219941349,0.955425219941349,1,0.618768328445748,0.279178885630499,0.000586510263929619,1,0.941348973607038,114.292892860304,114,0.492553570794375,0.998656214554709,0.999952730890949,0.00528670510921795,0.0261541445002344,15.0001923372309,0.00202092661392733,0.00305734948187505,0.00624359586737317,0.00274390233846081,0.0486803519061584,0.8525,"Basic"
"28",28,200,0.15,"vgood",0.6708,"tau_eq",0,3,5,1,0.125,1,0.2025,0.18,0.1,0.2,"1.097^2;0.98^2;0.95^2;0.93^2;0.91^2;0.89^2;0.87^2;0.85^2",2000,123,"EC_latent",200,1347,0.3265,1.11665480636925,0.285784800466429,0.0876660430377803,0.240059379358795,1.5078765149334,0.12383939369991,0.11665480636925,0.0832848004664285,-0.0923339569622197,-0.159940620641205,0.00787651493340195,-0.00116060630008993,0.11665480636925,0.411282965266313,-0.512966427567887,-0.399851551603013,0.0052510099556013,-0.00928485040071947,0.313588051047947,0.156889127159665,0.170617825836297,0.357038813376325,0.111210313181367,0.0684758800995683,0.313588051047947,0.947876810201648,0.774761121776122,0.074140208787578,0.547807040796546,0.981440237564959,0.977728285077951,0.974016332590943,0.843355605048255,0.942835931700074,0.956198960653304,0.973273942093541,0.248700816629547,0.00371195248700817,0.00816629547141797,1,0.429844097995546,107.572435778004,104,0.434006812361065,0.993517069468122,0.997061958950061,0.0133337329349651,0.050863265483992,14.8091774358744,0.00881730518476,0.012705730593887,0.0138894363041093,0.00546952974632187,0.0831477357089829,0.6735,"Cor.Unique"
"29",29,500,0.15,"vgood",0.6708,"tau_eq",0,3,5,1,0.125,1,0.2025,0.18,0.1,0.2,"1.097^2;0.98^2;0.95^2;0.93^2;0.91^2;0.89^2;0.87^2;0.85^2",2000,123,"EC_latent",500,1608,0.196,1.0498752020968,0.238269791854703,0.143568677878707,0.35361026751993,1.49961295437974,0.124197300404029,0.0498752020968,0.0357697918547025,-0.036431322121293,-0.0463897324800697,-0.000387045620258126,-0.000802699595970797,0.0498752020968,0.17664094743063,-0.202396234007183,-0.115974331200174,-0.000258030413505417,-0.00642159676776637,0.202540585070541,0.101573011578865,0.107191671937573,0.28199069324829,0.0709055413284034,0.0455003568258221,0.202540585070541,0.59550928854207,0.501595118907975,0.0472703608856023,0.364002854606576,0.968283582089552,0.974502487562189,0.972014925373134,0.907338308457711,0.950248756218905,0.940298507462687,1,0.455845771144279,0.143034825870647,0.00124378109452736,1,0.794776119402985,105.381801173121,104,0.471591569022679,0.997856032469154,0.999542537586087,0.00730181716706259,0.0320296609009089,14.1652639140426,0.00307826479896219,0.0048629658135723,0.00828013349565084,0.00338001273712038,0.0652985074626866,0.804,"Cor.Unique"
"30",30,800,0.15,"vgood",0.6708,"tau_eq",0,3,5,1,0.125,1,0.2025,0.18,0.1,0.2,"1.097^2;0.98^2;0.95^2;0.93^2;0.91^2;0.89^2;0.87^2;0.85^2",2000,123,"EC_latent",800,1727,0.1365,1.02547710910413,0.223437392318054,0.159244073133453,0.38754423923911,1.49762538173105,0.125534069980889,0.0254771091041255,0.0209373923180542,-0.0207559268665473,-0.01245576076089,-0.00237461826894516,0.000534069980888693,0.0254771091041255,0.1033945299657,-0.115310704814152,-0.0311394019022251,-0.00158307884596344,0.00427255984710955,0.157222188475203,0.0826683428226049,0.0866886052920938,0.252437028077419,0.0561542549105804,0.0347166734602203,0.157222188475203,0.481603362733854,0.408238729988172,0.037436169940387,0.277733387681763,0.968152866242038,0.972206137811233,0.972206137811233,0.921250723798494,0.947886508396063,0.951360741169658,1,0.611464968152866,0.35031847133758,0.000579038795599305,1,0.944991314418066,104.187714974137,104,0.495286273520505,0.998772642038393,0.999973565971845,0.0053652837413161,0.0252996037751899,14.3724185566543,0.00185513999024926,0.00307000178114537,0.0064242486055886,0.00272777540937157,0.0486392588303416,0.8635,"Cor.Unique"
"31",31,200,0,"poor",0.4,"tau_eq",0,3,5,1,0.125,1,0.2025,0.18,0.1,0.2,"1.097^2;0.98^2;0.95^2;0.93^2;0.91^2;0.89^2;0.87^2;0.85^2",2000,123,"EC_latent",200,870,0.565,1.27393219886123,0.356382924403435,-0.0180217182099763,0.0964158135889104,1.50509156939759,0.124448495500521,0.273932198861227,0.153882924403435,-0.198021718209976,-0.30358418641109,0.00509156939759433,-0.000551504499479097,0.273932198861227,0.759915676066344,-1.10012065672209,-0.758960466027724,0.00339437959839622,-0.00441203599583278,0.533580249377887,0.254655681019914,0.309711380908084,0.504037709529795,0.140866492929244,0.097619339819771,0.533580249377887,1.72061878282269,1.25755891861686,0.0939109952861624,0.780954718558168,0.985057471264368,0.991954022988506,0.983908045977012,0.78735632183908,0.94367816091954,0.94367816091954,0.525287356321839,0.0666666666666667,0.00229885057471264,0.0471264367816092,1,0.252873563218391,117.457156277573,114,0.440838880630091,0.965933117497803,0.990304459458254,0.0130449274945078,0.0632603290797103,15.9052061793068,0.0451042441031494,0.0661231937998175,0.013622528265682,0.00498910299402523,0.0977011494252874,0.435,"Basic"
"32",32,500,0,"poor",0.4,"tau_eq",0,3,5,1,0.125,1,0.2025,0.18,0.1,0.2,"1.097^2;0.98^2;0.95^2;0.93^2;0.91^2;0.89^2;0.87^2;0.85^2",2000,123,"EC_latent",500,1227,0.3865,1.19743121887466,0.308334052666512,0.0460241078460575,0.176309827567769,1.4992015047415,0.122930696470554,0.197431218874662,0.105834052666512,-0.133975892153942,-0.223690172432231,-0.000798495258498667,-0.00206930352944579,0.197431218874662,0.522637297118577,-0.744310511966347,-0.559225431080577,-0.000532330172332445,-0.0165544282355663,0.373628429632237,0.186723377580924,0.219101790677351,0.408484885817991,0.0889532524844855,0.0620604519961251,0.373628429632237,1.21723217042973,0.922090753486042,0.0593021683229904,0.496483615969001,0.95680521597392,0.969845150774246,0.963325183374083,0.808475957620212,0.943765281173594,0.95680521597392,0.940505297473513,0.208638956805216,0.00407497962510187,0.0309698451507742,1,0.511817440912795,115.69805438704,114,0.468803473368065,0.987551242624311,0.997703057438483,0.00735899920185725,0.0398435608153164,15.1276984908473,0.0176047765984039,0.0257415749068361,0.00821127899892472,0.00293702715391983,0.0578647106764466,0.6135,"Basic"
"33",33,800,0,"poor",0.4,"tau_eq",0,3,5,1,0.125,1,0.2025,0.18,0.1,0.2,"1.097^2;0.98^2;0.95^2;0.93^2;0.91^2;0.89^2;0.87^2;0.85^2",2000,123,"EC_latent",800,1435,0.2825,1.1271200591071,0.28166720697618,0.0889121764605988,0.243902790893396,1.50091490051041,0.123686145173885,0.127120059107099,0.0791672069761799,-0.0910878235394011,-0.156097209106604,0.000914900510412865,-0.0013138548261148,0.127120059107099,0.39094917025274,-0.506043464107784,-0.39024302276651,0.000609933673608577,-0.0105108386089184,0.282053713509789,0.150849907047197,0.165616407232095,0.351507505315033,0.0699669637944198,0.0481041484841224,0.282053713509789,0.920091151289414,0.74493781257875,0.0466446425296132,0.384833187872979,0.963066202090592,0.968641114982578,0.97212543554007,0.852961672473868,0.95191637630662,0.958188153310105,0.994425087108014,0.287108013937282,0.00418118466898955,0.0125435540069686,1,0.715679442508711,114.117792916281,114,0.496580420761382,0.993189151141808,1.00017013227372,0.0052347798589376,0.0313419972406891,15.1078903686224,0.0102956340057267,0.016002085781925,0.00624678683474982,0.00237467397590113,0.0536585365853659,0.7175,"Basic"
"34",34,200,0.15,"poor",0.4,"tau_eq",0,3,5,1,0.125,1,0.2025,0.18,0.1,0.2,"1.097^2;0.98^2;0.95^2;0.93^2;0.91^2;0.89^2;0.87^2;0.85^2",2000,123,"EC_latent",200,896,0.552,1.28000902047319,0.351801951400197,-0.0235970704526919,0.0781839545210479,1.50614133906686,0.125503495656394,0.28000902047319,0.149301951400197,-0.203597070452692,-0.321816045478952,0.00614133906685626,0.00050349565639444,0.28000902047319,0.737293587161466,-1.13109483584829,-0.80454011369738,0.00409422604457084,0.00402796525115552,0.545179119898099,0.24668989203155,0.310468474847639,0.50825918506107,0.146309310174976,0.0968044959732197,0.545179119898099,1.72482486026466,1.21822168904469,0.0975395401166506,0.774435967785758,0.975446428571429,0.989955357142857,0.982142857142857,0.794642857142857,0.9453125,0.949776785714286,0.508928571428571,0.0892857142857143,0.00446428571428571,0.0613839285714286,1,0.261160714285714,107.291310285462,104,0.438010528129213,0.973356591764465,0.990182169349902,0.0133107155475389,0.0602518857561734,14.6982018254473,0.0354748534299951,0.0546714604791404,0.013747285294149,0.00479457397551023,0.0859375,0.448,"Cor.Unique"
"35",35,500,0.15,"poor",0.4,"tau_eq",0,3,5,1,0.125,1,0.2025,0.18,0.1,0.2,"1.097^2;0.98^2;0.95^2;0.93^2;0.91^2;0.89^2;0.87^2;0.85^2",2000,123,"EC_latent",500,1269,0.3655,1.15742049799772,0.302990592846746,0.0674735063216368,0.21047449404785,1.50198823329969,0.122622375305281,0.157420497997721,0.100490592846746,-0.112526493678363,-0.18952550595215,0.00198823329969312,-0.00237762469471896,0.157420497997721,0.496249841218497,-0.625147187102018,-0.473813764880374,0.00132548886646208,-0.0190209975577517,0.365910717948417,0.176418178528739,0.203512444384185,0.394395433355471,0.0901986166943008,0.0612424167443326,0.365910717948417,1.13062469102325,0.871200881623401,0.0601324111295339,0.489939333954661,0.962962962962963,0.972419227738377,0.969267139479905,0.832939322301024,0.951930654058314,0.945626477541371,0.89204097714736,0.19779353821907,0.00551615445232467,0.0283687943262411,1,0.511426319936958,105.508967364239,104,0.46986583197509,0.990499630884788,0.998027594233215,0.00743461551706728,0.038038072477517,14.4154078567518,0.0134028467035166,0.0214614647603704,0.00841901999818284,0.00310853774095072,0.0630417651694247,0.6345,"Cor.Unique"
"36",36,800,0.15,"poor",0.4,"tau_eq",0,3,5,1,0.125,1,0.2025,0.18,0.1,0.2,"1.097^2;0.98^2;0.95^2;0.93^2;0.91^2;0.89^2;0.87^2;0.85^2",2000,123,"EC_latent",800,1425,0.2875,1.10696917243807,0.272638614998022,0.102820917366476,0.273506495128951,1.49576697132062,0.125727510262981,0.106969172438065,0.0701386149980215,-0.0771790826335239,-0.126493504871049,-0.0042330286793838,0.000727510262981446,0.106969172438065,0.346363530854427,-0.428772681297355,-0.316233762177623,-0.0028220191195892,0.00582008210385157,0.282179821351648,0.141523146667938,0.157775136930805,0.341025011092123,0.07242663348866,0.0482342747547274,0.282179821351648,0.876528538504474,0.698879736631793,0.0482844223257733,0.38587419803782,0.970526315789474,0.971929824561404,0.970526315789474,0.858245614035088,0.938947368421053,0.949473684210526,0.988771929824561,0.296842105263158,0.00350877192982456,0.0105263157894737,1,0.729122807017544,104.08384307167,104,0.495507476394217,0.994879954530661,1.00010151561705,0.00532958626436779,0.0299426215306113,14.1788883283366,0.00768137825324224,0.0130790800348694,0.00633526477904782,0.00241589954004651,0.0357894736842105,0.7125,"Cor.Unique"
"37",37,200,0,"vgood",0.6708,"congeneric",0.05,3,5,1,0.125,1,0.2025,0.18,0.1,0.2,"1.097^2;0.98^2;0.95^2;0.93^2;0.91^2;0.89^2;0.87^2;0.85^2",2000,123,"EC_latent",200,1308,0.346,1.12662471569224,0.292399507121456,0.085174642206585,0.233517404717041,1.50400180548515,0.124561341479726,0.126624715692244,0.0898995071214558,-0.094825357793415,-0.166482595282959,0.00400180548514515,-0.000438658520274355,0.126624715692244,0.443948183315831,-0.52680754329675,-0.416206488207397,0.0026678703234301,-0.00350926816219484,0.314163040380276,0.164963282212372,0.17578774002264,0.358276623535342,0.109176618524459,0.0706531277073219,0.314163040380276,0.976598555681333,0.814633492406776,0.0727844123496394,0.565225021658575,0.976299694189602,0.963302752293578,0.966360856269113,0.848623853211009,0.953363914373089,0.951070336391437,0.967889908256881,0.246177370030581,0.00229357798165138,0.0160550458715596,1,0.41743119266055,117.575488338578,114,0.437571202549964,0.992965274708629,0.997311063863595,0.0131337441000239,0.0528439670283624,15.7875485531119,0.00948195728657072,0.012754549883801,0.0135694113822357,0.00565481272706741,0.0871559633027523,0.654,"Basic"
"38",38,500,0,"vgood",0.6708,"congeneric",0.05,3,5,1,0.125,1,0.2025,0.18,0.1,0.2,"1.097^2;0.98^2;0.95^2;0.93^2;0.91^2;0.89^2;0.87^2;0.85^2",2000,123,"EC_latent",500,1579,0.2105,1.06534774809522,0.244001271070608,0.13405797512557,0.333765857399615,1.49869829138631,0.12514322669025,0.0653477480952202,0.0415012710706078,-0.0459420248744298,-0.0662341426003851,-0.00130170861368964,0.000143226690250429,0.0653477480952202,0.204944548496829,-0.25523347152461,-0.165585356500963,-0.000867805742459759,0.00114581352200343,0.207063132681903,0.108142046218811,0.114304980187341,0.292066311317121,0.0709493811515893,0.0452600543032884,0.207063132681903,0.635027667707448,0.534034796142277,0.0472995874343929,0.362080434426308,0.968334388853705,0.965801139962001,0.970234325522483,0.879037365421153,0.944268524382521,0.95060164661178,1,0.445851804939835,0.11589613679544,0.00189993666877771,1,0.793540215326156,115.639516000161,114,0.470141641261247,0.997553450610545,0.999487664567996,0.00731763634907027,0.0330991427377861,15.2976804491672,0.00348432120212349,0.00498350418605558,0.00827487827173147,0.00341322176183408,0.0614312856238125,0.7895,"Basic"
"39",39,800,0,"vgood",0.6708,"congeneric",0.05,3,5,1,0.125,1,0.2025,0.18,0.1,0.2,"1.097^2;0.98^2;0.95^2;0.93^2;0.91^2;0.89^2;0.87^2;0.85^2",2000,123,"EC_latent",800,1705,0.1475,1.03831942123987,0.228859097769197,0.151057269531437,0.363382993669024,1.50050646930614,0.124591975186179,0.0383194212398652,0.0263590977691973,-0.0289427304685627,-0.0366170063309759,0.000506469306140601,-0.000408024813821172,0.0383194212398652,0.130168384045419,-0.16079294704757,-0.0915425158274398,0.000337646204093734,-0.00326419851056938,0.157207553170963,0.0850977685558595,0.0885465516384785,0.251802466708065,0.0550566691278465,0.0349107289904206,0.157207553170963,0.491925286880436,0.42023589410301,0.036704446085231,0.279285831923365,0.974780058651026,0.973607038123167,0.968328445747801,0.906158357771261,0.951319648093842,0.954838709677419,1,0.618768328445748,0.279178885630499,0.000586510263929619,1,0.941348973607038,114.292892859999,114,0.492553570800917,0.998656214554717,0.999952730891009,0.00528670510918947,0.0261541445739509,15.0001923373738,0.00202092661391492,0.00305734948190019,0.0062435958673684,0.00274390232394164,0.0486803519061584,0.8525,"Basic"
"40",40,200,0.15,"vgood",0.6708,"congeneric",0.05,3,5,1,0.125,1,0.2025,0.18,0.1,0.2,"1.097^2;0.98^2;0.95^2;0.93^2;0.91^2;0.89^2;0.87^2;0.85^2",2000,123,"EC_latent",200,1360,0.32,1.11539652475236,0.282985334056004,0.0890335813051424,0.249428628588116,1.50633504952099,0.123986631101037,0.115396524752355,0.0804853340560044,-0.0909664186948576,-0.150571371411883,0.00633504952099238,-0.00101336889896344,0.115396524752355,0.397458439782738,-0.505368992749209,-0.376428428529709,0.00422336634732825,-0.00810695119170749,0.31597867697585,0.159193709488151,0.174201266207166,0.360913782084162,0.109490646209557,0.0683925340159887,0.31597867697585,0.967784812262031,0.786141775250128,0.0729937641397047,0.547140272127909,0.977941176470588,0.966911764705882,0.965441176470588,0.844852941176471,0.942647058823529,0.952941176470588,0.971323529411765,0.249264705882353,0.00588235294117647,0.0110294117647059,1,0.424264705882353,107.115449908341,104,0.440342138628574,0.993673682824781,0.9974658132618,0.0132030987253916,0.050886516261533,14.7840952810077,0.00846976436398509,0.0126865985500374,0.013713812751913,0.00555981226451918,0.0801470588235294,0.68,"Cor.Unique"
"41",41,500,0.15,"vgood",0.6708,"congeneric",0.05,3,5,1,0.125,1,0.2025,0.18,0.1,0.2,"1.097^2;0.98^2;0.95^2;0.93^2;0.91^2;0.89^2;0.87^2;0.85^2",2000,123,"EC_latent",500,1614,0.193,1.05212686896434,0.237703977391295,0.142853809508845,0.354095932825999,1.49889951650871,0.12445007331658,0.0521268689643444,0.0352039773912946,-0.0371461904911549,-0.0459040671740014,-0.00110048349128711,-0.000549926683419991,0.0521268689643444,0.173846801932319,-0.206367724950861,-0.114760167935003,-0.000733655660858072,-0.00439941346735993,0.202943457738295,0.102737421416556,0.108371471721174,0.284735952587995,0.0709121336762096,0.0449602871910799,0.202943457738295,0.602063731784299,0.507345290945957,0.0472747557841397,0.359682297528639,0.968401486988848,0.970260223048327,0.967781908302354,0.898389095415118,0.950433705080545,0.941140024783148,1,0.463444857496902,0.140644361833953,0.00123915737298637,1,0.799256505576208,105.664450381069,104,0.466088735652488,0.997768276950488,0.999447164732596,0.0075616101651947,0.0320716813854797,14.3081969330256,0.00310955383252714,0.00490394223871555,0.00835499279328851,0.00336431434114095,0.0662949194547708,0.807,"Cor.Unique"
"42",42,800,0.15,"vgood",0.6708,"congeneric",0.05,3,5,1,0.125,1,0.2025,0.18,0.1,0.2,"1.097^2;0.98^2;0.95^2;0.93^2;0.91^2;0.89^2;0.87^2;0.85^2",2000,123,"EC_latent",800,1739,0.1305,1.0266505283776,0.2226755479624,0.158526824362264,0.388042712738783,1.49833588950008,0.12536364411934,0.0266505283776041,0.0201755479624005,-0.0214731756377361,-0.0119572872612171,-0.00166411049992458,0.000363644119340363,0.0266505283776041,0.0996323356167926,-0.119295420209645,-0.0298932181530427,-0.00110940699994972,0.0029091529547229,0.157979204693611,0.082688345855417,0.0875611594463921,0.256722378691377,0.0560717446013358,0.034686117021671,0.157979204693611,0.486450885813289,0.408337510397121,0.0373811630675572,0.277488936173368,0.9700977573318,0.971247843588269,0.969522714203565,0.918918918918919,0.94767107533065,0.949396204715354,1,0.614721104082806,0.347326049453709,0,1,0.945945945945946,104.142969276727,104,0.49406358362204,0.998784499763448,0.999985585955885,0.00539564600806656,0.0252705727027309,14.2747799369468,0.00181235119161366,0.00305512776065637,0.00634507871838636,0.00269707407672751,0.0437032777458309,0.8695,"Cor.Unique"
"43",43,200,0,"poor",0.4,"congeneric",0.05,3,5,1,0.125,1,0.2025,0.18,0.1,0.2,"1.097^2;0.98^2;0.95^2;0.93^2;0.91^2;0.89^2;0.87^2;0.85^2",2000,123,"EC_latent",200,870,0.565,1.27397080397297,0.356623774303196,-0.0182357957750978,0.0964144863423833,1.50515009764728,0.124377701104595,0.273970803972968,0.154123774303196,-0.198235795775098,-0.303585513657617,0.00515009764728071,-0.000622298895405252,0.273970803972968,0.761105058287387,-1.10130997652832,-0.758963784144042,0.00343339843152047,-0.00497839116324201,0.534540778398305,0.255759191408143,0.31036978584897,0.504037101545474,0.141590212222179,0.097554551329934,0.534540778398305,1.72427658804983,1.26300835263281,0.094393474814786,0.780436410639472,0.985057471264368,0.991954022988506,0.985057471264368,0.78735632183908,0.950574712643678,0.945977011494253,0.522988505747126,0.0666666666666667,0.00229885057471264,0.0471264367816092,1,0.252873563218391,117.457156278025,114,0.44083888061725,0.965933117497905,0.990304459455685,0.013044927494284,0.0632603291610942,15.9052061794642,0.0451042441040036,0.0661231938000855,0.0136225282658994,0.00498910333366976,0.0977011494252874,0.435,"Basic"
"44",44,500,0,"poor",0.4,"congeneric",0.05,3,5,1,0.125,1,0.2025,0.18,0.1,0.2,"1.097^2;0.98^2;0.95^2;0.93^2;0.91^2;0.89^2;0.87^2;0.85^2",2000,123,"EC_latent",500,1227,0.3865,1.19634003966318,0.307996541306872,0.0459292027739733,0.176308752244895,1.49931383026372,0.122879768531675,0.196340039663179,0.105496541306872,-0.134070797226027,-0.223691247755105,-0.000686169736281357,-0.00212023146832468,0.196340039663179,0.520970574354926,-0.744837762366815,-0.559228119387763,-0.000457446490854238,-0.0169618517465975,0.373492091972922,0.186348589605997,0.218888530015974,0.408484437592289,0.0896600228838681,0.0620972032414142,0.373492091972922,1.21604738897763,0.920239948671591,0.0597733485892454,0.496777625931314,0.95680521597392,0.970660146699266,0.960880195599022,0.808475957620212,0.938875305623472,0.958435207823961,0.940505297473513,0.207823960880196,0.00407497962510187,0.0309698451507742,1,0.511817440912795,115.698054386624,114,0.468803473377945,0.987551242624173,0.997703057439206,0.00735899920207375,0.0398435604142425,15.1276984910837,0.0176047765979875,0.0257415749070188,0.0082112789988765,0.00293702711786805,0.0578647106764466,0.6135,"Basic"
"45",45,800,0,"poor",0.4,"congeneric",0.05,3,5,1,0.125,1,0.2025,0.18,0.1,0.2,"1.097^2;0.98^2;0.95^2;0.93^2;0.91^2;0.89^2;0.87^2;0.85^2",2000,123,"EC_latent",800,1435,0.2825,1.12667437463542,0.281542897037781,0.088874595159827,0.243903284300921,1.50087982905024,0.123664666534575,0.126674374635423,0.079042897037781,-0.091125404840173,-0.156096715699079,0.000879829050243849,-0.00133533346542542,0.126674374635423,0.390335294013733,-0.506252249112072,-0.390241789247699,0.000586552700162566,-0.0106826677234033,0.28220617449811,0.150680995817302,0.165543042671658,0.351507242916638,0.0699946226803241,0.0481258223766768,0.28220617449811,0.9196835703981,0.744103683048404,0.0466630817868827,0.385006579013415,0.963763066202091,0.969337979094077,0.97212543554007,0.852961672473868,0.951219512195122,0.957491289198606,0.994425087108014,0.287108013937282,0.00418118466898955,0.0125435540069686,1,0.715679442508711,114.117792915292,114,0.496580420786001,0.993189151142381,1.00017013227476,0.00523477985802587,0.031341997215274,15.1078903687248,0.0102956340060371,0.0160020857821095,0.00624678683504968,0.00237467395106862,0.0536585365853659,0.7175,"Basic"
"46",46,200,0.15,"poor",0.4,"congeneric",0.05,3,5,1,0.125,1,0.2025,0.18,0.1,0.2,"1.097^2;0.98^2;0.95^2;0.93^2;0.91^2;0.89^2;0.87^2;0.85^2",2000,123,"EC_latent",200,890,0.555,1.2852394507667,0.356298769165584,-0.0266373526503263,0.0620353597771055,1.51000469047763,0.120447531115415,0.285239450766702,0.153798769165584,-0.206637352650326,-0.337964640222894,0.0100046904776269,-0.00455246888458479,0.285239450766702,0.759500094644858,-1.14798529250181,-0.844911600557236,0.00666979365175129,-0.0364197510766783,0.533187840744146,0.24677317906409,0.309373500580171,0.50305508579,0.147073738367364,0.0994845890857654,0.533187840744146,1.71874166988984,1.21863298303255,0.098049158911576,0.795876712686123,0.989887640449438,0.989887640449438,0.98314606741573,0.802247191011236,0.943820224719101,0.948314606741573,0.533707865168539,0.0786516853932584,0.00337078651685393,0.0606741573033708,1,0.246067415730337,107.450623174284,104,0.430616187709612,0.973596445091236,0.989541044240828,0.0133889745564119,0.0604500627805269,14.284081117619,0.0341545882703586,0.0533006042674597,0.0135455719150757,0.00494262386205291,0.0764044943820225,0.445,"Cor.Unique"
"47",47,500,0.15,"poor",0.4,"congeneric",0.05,3,5,1,0.125,1,0.2025,0.18,0.1,0.2,"1.097^2;0.98^2;0.95^2;0.93^2;0.91^2;0.89^2;0.87^2;0.85^2",2000,123,"EC_latent",500,1265,0.3675,1.16896010243203,0.301624006377869,0.0632396152520154,0.205469172842085,1.49743571105133,0.125047205679031,0.168960102432031,0.099124006377869,-0.116760384747985,-0.194530827157915,-0.00256428894867456,4.72056790306203e-05,0.168960102432031,0.489501266063551,-0.64866880415547,-0.486327067894787,-0.00170952596578304,0.000377645432244963,0.368704460143796,0.176195141839605,0.208886986799858,0.395432929763186,0.0908111429511517,0.0639316622602018,0.368704460143796,1.16048325999921,0.870099465874592,0.0605407619674345,0.511453298081615,0.969169960474308,0.973122529644269,0.965217391304348,0.831620553359684,0.94703557312253,0.943873517786561,0.909881422924901,0.197628458498024,0.00632411067193676,0.0316205533596838,1,0.528853754940712,104.905240591118,104,0.481495958822083,0.99119987900675,0.998997640937314,0.00707360996835553,0.0379798476697423,14.3267026150358,0.01291566187299,0.0211351496408502,0.00825942848749019,0.00306456748867025,0.058498023715415,0.6325,"Cor.Unique"
"48",48,800,0.15,"poor",0.4,"congeneric",0.05,3,5,1,0.125,1,0.2025,0.18,0.1,0.2,"1.097^2;0.98^2;0.95^2;0.93^2;0.91^2;0.89^2;0.87^2;0.85^2",2000,123,"EC_latent",800,1409,0.2955,1.11820468999827,0.276915813233424,0.095018426711943,0.26447622859052,1.49622445073836,0.126428931338601,0.118204689998273,0.0744158132334238,-0.084981573288057,-0.13552377140948,-0.00377554926164232,0.00142893133860072,0.118204689998273,0.367485497449006,-0.472119851600317,-0.338809428523699,-0.00251703284109488,0.0114314507088058,0.28883503871526,0.149065443228241,0.167175763670175,0.354645613463249,0.073542141333378,0.0478673073012752,0.28883503871526,0.928754242612085,0.736125645571558,0.049028094222252,0.382938458410202,0.965223562810504,0.95457771469127,0.955997161107168,0.843151171043293,0.941092973740241,0.951738821859475,0.990773598296664,0.319375443577005,0.0056777856635912,0.0163236337828247,1,0.734563520227111,104.64620061769,104,0.48686816028695,0.994581299214991,0.999597757403758,0.00553966006216112,0.0300473516361531,14.3363300609616,0.00800906653644047,0.013212230411328,0.00647454273467341,0.00242320047343024,0.0596167494677076,0.7045,"Cor.Unique"
"49",49,200,0,"vgood",0.6708,"tau_eq",0,5,3,1,0.125,1,0.2025,0.18,0.1,0.2,"1.097^2;0.98^2;0.95^2;0.93^2;0.91^2;0.89^2;0.87^2;0.85^2",2000,123,"EC_latent",200,1931,0.0345,0.363761537975831,0.0731677165549158,0.0634488986696358,0.42058665174499,0.901414061890178,0.0749161210767994,0.00376153797583081,0.000267716554915707,-0.00135110133036422,0.02058665174499,0.00141406189017776,-8.38789232006129e-05,0.01044871659953,0.00367238072586704,-0.0208503291722873,0.0514666293624751,0.00157117987797529,-0.00111838564267484,0.0855982593075826,0.0154546221639292,0.0266053344307815,0.21750936507803,0.0630013011081092,0.0261671576849127,0.237772942521063,0.410576148623172,0.211997560547726,0.0700014456756769,0.348895435798837,0.954427757638529,0.94665976178146,0.972035214914552,0.960642154324184,0.94665976178146,0.951320559295702,0.998964267219058,1,0.619368203003625,0.378042465044019,1,0.81460383221129,121.974196373102,118,0.431771268151499,0.993941438929985,0.99754768137514,0.013215103139029,0.0561066766039289,16.1036513050074,0.00801881117703724,0.0102649287126191,0.0136311219400748,0.00731378015270198,0.0875194199896427,0.9655,"Basic"
"50",50,500,0,"vgood",0.6708,"tau_eq",0,5,3,1,0.125,1,0.2025,0.18,0.1,0.2,"1.097^2;0.98^2;0.95^2;0.93^2;0.91^2;0.89^2;0.87^2;0.85^2",2000,123,"EC_latent",500,1996,0.002,0.361136784705896,0.072790505968541,0.064553314699379,0.412340273674432,0.900060793745248,0.0747416999653421,0.00113678470589604,-0.000109494031459051,-0.000246685300621015,0.0123402736744324,6.07937452479613e-05,-0.000258300034657929,0.00315773529415566,-0.00150197574017903,-0.00380687192316381,0.0308506841860811,6.7548605831068e-05,-0.00344400046210572,0.0567813268909798,0.00995927474796776,0.0175534594820626,0.144357017437833,0.0400779745896007,0.0166417661560135,0.157725908030499,0.270886720402201,0.136615565815744,0.0445310828773342,0.221890215413514,0.947895791583166,0.950400801603206,0.94689378757515,0.956913827655311,0.943887775551102,0.948897795591182,1,1,0.946392785571142,0.904809619238477,1,0.992985971943888,120.201366626287,118,0.460100666301635,0.997900473896888,0.999443689542313,0.00752554749458762,0.0355210521177421,15.3836792984635,0.00292142531045678,0.00394770666506386,0.00818639841848635,0.00437597870836293,0.064128256513026,0.998,"Basic"
"51",51,800,0,"vgood",0.6708,"tau_eq",0,5,3,1,0.125,1,0.2025,0.18,0.1,0.2,"1.097^2;0.98^2;0.95^2;0.93^2;0.91^2;0.89^2;0.87^2;0.85^2",2000,123,"EC_latent",800,2000,0,0.358520701707961,0.0728390816292118,0.0649426334772187,0.410788789047428,0.899006960824104,0.0754010766517506,-0.00147929829203937,-6.09183707882699e-05,0.000142633477218717,0.0107887890474282,-0.00099303917589638,0.000401076651750573,-0.00410916192233157,-0.00083564294634115,0.00220113390769625,0.0269719726185705,-0.00110337686210709,0.00534768869000764,0.0437394626017544,0.0079108463884757,0.0138143673938347,0.113599612162631,0.0311560172246796,0.0130315335837372,0.121498507227096,0.213184682003621,0.10851641136455,0.0346177969163107,0.173753781116496,0.9435,0.942,0.96,0.9525,0.9465,0.957,1,1,0.996,0.993,1,1,118.514313637428,118,0.491652352323416,0.998841491732349,0.999924874933832,0.00527787012081836,0.0279295621873773,15.5352739359783,0.00175363300502814,0.00249876581125491,0.00634884405009606,0.00351629829473521,0.0605,1,"Basic"
"52",52,200,0.15,"vgood",0.6708,"tau_eq",0,5,3,1,0.125,1,0.2025,0.18,0.1,0.2,"1.097^2;0.98^2;0.95^2;0.93^2;0.91^2;0.89^2;0.87^2;0.85^2",2000,123,"EC_latent",200,1912,0.044,0.36189164293409,0.0734228765648864,0.0633672763249942,0.422398499807518,0.90298410031357,0.074435850147741,0.00189164293409016,0.000522876564886295,-0.00143272367500574,0.0223984998075185,0.00298410031356944,-0.000564149852259015,0.00525456370580601,0.00717251803684903,-0.0221099332562614,0.0559962495187962,0.00331566701507716,-0.0075219980301202,0.0896227206882339,0.0156419373695721,0.0272619505079189,0.220759194730131,0.0646224474920181,0.0265359772157436,0.248952001911761,0.420709112776526,0.214567042106613,0.0718027194355756,0.353813029543248,0.953451882845188,0.956066945606695,0.969665271966527,0.947698744769874,0.941422594142259,0.951882845188284,0.994246861924686,1,0.61663179916318,0.313807531380753,1,0.796548117154812,109.233787521623,106,0.441804723268323,0.994757270229996,0.997882907668435,0.013077757106359,0.0541795550910177,15.1094334367968,0.00716267675123391,0.0102888475663125,0.0138405625978707,0.00698253479258094,0.0821129707112971,0.956,"Cor.Unique"
"53",53,500,0.15,"vgood",0.6708,"tau_eq",0,5,3,1,0.125,1,0.2025,0.18,0.1,0.2,"1.097^2;0.98^2;0.95^2;0.93^2;0.91^2;0.89^2;0.87^2;0.85^2",2000,123,"EC_latent",500,1999,5e-04,0.35912242313872,0.0727711137346137,0.0649564454136493,0.417321353893204,0.900604457909804,0.0745167459353799,-0.000877576861279962,-0.000128886265386399,0.00015644541364927,0.0173213538932044,0.000604457909804223,-0.000483254064620109,-0.00243771350355545,-0.00176798717951164,0.00241428107483442,0.0433033847330111,0.00067161989978247,-0.00644338752826812,0.0577305354316154,0.0101337988262987,0.0185075393103076,0.154148850906599,0.0397547687083199,0.0171105784672542,0.160362598421154,0.285610174541784,0.139009586094632,0.0441719652314665,0.228141046230056,0.948474237118559,0.946473236618309,0.937968984492246,0.952976488244122,0.952976488244122,0.948474237118559,1,1,0.935467733866933,0.877938969484742,1,0.986993496748374,108.348512610986,106,0.45472230678743,0.998030748699401,0.999367857576949,0.00790032230562311,0.0343663464421951,14.8157649427804,0.00270954517034953,0.00406152008800911,0.0085124553720862,0.00436318629472459,0.064032016008004,0.9995,"Cor.Unique"
"54",54,800,0.15,"vgood",0.6708,"tau_eq",0,5,3,1,0.125,1,0.2025,0.18,0.1,0.2,"1.097^2;0.98^2;0.95^2;0.93^2;0.91^2;0.89^2;0.87^2;0.85^2",2000,123,"EC_latent",800,2000,0,0.360773883059188,0.0729285180801459,0.0643869196861498,0.406748048080785,0.899472654181574,0.0752615368377303,0.00077388305918801,2.85180801458137e-05,-0.000413080313850172,0.00674804808078477,-0.00052734581842582,0.000261536837730234,0.00214967516441114,0.000391194515031738,-0.00637469620139155,0.0168701202019619,-0.000585939798250911,0.00348715783640312,0.0458394162371665,0.00821334552342516,0.014475118734159,0.118709952927728,0.0315500798977279,0.0134552108074949,0.127331711769907,0.223381461946898,0.112665919388548,0.0350556443308088,0.179402810766599,0.9535,0.9485,0.951,0.945,0.9525,0.957,1,1,0.99,0.9805,1,1,107.049359184214,106,0.478421968389892,0.998903055220595,0.999827340812484,0.00571399269040743,0.0270598834227508,14.6749805107918,0.00160067120183898,0.00251536854871055,0.00651357268209674,0.00345358080647639,0.0565,1,"Cor.Unique"
"55",55,200,0,"poor",0.4,"tau_eq",0,5,3,1,0.125,1,0.2025,0.18,0.1,0.2,"1.097^2;0.98^2;0.95^2;0.93^2;0.91^2;0.89^2;0.87^2;0.85^2",2000,123,"EC_latent",200,1058,0.471,0.405561432777847,0.0767725385187233,0.0486040647369655,0.347842512187954,0.901609370900344,0.0738356034729311,0.0455614327778467,0.00387253851872324,-0.0161959352630345,-0.0521574878120459,0.00160937090034428,-0.0011643965270689,0.126559535494019,0.0531212416834463,-0.249937272577692,-0.130393719530115,0.00178818988927143,-0.0155252870275853,0.142876618422497,0.0252597548167878,0.0452279507501289,0.310459215727791,0.0841720493391711,0.0350758267904665,0.396879495618047,0.697962202934089,0.346498694331794,0.0935244992657457,0.467677690539553,0.988657844990548,0.982041587901701,0.989603024574669,0.928166351606805,0.953686200378072,0.947069943289225,0.685255198487713,0.801512287334594,0.0453686200378072,0,1,0.526465028355388,122.151945779002,118,0.430999055311572,0.975167642482662,0.99093815012724,0.0134755728572987,0.0646689489442952,16.3869366354629,0.0325396312592022,0.0433372836208299,0.0137335760169023,0.00556643166090014,0.0879017013232514,0.529,"Basic"
"56",56,500,0,"poor",0.4,"tau_eq",0,5,3,1,0.125,1,0.2025,0.18,0.1,0.2,"1.097^2;0.98^2;0.95^2;0.93^2;0.91^2;0.89^2;0.87^2;0.85^2",2000,123,"EC_latent",500,1700,0.15,0.373866531508418,0.0739361476600606,0.0603093445759528,0.409476080942168,0.90019751409195,0.0744985045563161,0.0138665315084177,0.00103614766006057,-0.00449065542404719,0.00947608094216769,0.00019751409194971,-0.000501495443683879,0.038518143078938,0.0142132738005565,-0.0693002380254195,0.0236902023554192,0.000219460102166344,-0.00668660591578505,0.0983718734320928,0.0165507194017864,0.0306619369993731,0.250827968211134,0.0537546716314423,0.0217906861309607,0.273255203978036,0.473178040113782,0.227033187953174,0.0597274129238247,0.290542481746143,0.973529411764706,0.978235294117647,0.984117647058824,0.945294117647059,0.948235294117647,0.953529411764706,0.97,0.995882352941176,0.387058823529412,0.00117647058823529,1,0.919411764705882,120.207882254094,118,0.461240213273961,0.991254629805246,0.9978634782013,0.0075360127491925,0.0408040933654452,15.6272744237552,0.0121745704002753,0.0166402861652402,0.0083024023725438,0.00330486524676788,0.0664705882352941,0.85,"Basic"
"57",57,800,0,"poor",0.4,"tau_eq",0,5,3,1,0.125,1,0.2025,0.18,0.1,0.2,"1.097^2;0.98^2;0.95^2;0.93^2;0.91^2;0.89^2;0.87^2;0.85^2",2000,123,"EC_latent",800,1854,0.073,0.362943972107759,0.073402104706531,0.0633465076807116,0.425708789120819,0.898752441167674,0.0755490699076575,0.00294397210775868,0.000502104706530961,-0.00145349231928839,0.0257087891208191,-0.00124755883232584,0.000549069907657435,0.00817770029932967,0.00688758170824363,-0.0224304370260555,0.0642719728020478,-0.00138617648036205,0.00732093210209912,0.0808375215484866,0.0137860377488647,0.0263799220791047,0.229335831095573,0.0415764300642079,0.0171480009556803,0.224548670968018,0.407097562949147,0.18910888544396,0.0461960334046755,0.228640012742404,0.964940668824164,0.959007551240561,0.976267529665588,0.95361380798274,0.95631067961165,0.957389428263215,0.998381877022654,1,0.60571736785329,0.154800431499461,1,0.991909385113269,118.459249488962,118,0.492910159294953,0.995255734993105,0.999794435225978,0.00530383749891211,0.0320898317670273,15.5199750243047,0.00718338283810964,0.0103372951492854,0.00630513445197028,0.00265986234737337,0.0544768069039914,0.927,"Basic"
"58",58,200,0.15,"poor",0.4,"tau_eq",0,5,3,1,0.125,1,0.2025,0.18,0.1,0.2,"1.097^2;0.98^2;0.95^2;0.93^2;0.91^2;0.89^2;0.87^2;0.85^2",2000,123,"EC_latent",200,1040,0.48,0.413948638387779,0.0788907538133633,0.0437114964610036,0.323541513656489,0.900641587633243,0.0763723534133846,0.0539486383877788,0.00599075381336325,-0.0210885035389964,-0.0764584863435107,0.000641587633243211,0.00137235341338453,0.149857328854941,0.082177692913076,-0.325439869428957,-0.191146215858777,0.000712875148048012,0.0182980455117938,0.15874361098926,0.0272892037166553,0.0511650267397043,0.332514640919892,0.0893371675316446,0.0372406650524615,0.440954474970168,0.789583745983092,0.374337499542596,0.0992635194796051,0.496542200699486,0.990384615384615,0.985576923076923,0.9875,0.910576923076923,0.946153846153846,0.938461538461538,0.567307692307692,0.729807692307692,0.0153846153846154,0.00192307692307692,1,0.546153846153846,109.208384034525,106,0.440119682630899,0.981823999241546,0.99339019605957,0.013172735757889,0.0615320026601184,15.0397179576644,0.0247033732364212,0.0369678962586192,0.0136873223953268,0.00541480535259936,0.0798076923076923,0.52,"Cor.Unique"
"59",59,500,0.15,"poor",0.4,"tau_eq",0,5,3,1,0.125,1,0.2025,0.18,0.1,0.2,"1.097^2;0.98^2;0.95^2;0.93^2;0.91^2;0.89^2;0.87^2;0.85^2",2000,123,"EC_latent",500,1632,0.184,0.382032674949543,0.0753054745731414,0.0566723605849557,0.391780847516179,0.898919830187042,0.0748756960039237,0.0220326749495432,0.00240547457314136,-0.00812763941504428,-0.00821915248382119,-0.00108016981295837,-0.000124303996076283,0.0612018748598423,0.0329969077248472,-0.125426534182782,-0.020547881209553,-0.00120018868106485,-0.00165738661435044,0.113269074933028,0.0178776910819428,0.0355397667015002,0.277814568221478,0.0559319289967489,0.0230572474921164,0.31463631925841,0.548453189837966,0.2452358173106,0.0621465877741654,0.307429966561552,0.973039215686274,0.977941176470588,0.97671568627451,0.922794117647059,0.946691176470588,0.946078431372549,0.920955882352941,0.99264705882353,0.307598039215686,0,1,0.903186274509804,107.521445841424,106,0.472240364302927,0.993551675923754,0.998674640148564,0.00740172864580712,0.038767705337813,14.8698271627618,0.00945557646585145,0.014453588802903,0.00842331938913359,0.00341073793079417,0.0637254901960784,0.816,"Cor.Unique"
"60",60,800,0.15,"poor",0.4,"tau_eq",0,5,3,1,0.125,1,0.2025,0.18,0.1,0.2,"1.097^2;0.98^2;0.95^2;0.93^2;0.91^2;0.89^2;0.87^2;0.85^2",2000,123,"EC_latent",800,1842,0.079,0.366750134694174,0.0742691445188039,0.0616888841571064,0.419195697286059,0.899959797795301,0.0752143358979317,0.00675013469417361,0.00136914451880384,-0.0031111158428936,0.0191956972860586,-4.02022046988901e-05,0.000214335897931713,0.0187503741504823,0.018781131945183,-0.0480110469582346,0.0479892432151465,-4.46691163321002e-05,0.00285781197242284,0.0922698892370531,0.0148623138817468,0.0296015830980898,0.24851040790134,0.0427311259786458,0.0175112820990365,0.256305247880703,0.456814553982867,0.203872618405305,0.047479028865162,0.233483761320487,0.960369163952226,0.973398479913138,0.973941368078176,0.939196525515744,0.956026058631922,0.95656894679696,0.98914223669924,1,0.520086862106406,0.0282301845819761,1,0.992942453854506,106.476692644463,106,0.489949157430767,0.996249884997551,0.99977525482024,0.00556001140710146,0.0305969034627595,14.8004701794291,0.00552237528690375,0.00897955922088687,0.00648370476181715,0.00270830180287086,0.0580890336590662,0.921,"Cor.Unique"
"61",61,200,0,"vgood",0.6708,"congeneric",0.05,5,3,1,0.125,1,0.2025,0.18,0.1,0.2,"1.097^2;0.98^2;0.95^2;0.93^2;0.91^2;0.89^2;0.87^2;0.85^2",2000,123,"EC_latent",200,1931,0.0345,0.363713649601138,0.0731574468552823,0.0634453948137947,0.420586534197472,0.901445974235479,0.0749110126952889,0.00371364960113762,0.000257446855282228,-0.00135460518620524,0.0205865341974722,0.00144597423547858,-8.89873047111418e-05,0.0103156933364934,0.0035315069311691,-0.0209044010216858,0.0514663354936805,0.00160663803942065,-0.00118649739614856,0.0856006226978599,0.0154627706678876,0.0266163344465792,0.217509305318204,0.0631243367100086,0.0261709807357304,0.237779507494055,0.410745901953383,0.21210933700806,0.0701381519000095,0.348946409809739,0.953909891248058,0.944588296219575,0.972035214914552,0.960642154324184,0.947177628171932,0.951320559295702,0.998964267219058,1,0.618850336613154,0.378042465044019,1,0.81460383221129,121.974196373083,118,0.431771268151853,0.993941438929986,0.997547681375153,0.0132151031390409,0.0561066768308629,16.1036513050251,0.00801881117703504,0.0102649287126302,0.0136311219400631,0.00731378095744521,0.0875194199896427,0.9655,"Basic"
"62",62,500,0,"vgood",0.6708,"congeneric",0.05,5,3,1,0.125,1,0.2025,0.18,0.1,0.2,"1.097^2;0.98^2;0.95^2;0.93^2;0.91^2;0.89^2;0.87^2;0.85^2",2000,123,"EC_latent",500,1996,0.002,0.361042517545294,0.0727723784777595,0.0645361331370288,0.412340230502353,0.900030176040441,0.0747311218234024,0.00104251754529449,-0.000127621522240602,-0.000263866862971194,0.0123402305023526,3.01760404408637e-05,-0.000268878176597578,0.00289588207026248,-0.001750638165166,-0.00407201949029621,0.0308505762558816,3.35289338231818e-05,-0.00358504235463437,0.0567698046025591,0.00996657211796573,0.0175462470011766,0.144357023119114,0.0401764204759435,0.0166360668226594,0.157693901673775,0.270775416684824,0.13671566691311,0.0446404671954927,0.221814224302126,0.94689378757515,0.949899799599198,0.945891783567134,0.956913827655311,0.945390781563126,0.948897795591182,1,1,0.946392785571142,0.904809619238477,1,0.992985971943888,120.201366626274,118,0.460100666301869,0.997900473896888,0.999443689542316,0.00752554749457735,0.035521052575521,15.3836792984867,0.00292142531045931,0.00394770666506942,0.00818639841849683,0.00437597873890329,0.064128256513026,0.998,"Basic"
"63",63,800,0,"vgood",0.6708,"congeneric",0.05,5,3,1,0.125,1,0.2025,0.18,0.1,0.2,"1.097^2;0.98^2;0.95^2;0.93^2;0.91^2;0.89^2;0.87^2;0.85^2",2000,123,"EC_latent",800,2000,0,0.358487193598366,0.0728321296244762,0.0649329166123798,0.410788739986332,0.899052742001995,0.075397361074675,-0.00151280640163378,-6.7870375523893e-05,0.000132916612379828,0.0107887399863323,-0.000947257998005203,0.000397361074674953,-0.00420224000453829,-0.000931006522961494,0.00205118228981216,0.0269718499658309,-0.00105250888667245,0.0052981476623327,0.0438349221749941,0.0079279059201377,0.0138043870160072,0.113599607958881,0.0311526015391949,0.0130361309385864,0.121763672708317,0.213030663827271,0.10875042414455,0.0346140017102166,0.173815079181152,0.944,0.941,0.959,0.9525,0.9485,0.957,1,1,0.996,0.993,1,1,118.514313637415,118,0.491652352323872,0.99884149173235,0.999924874933834,0.00527787012080901,0.0279295622844248,15.5352739359805,0.00175363300503174,0.00249876581125569,0.00634884405009492,0.00351629850737213,0.0605,1,"Basic"
"64",64,200,0.15,"vgood",0.6708,"congeneric",0.05,5,3,1,0.125,1,0.2025,0.18,0.1,0.2,"1.097^2;0.98^2;0.95^2;0.93^2;0.91^2;0.89^2;0.87^2;0.85^2",2000,123,"EC_latent",200,1923,0.0385,0.361086585020127,0.0733887743151786,0.0634975263172173,0.425191779203646,0.903300758091083,0.0743527711755249,0.00108658502012656,0.000488774315178514,-0.00130247368278272,0.025191779203646,0.00330075809108314,-0.000647228824475138,0.00301829172257378,0.00670472311630334,-0.020099902512079,0.0629794480091151,0.00366750899009238,-0.0086297176596685,0.0904041709900118,0.0158143831991846,0.0275028246682925,0.224103783590433,0.0647964188596641,0.026276036156855,0.251122697194477,0.424426306609452,0.216932554172628,0.0719960209551823,0.350347148758066,0.949037961518461,0.952678107124285,0.960998439937597,0.951118044721789,0.944877795111804,0.950598023920957,0.99219968798752,1,0.625585023400936,0.329173166926677,1,0.801352054082163,109.531410515296,106,0.436989107247493,0.994642354150102,0.997691458684776,0.0132105328693989,0.0543861100986696,15.1239665330818,0.00721597850975304,0.010274706971369,0.014012245038097,0.00705990127349733,0.0889235569422777,0.9615,"Cor.Unique"
"65",65,500,0.15,"vgood",0.6708,"congeneric",0.05,5,3,1,0.125,1,0.2025,0.18,0.1,0.2,"1.097^2;0.98^2;0.95^2;0.93^2;0.91^2;0.89^2;0.87^2;0.85^2",2000,123,"EC_latent",500,1996,0.002,0.358864595835348,0.0727667576667872,0.0649561825775876,0.417676037489544,0.900505610031276,0.0745121947801571,-0.00113540416465194,-0.000133242333212842,0.000156182577587621,0.0176760374895437,0.00050561003127588,-0.000487805219842929,-0.0031539004573665,-0.00182774119633528,0.00241022496277193,0.0441900937238594,0.000561788923639867,-0.00650406959790572,0.0578071121538817,0.0102017606123855,0.0184375320098223,0.153651943344165,0.0403272012363788,0.0170561305287892,0.16057531153856,0.284529814966394,0.139941846534781,0.0448080013737542,0.227415073717189,0.953406813627255,0.950901803607214,0.94689378757515,0.960420841683367,0.950400801603206,0.94689378757515,1,1,0.935871743486974,0.876753507014028,1,0.98997995991984,108.090321397464,106,0.46036926070625,0.998085648268002,0.999441795298199,0.00767895701261634,0.0342432702096179,14.7724149078106,0.00269405204493325,0.00404693981195592,0.00850106759403811,0.00435148046004952,0.064128256513026,0.998,"Cor.Unique"
"66",66,800,0.15,"vgood",0.6708,"congeneric",0.05,5,3,1,0.125,1,0.2025,0.18,0.1,0.2,"1.097^2;0.98^2;0.95^2;0.93^2;0.91^2;0.89^2;0.87^2;0.85^2",2000,123,"EC_latent",800,2000,0,0.360224622346349,0.0729290554775209,0.0645538607471732,0.40819087926693,0.899333093534672,0.0752690652176126,0.000224622346349401,2.90554775208196e-05,-0.000246139252826768,0.00819087926692994,-0.000666906465328387,0.000269065217612595,0.00062395096208167,0.000398566221136071,-0.00379844525967235,0.0204771981673249,-0.000741007183698207,0.00358753623483459,0.0461988312529828,0.00826085528210989,0.0143327743653065,0.118327844890403,0.0316743486540804,0.0134536584975188,0.128330086813841,0.221184789588063,0.113317630755965,0.035193720726756,0.179382113300251,0.9525,0.944,0.95,0.954,0.951,0.9555,1,1,0.9895,0.9835,1,1,106.478672384997,106,0.489481706685722,0.998946311810199,0.999926887011982,0.00548764761541972,0.0270302435106189,14.8578114045836,0.00158311182847088,0.00253985918381258,0.00649602620680303,0.00345151446387379,0.056,1,"Cor.Unique"
"67",67,200,0,"poor",0.4,"congeneric",0.05,5,3,1,0.125,1,0.2025,0.18,0.1,0.2,"1.097^2;0.98^2;0.95^2;0.93^2;0.91^2;0.89^2;0.87^2;0.85^2",2000,123,"EC_latent",200,1058,0.471,0.405740161108544,0.076798344031166,0.0485720963997212,0.347841374707175,0.901559038085078,0.0738451050270844,0.0457401611085436,0.00389834403116595,-0.0162279036002788,-0.0521586252928252,0.00155903808507761,-0.00115489497291558,0.127056003079288,0.0534752267649649,-0.250430611115413,-0.130396563232063,0.00173226453897513,-0.0153985996388744,0.143513882747843,0.0253624317428022,0.045227115755674,0.310459150523837,0.0846503533968181,0.0351135206930688,0.398649674299565,0.697949317217191,0.347907156965736,0.0940559482186867,0.468180275907584,0.99054820415879,0.983931947069943,0.989603024574669,0.928166351606805,0.950850661625709,0.947069943289225,0.685255198487713,0.800567107750473,0.0453686200378072,0,1,0.525519848771267,122.151945778079,118,0.430999055325361,0.975167642484734,0.990938150129615,0.0134755728565991,0.0646689492121149,16.3869366349461,0.0325396312570995,0.0433372836193463,0.0137335760165202,0.00556643313065696,0.0879017013232514,0.529,"Basic"
"68",68,500,0,"poor",0.4,"congeneric",0.05,5,3,1,0.125,1,0.2025,0.18,0.1,0.2,"1.097^2;0.98^2;0.95^2;0.93^2;0.91^2;0.89^2;0.87^2;0.85^2",2000,123,"EC_latent",500,1700,0.15,0.373617231895449,0.0738946076363504,0.0602801954823647,0.409475504418552,0.900150165453874,0.0744750702033788,0.0136172318954493,0.000994607636350334,-0.0045198045176353,0.00947550441855155,0.00015016545387427,-0.000524929796621192,0.0378256441540259,0.0136434518017878,-0.0697500697165942,0.0236887610463789,0.000166850504304745,-0.00699906395494922,0.098183774339402,0.0165573361451857,0.0306570126960358,0.250828109398407,0.0540694111070073,0.0217786479387936,0.272732706498339,0.473102047778331,0.227123952608857,0.0600771234522304,0.290381972517247,0.973529411764706,0.978823529411765,0.984705882352941,0.945294117647059,0.945882352941177,0.955882352941177,0.97,0.995882352941176,0.387058823529412,0.00117647058823529,1,0.919411764705882,120.207882253589,118,0.461240213284116,0.991254629805634,0.997863478201869,0.00753601274888722,0.0408040932182802,15.627274423851,0.0121745704002444,0.0166402861653253,0.00830240237249844,0.00330486468679428,0.0664705882352941,0.85,"Basic"
"69",69,800,0,"poor",0.4,"congeneric",0.05,5,3,1,0.125,1,0.2025,0.18,0.1,0.2,"1.097^2;0.98^2;0.95^2;0.93^2;0.91^2;0.89^2;0.87^2;0.85^2",2000,123,"EC_latent",800,1854,0.073,0.362930424261902,0.0733971195014742,0.0633319236332593,0.42570823440158,0.898827205691156,0.0755466159744914,0.00293042426190172,0.000497119501474101,-0.00146807636674063,0.0257082344015805,-0.00117279430884418,0.000546615974491395,0.00814006739417144,0.00681919755108506,-0.0226554994867382,0.0642705860039513,-0.00130310478760465,0.0072882129932186,0.0810463639142001,0.0138185872902188,0.0263693986443867,0.229335789003664,0.0415937202979911,0.0171600358063848,0.225128788650556,0.406935164265227,0.189555381210134,0.0462152447755456,0.228800477418464,0.967098166127292,0.960625674217907,0.977346278317152,0.95361380798274,0.957389428263215,0.956850053937433,0.998381877022654,1,0.60571736785329,0.154800431499461,1,0.991909385113269,118.459249487689,118,0.492910159317138,0.99525573499361,0.999794435226823,0.00530383749859664,0.0320898311096973,15.5199750241793,0.00718338283768685,0.0103372951491755,0.0063051344516763,0.00265986203053598,0.0544768069039914,0.927,"Basic"
"70",70,200,0.15,"poor",0.4,"congeneric",0.05,5,3,1,0.125,1,0.2025,0.18,0.1,0.2,"1.097^2;0.98^2;0.95^2;0.93^2;0.91^2;0.89^2;0.87^2;0.85^2",2000,123,"EC_latent",200,1036,0.482,0.412983079319925,0.0788815323092995,0.0445929743591546,0.325568748848951,0.899758822746313,0.075969308107311,0.0529830793199245,0.00598153230929939,-0.0202070256408454,-0.0744312511510489,-0.000241177253686846,0.000969308107310971,0.147175220333124,0.0820511976584277,-0.311836815445145,-0.186078127877622,-0.000267974726318718,0.0129241080974796,0.158668394600432,0.0268670826039401,0.0492236990092165,0.325746142146284,0.0873745607645877,0.0358365677961666,0.440745540556755,0.759624984710132,0.368547086473801,0.0970828452939864,0.477820903948888,0.99034749034749,0.986486486486487,0.991312741312741,0.926640926640927,0.954633204633205,0.94980694980695,0.560810810810811,0.74034749034749,0.0222007722007722,0.00193050193050193,1,0.547297297297297,109.168648549018,106,0.43984061259165,0.982087356798674,0.993376868399998,0.0129288735157903,0.0615048661162033,14.7520107012396,0.0241027029408396,0.0360450165475454,0.0137430582704896,0.0054002506367876,0.0801158301158301,0.518,"Cor.Unique"
"71",71,500,0.15,"poor",0.4,"congeneric",0.05,5,3,1,0.125,1,0.2025,0.18,0.1,0.2,"1.097^2;0.98^2;0.95^2;0.93^2;0.91^2;0.89^2;0.87^2;0.85^2",2000,123,"EC_latent",500,1651,0.1745,0.381814404523535,0.0749404900054287,0.0573945517632399,0.394139236110438,0.900045009820621,0.0742761334878417,0.0218144045235352,0.00204049000542864,-0.00740544823676007,-0.00586076388956178,4.50098206212052e-05,-0.000723866512158297,0.0605955681209312,0.0279902607054683,-0.114281608591976,-0.0146519097239045,5.0010911801339e-05,-0.00965155349544395,0.108875949773759,0.0183562415869788,0.0347218309994157,0.268574598437221,0.0575452038751213,0.0230991204652753,0.302433193815997,0.535830725299624,0.251800296117678,0.0639391154168015,0.307988272870337,0.980012113870382,0.975772259236826,0.980617807389461,0.931556632344034,0.9442761962447,0.950938824954573,0.929133858267717,0.988491823137492,0.304663840096911,0.00181708055723804,1,0.89763779527559,107.52945194336,106,0.471690553183631,0.993568293853644,0.998669846445067,0.00742135257472763,0.0387765447922385,14.6221043452802,0.00920786091985201,0.0141845334503714,0.00839837833414499,0.00330632894507063,0.0593579648697759,0.8255,"Cor.Unique"
"72",72,800,0.15,"poor",0.4,"congeneric",0.05,5,3,1,0.125,1,0.2025,0.18,0.1,0.2,"1.097^2;0.98^2;0.95^2;0.93^2;0.91^2;0.89^2;0.87^2;0.85^2",2000,123,"EC_latent",800,1825,0.0875,0.370626197892626,0.0743704753898068,0.0604276069712923,0.40730985618643,0.899100740565233,0.0753182365572437,0.0106261978926264,0.00147047538980675,-0.00437239302870773,0.00730985618642979,-0.000899259434767556,0.000318236557243728,0.0295172163684068,0.0201711301756756,-0.0674752010603045,0.0182746404660745,-0.000999177149741729,0.00424315409658305,0.0890736111363143,0.0153430492824604,0.0291682850745733,0.242332705107602,0.0444537313275456,0.0180816798760865,0.247426697600873,0.450127856089095,0.210467068346507,0.049393034808384,0.241089065014487,0.974246575342466,0.961095890410959,0.972602739726027,0.932054794520548,0.950684931506849,0.951780821917808,0.992328767123288,1,0.49972602739726,0.0252054794520548,1,0.984657534246575,106.550162787043,106,0.490156540859063,0.996324772724303,0.999738368107917,0.00544596509327259,0.0306699519343889,14.5936626890569,0.0055738419596561,0.00884582747830692,0.00647485813989869,0.00267889268276022,0.0558904109589041,0.9125,"Cor.Unique"
"73",73,200,0,"vgood",0.6708,"tau_eq",0,5,5,1,0.125,1,0.2025,0.18,0.1,0.2,"1.097^2;0.98^2;0.95^2;0.93^2;0.91^2;0.89^2;0.87^2;0.85^2",2000,123,"EC_latent",200,1977,0.0115,1.00185566655895,0.202343499772544,0.17960221371478,0.423994712381942,1.50368772346959,0.124445319820054,0.00185566655895163,-0.000156500227455814,-0.000397786285220295,0.0239947123819418,0.00368772346959213,-0.00055468017994642,0.00185566655895163,-0.000772840629411429,-0.00220992380677942,0.0599867809548544,0.00245848231306142,-0.00443744143957136,0.217037305019349,0.0393320260059349,0.0662340606908876,0.19568952615778,0.0993401757133603,0.0419563036671418,0.217037305019349,0.367967003838264,0.194232227189802,0.0662267838089069,0.335650429337134,0.943854324734446,0.945877592311583,0.955993930197269,0.96560445118867,0.945371775417299,0.94790085988872,1,1,0.761254425897825,0.596358118361153,1,0.848760748609004,343.76762347525,327,0.324941907669802,0.992619160238349,0.994547348983766,0.0141408788770846,0.0578574648715365,26.741674092621,0.00762212943617235,0.00874231120816873,0.0108172524798311,0.00591246490976955,0.157814871016692,0.9885,"Basic"
"74",74,500,0,"vgood",0.6708,"tau_eq",0,5,5,1,0.125,1,0.2025,0.18,0.1,0.2,"1.097^2;0.98^2;0.95^2;0.93^2;0.91^2;0.89^2;0.87^2;0.85^2",2000,123,"EC_latent",500,1999,5e-04,1.00309500961041,0.202316738829949,0.179041987040499,0.407679087378694,1.49982689495919,0.124718211235247,0.00309500961041435,-0.000183261170050552,-0.000958012959501266,0.0076790873786937,-0.000173105040806525,-0.000281788764752911,0.00309500961041435,-0.000904993432348405,-0.00532229421945148,0.0191977184467343,-0.000115403360537683,-0.00225431011802328,0.141428591041883,0.0248228462921418,0.0434699085962549,0.12381107262947,0.0630316388937905,0.0262731730099512,0.141428591041883,0.241499492201416,0.122581956998231,0.0420210925958603,0.21018538407961,0.941470735367684,0.944472236118059,0.948974487243622,0.953476738369185,0.944972486243122,0.948474237118559,1,1,0.982991495747874,0.967983991995998,1,0.996498249124562,334.21597001278,327,0.419881918094661,0.997964616162049,0.999054783902666,0.00665602389157019,0.0365354095942957,25.8725733787378,0.00257225909449382,0.00341829491236406,0.00650112681644797,0.00359282680287037,0.0805402701350675,0.9995,"Basic"
"75",75,800,0,"vgood",0.6708,"tau_eq",0,5,5,1,0.125,1,0.2025,0.18,0.1,0.2,"1.097^2;0.98^2;0.95^2;0.93^2;0.91^2;0.89^2;0.87^2;0.85^2",2000,123,"EC_latent",800,2000,0,0.996751992603412,0.202764040270614,0.179487952067165,0.405491847543747,1.4988582800296,0.12549690921894,-0.00324800739658845,0.000264040270614083,-0.00051204793283481,0.00549184754374679,-0.00114171997040433,0.000496909218939895,-0.00324800739658845,0.00130390257093374,-0.00284471073797117,0.013729618859367,-0.000761146646936217,0.00397527375151916,0.108095114989684,0.0195836208779398,0.0338312573201596,0.0961577705016214,0.0492872532853176,0.0207736992427809,0.108095114989684,0.187951429556442,0.0967092389034064,0.0328581688568784,0.166189593942247,0.945,0.941,0.9495,0.9455,0.946,0.9565,1,1,0.999,0.9985,1,1,330.69759971397,327,0.460706246192513,0.998888359565559,0.999698751413115,0.00463932046186128,0.0287942958647421,26.1802973990723,0.00153537837793889,0.00216897875008646,0.00506860260278983,0.00277520210079324,0.075,1,"Basic"
"76",76,200,0.15,"vgood",0.6708,"tau_eq",0,5,5,1,0.125,1,0.2025,0.18,0.1,0.2,"1.097^2;0.98^2;0.95^2;0.93^2;0.91^2;0.89^2;0.87^2;0.85^2",2000,123,"EC_latent",200,1972,0.014,0.996659348263586,0.201946640081453,0.181225338584887,0.42984628023547,1.50368054726346,0.124611990037259,-0.00334065173641444,-0.000553359918546975,0.00122533858488741,0.0298462802354701,0.00368054726345686,-0.000388009962741368,-0.00334065173641444,-0.00273264157307148,0.00680743658270784,0.0746157005886752,0.00245369817563791,-0.00310407970193094,0.219675754735183,0.0396204068973109,0.0679572881516251,0.199326063289926,0.101104660352272,0.0421886347045742,0.219675754735183,0.37754048973125,0.195656330357091,0.0674031069015145,0.337509077636594,0.943711967545639,0.949797160243408,0.952839756592292,0.956896551724138,0.943204868154158,0.947768762677485,1,1,0.752028397565923,0.58367139959432,1,0.840770791075051,323.262158859916,307,0.325986269338061,0.992973046742735,0.994555424513053,0.0145163295168701,0.0566452427432672,26.0726122339725,0.00709338037976512,0.00879728013865392,0.0110251912542492,0.00577445988581074,0.160243407707911,0.986,"Cor.Unique"
"77",77,500,0.15,"vgood",0.6708,"tau_eq",0,5,5,1,0.125,1,0.2025,0.18,0.1,0.2,"1.097^2;0.98^2;0.95^2;0.93^2;0.91^2;0.89^2;0.87^2;0.85^2",2000,123,"EC_latent",500,2000,0,0.99982205902093,0.20198583654217,0.180203815415689,0.410950394147317,1.50056128619925,0.124444694836402,-0.000177940979069751,-0.000514163457829666,0.000203815415688644,0.0109503941473171,0.000561286199247459,-0.000555305163598446,-0.000177940979069751,-0.00253907880409711,0.00113230786493691,0.0273759853682928,0.000374190799498306,-0.00444244130878757,0.141131722009629,0.0247060359575716,0.0432652142322959,0.123141584669036,0.0627979126823469,0.0268605448412987,0.141131722009629,0.240362301290533,0.12200511583986,0.0418652751215646,0.214884358730389,0.9435,0.947,0.947,0.956,0.954,0.9485,1,1,0.984,0.965,1,0.995,314.000798884844,307,0.421405323895454,0.998075303347641,0.999056367474536,0.00682019997232405,0.0357565281914577,25.2700865046236,0.00244532461611949,0.00344661284415103,0.00660474525605465,0.00350700363700496,0.085,1,"Cor.Unique"
"78",78,800,0.15,"vgood",0.6708,"tau_eq",0,5,5,1,0.125,1,0.2025,0.18,0.1,0.2,"1.097^2;0.98^2;0.95^2;0.93^2;0.91^2;0.89^2;0.87^2;0.85^2",2000,123,"EC_latent",800,2000,0,0.999607757275167,0.202517356599854,0.179404250571207,0.405261172915942,1.49883400592967,0.125507591229263,-0.00039224272483325,1.73565998537553e-05,-0.000595749428793262,0.00526117291594252,-0.00116599407032693,0.000507591229263223,-0.00039224272483325,8.57116042160755e-05,-0.00330971904885145,0.0131529322898563,-0.000777329380217954,0.00406072983410578,0.110348318919228,0.0201729862186678,0.0345050535176871,0.0976648862411809,0.0499186985636497,0.0211904677989663,0.110348318919228,0.191694741764929,0.0996196850304581,0.0332791323757665,0.16952374239173,0.9495,0.944,0.95,0.956,0.9485,0.9535,1,1,0.999,0.9985,1,1,310.569153851927,307,0.459389086153981,0.998950956960578,0.999699448125919,0.00480059549508264,0.0282330553509957,25.502013627597,0.00143261859637122,0.00217760834846174,0.00509632054037143,0.00280352166818005,0.0725,1,"Cor.Unique"
"79",79,200,0,"poor",0.4,"tau_eq",0,5,5,1,0.125,1,0.2025,0.18,0.1,0.2,"1.097^2;0.98^2;0.95^2;0.93^2;0.91^2;0.89^2;0.87^2;0.85^2",2000,123,"EC_latent",200,1578,0.211,1.07633868273995,0.208889784879928,0.15692889336546,0.383074385048014,1.50333583513373,0.123922218501015,0.0763386827399511,0.00638978487992827,-0.0230711066345399,-0.0169256149519856,0.00333583513373075,-0.00107778149898532,0.0763386827399511,0.0315544932342137,-0.128172814636333,-0.0423140373799639,0.00222389008915383,-0.0086222519918826,0.322423410308715,0.0562548943133222,0.0979239196778034,0.267215592571805,0.122243474594344,0.0516580741438013,0.322423410308715,0.544021775987797,0.277801947226283,0.0814956497295625,0.413264593150411,0.973384030418251,0.97148288973384,0.987325728770596,0.94233206590621,0.951204055766793,0.947401774397972,0.920152091254753,0.976552598225602,0.259822560202788,0.00443599493029151,1,0.662230671736375,343.517038234886,327,0.327470071261509,0.972282509522456,0.980001268119103,0.0140568915920628,0.0663572134113794,26.7230784101854,0.0283702264479456,0.0334834437197749,0.0108255511310533,0.00382838583658925,0.159695817490494,0.789,"Basic"
"80",80,500,0,"poor",0.4,"tau_eq",0,5,5,1,0.125,1,0.2025,0.18,0.1,0.2,"1.097^2;0.98^2;0.95^2;0.93^2;0.91^2;0.89^2;0.87^2;0.85^2",2000,123,"EC_latent",500,1919,0.0405,1.01781631558645,0.204003811045066,0.173904952859617,0.413657684316625,1.49992797607029,0.124633873505355,0.0178163155864536,0.0015038110450659,-0.00609504714038259,0.013657684316625,-7.20239297110646e-05,-0.000366126494645273,0.0178163155864536,0.0074262273830415,-0.0338613730021255,0.0341442107915624,-4.80159531407098e-05,-0.00292901195716219,0.21945263771328,0.0379764560878118,0.0700296921895343,0.212008622313873,0.078247563121508,0.0320296141960251,0.21945263771328,0.389053845497413,0.187538054754626,0.0521650420810053,0.256236913568201,0.963001563314226,0.958311620635748,0.969254820218864,0.945284002084419,0.946847316310578,0.945805106826472,0.999478895257947,1,0.661281917665451,0.334028139656071,1,0.968212610734758,334.29938884069,327,0.419147674337806,0.992071797245986,0.996385148080363,0.00670562165523079,0.0418578694812173,26.0634921809426,0.0100131770848276,0.0134532686257264,0.0064871245292215,0.00230202846003327,0.0849400729546639,0.9595,"Basic"
"81",81,800,0,"poor",0.4,"tau_eq",0,5,5,1,0.125,1,0.2025,0.18,0.1,0.2,"1.097^2;0.98^2;0.95^2;0.93^2;0.91^2;0.89^2;0.87^2;0.85^2",2000,123,"EC_latent",800,1976,0.012,0.995547800031042,0.203432819076376,0.178476715583719,0.418757910765888,1.49860041931275,0.125613904021747,-0.00445219996895809,0.000932819076375826,-0.00152328441628107,0.0187579107658876,-0.00139958068724611,0.00061390402174708,-0.00445219996895809,0.00460651395741148,-0.0084626912015615,0.0468947769147189,-0.000933053791497407,0.00491123217397664,0.175744507079091,0.030530031213325,0.0563924633863924,0.176535618035616,0.0609559596531028,0.0252814263616526,0.175744507079091,0.313291463257736,0.150765586238642,0.0406373064354018,0.202251410893221,0.946356275303644,0.948886639676113,0.956983805668016,0.951923076923077,0.948886639676113,0.96002024291498,1,1,0.856781376518219,0.729251012145749,1,0.999493927125506,330.529199668298,327,0.462486609646894,0.995690453304616,0.99892946050253,0.00464802933912956,0.0330121927651075,26.3313730959256,0.00597345780932759,0.0085366718816298,0.00504831878533734,0.00185886051751113,0.0708502024291498,0.988,"Basic"
"82",82,200,0.15,"poor",0.4,"tau_eq",0,5,5,1,0.125,1,0.2025,0.18,0.1,0.2,"1.097^2;0.98^2;0.95^2;0.93^2;0.91^2;0.89^2;0.87^2;0.85^2",2000,123,"EC_latent",200,1562,0.219,1.07052077374414,0.212916113276,0.151541331850165,0.374833170151803,1.50223766623504,0.125295779195323,0.0705207737441355,0.0104161132759998,-0.0284586681498347,-0.0251668298481974,0.00223766623504181,0.00029577919532296,0.0705207737441355,0.0514375964246906,-0.158103711943526,-0.0629170746204934,0.00149177749002787,0.00236623356258368,0.338476407463949,0.0593021608439306,0.106457968234747,0.279122031000907,0.127946865919749,0.0533214490871348,0.338476407463949,0.591433156859704,0.292850177007064,0.0852979106131659,0.426571592697078,0.97887323943662,0.971190781049936,0.983994878361076,0.931498079385403,0.947503201024328,0.943661971830986,0.882842509603073,0.95966709346991,0.222791293213828,0.00256081946222791,1,0.657490396927017,322.820794349838,307,0.330715518696551,0.976419671721926,0.982220549652217,0.0142832972759286,0.0644172949896904,26.3331910147198,0.0241309957130678,0.0306547046204931,0.0110947116304526,0.00386611623773142,0.157490396927017,0.781,"Cor.Unique"
"83",83,500,0.15,"poor",0.4,"tau_eq",0,5,5,1,0.125,1,0.2025,0.18,0.1,0.2,"1.097^2;0.98^2;0.95^2;0.93^2;0.91^2;0.89^2;0.87^2;0.85^2",2000,123,"EC_latent",500,1895,0.0525,1.01743209751802,0.203715568791272,0.174783968930261,0.420180967434643,1.49919720345767,0.125503220563806,0.0174320975180245,0.00121556879127159,-0.00521603106973909,0.0201809674346426,-0.000802796542333815,0.000503220563805777,0.0174320975180245,0.00600280884578565,-0.0289779503874394,0.0504524185866066,-0.00053519769488921,0.00402576451044622,0.2328275598058,0.0401781804911927,0.0735100132950718,0.224427144155163,0.0820196350153194,0.03494647062413,0.2328275598058,0.408388962750399,0.198410767857742,0.0546797566768796,0.27957176499304,0.966754617414248,0.954089709762533,0.973087071240106,0.945118733509235,0.94353562005277,0.936675461741425,0.999472295514512,1,0.619525065963061,0.237994722955145,1,0.957255936675462,313.65595506185,307,0.427612786718517,0.993295964610482,0.996948247937618,0.00676195457679017,0.0405606150035921,25.6654160720714,0.00855949277550187,0.0122340184706788,0.00668488755584255,0.00235659292801307,0.0886543535620053,0.9475,"Cor.Unique"
"84",84,800,0.15,"poor",0.4,"tau_eq",0,5,5,1,0.125,1,0.2025,0.18,0.1,0.2,"1.097^2;0.98^2;0.95^2;0.93^2;0.91^2;0.89^2;0.87^2;0.85^2",2000,123,"EC_latent",800,1966,0.017,0.999288226831879,0.203253297941248,0.17884601860867,0.423208915416513,1.49963397827528,0.125058733148159,-0.000711773168121234,0.00075329794124811,-0.0011539813913298,0.0232089154165126,-0.000366021724718918,5.87331481589874e-05,-0.000711773168121234,0.003719989833324,-0.00641100772961001,0.0580222885412814,-0.000244014483145945,0.0004698651852719,0.191286946107,0.0322976652483417,0.0617774966327189,0.193348934636578,0.0619324503481925,0.0257258795152703,0.191286946107,0.343208314626216,0.159494643201687,0.0412883002321283,0.205807036122162,0.949135300101729,0.946083418107833,0.953713123092574,0.948626653102747,0.954221770091557,0.958290946083418,1,1,0.817395727365208,0.629196337741607,1,0.998474059003052,310.265157855544,307,0.463842356992823,0.996416557608847,0.999070066000975,0.00467583512765241,0.0320132089858076,25.491083611372,0.00500659067786897,0.00760625503456512,0.00512158394102334,0.0018798341889742,0.0686673448626653,0.983,"Cor.Unique"
"85",85,200,0,"vgood",0.6708,"congeneric",0.05,5,5,1,0.125,1,0.2025,0.18,0.1,0.2,"1.097^2;0.98^2;0.95^2;0.93^2;0.91^2;0.89^2;0.87^2;0.85^2",2000,123,"EC_latent",200,1977,0.0115,1.00185047884714,0.202341751745225,0.179611883764136,0.423994716290067,1.50386368933357,0.124446311750084,0.00185047884714021,-0.000158248254775203,-0.000388116235864451,0.0239947162900673,0.00386368933356501,-0.000553688249915917,0.00185047884714021,-0.000781472863087424,-0.00215620131035806,0.0599867907251682,0.00257579288904334,-0.00442950599932734,0.21702516891571,0.0393525548236051,0.0662708766160522,0.195689657419938,0.0993955140071725,0.0419577667542009,0.21702516891571,0.368171536755845,0.194333604067186,0.0662636760047817,0.335662134033607,0.942336874051593,0.946383409205867,0.955993930197269,0.96560445118867,0.944865958523015,0.947395042994436,1,1,0.761254425897825,0.596358118361153,1,0.848760748609004,343.767623475143,327,0.324941907669184,0.992619160238447,0.994547348983807,0.0141408788770345,0.0578574634428326,26.7416740922881,0.00762212943609195,0.0087423112080609,0.0108172524797099,0.0059124637818092,0.157814871016692,0.9885,"Basic"
"86",86,500,0,"vgood",0.6708,"congeneric",0.05,5,5,1,0.125,1,0.2025,0.18,0.1,0.2,"1.097^2;0.98^2;0.95^2;0.93^2;0.91^2;0.89^2;0.87^2;0.85^2",2000,123,"EC_latent",500,1999,5e-04,1.00299901518389,0.202297525256895,0.179020460986963,0.407679026836007,1.49983279673272,0.124711435292257,0.00299901518388828,-0.000202474743105218,-0.000979539013037327,0.00767902683600665,-0.000167203267280109,-0.000288564707743332,0.00299901518388828,-0.000999875274593669,-0.00544188340576293,0.0191975670900166,-0.000111468844853406,-0.00230851766194666,0.141458059794564,0.0248299371126501,0.0434527619663626,0.123811085114552,0.0630783456433372,0.0262702822711529,0.141458059794564,0.241404233146459,0.122616973395803,0.0420522304288914,0.210162258169223,0.940970485242621,0.943971985992996,0.948474237118559,0.953476738369185,0.944972486243122,0.949974987493747,1,1,0.982991495747874,0.967983991995998,1,0.996498249124562,334.215970011947,327,0.419881918103674,0.997964616162109,0.999054783902778,0.00665602389131053,0.0365354092114354,25.8725733788795,0.00257225909445595,0.00341829491238239,0.00650112681652765,0.0035928276004232,0.0805402701350675,0.9995,"Basic"
"87",87,800,0,"vgood",0.6708,"congeneric",0.05,5,5,1,0.125,1,0.2025,0.18,0.1,0.2,"1.097^2;0.98^2;0.95^2;0.93^2;0.91^2;0.89^2;0.87^2;0.85^2",2000,123,"EC_latent",800,2000,0,0.996691917478179,0.20275327545314,0.179473517144092,0.405491836020204,1.49894174146832,0.125494106615549,-0.00330808252182062,0.000253275453140411,-0.000526482855907691,0.00549183602020369,-0.00105825853168046,0.000494106615548833,-0.00330808252182062,0.00125074297847117,-0.00292490475504273,0.0137295900505092,-0.000705505687786975,0.00395285292439067,0.108169835762489,0.0196141605658947,0.0338228952115142,0.0961577673349566,0.0493008468888034,0.0207842053272936,0.108169835762489,0.187904973397301,0.0968600521772577,0.0328672312592023,0.166273642618349,0.946,0.941,0.948,0.9455,0.948,0.9565,1,1,0.999,0.9985,1,1,330.69759971329,327,0.460706246200373,0.998888359565614,0.999698751413172,0.00463932046174546,0.0287942952447319,26.1802973988233,0.0015353783779268,0.00216897875006677,0.00506860260266626,0.00277520103320318,0.075,1,"Basic"
"88",88,200,0.15,"vgood",0.6708,"congeneric",0.05,5,5,1,0.125,1,0.2025,0.18,0.1,0.2,"1.097^2;0.98^2;0.95^2;0.93^2;0.91^2;0.89^2;0.87^2;0.85^2",2000,123,"EC_latent",200,1970,0.015,0.99719582127275,0.202976219044046,0.17981632529709,0.426095064092443,1.50337108840581,0.124554565916156,-0.00280417872724962,0.000476219044046023,-0.000183674702910263,0.0260950640924431,0.0033710884058114,-0.000445434083844138,-0.00280417872724962,0.00235169898294332,-0.00102041501616813,0.0652376602311078,0.00224739227054094,-0.0035634726707531,0.220272791789955,0.0406289227456308,0.0679439000864828,0.198287175771874,0.101458316814123,0.0416980462269226,0.220272791789955,0.377466111591571,0.200636655533979,0.0676388778760822,0.333584369815381,0.939086294416244,0.944670050761421,0.958883248730964,0.958375634517767,0.94010152284264,0.954822335025381,1,1,0.747715736040609,0.570558375634518,1,0.837055837563452,322.56027685454,307,0.334080534590757,0.993165729137463,0.994799287724878,0.0141092605758472,0.056711961555427,26.216425857859,0.00713538738769435,0.00886444424633515,0.0111416893516202,0.00580978751402645,0.149746192893401,0.985,"Cor.Unique"
"89",89,500,0.15,"vgood",0.6708,"congeneric",0.05,5,5,1,0.125,1,0.2025,0.18,0.1,0.2,"1.097^2;0.98^2;0.95^2;0.93^2;0.91^2;0.89^2;0.87^2;0.85^2",2000,123,"EC_latent",500,2000,0,0.998853237179616,0.20203838179897,0.180457737328622,0.412427094362369,1.50020375403298,0.124599598835641,-0.00114676282038415,-0.000461618201029834,0.00045773732862206,0.0124270943623695,0.000203754032980581,-0.000400401164358984,-0.00114676282038415,-0.00227959605446832,0.00254298515901145,0.0310677359059238,0.000135836021987054,-0.00320320931487187,0.144417158054676,0.0249664972418432,0.0442561217400667,0.127194986635001,0.0641044342175348,0.0276156831592379,0.144417158054676,0.24586734300037,0.123291344404164,0.0427362894783566,0.220925465273903,0.945,0.944,0.9385,0.946,0.95,0.941,1,1,0.9775,0.961,1,0.997,313.952979587605,307,0.420136716330592,0.998067304889391,0.999062299711959,0.0068716110947807,0.0357387901819136,25.1247446707705,0.00239310100361856,0.00342975445372665,0.0065778024048724,0.00345543167316406,0.0825,1,"Cor.Unique"
"90",90,800,0.15,"vgood",0.6708,"congeneric",0.05,5,5,1,0.125,1,0.2025,0.18,0.1,0.2,"1.097^2;0.98^2;0.95^2;0.93^2;0.91^2;0.89^2;0.87^2;0.85^2",2000,123,"EC_latent",800,2000,0,0.999037094908422,0.202265090384406,0.179777628526794,0.40625202294966,1.49879207122229,0.125495813047811,-0.000962905091577957,-0.000234909615594138,-0.000222371473205613,0.0062520229496603,-0.0012079287777128,0.000495813047811222,-0.000962905091577957,-0.0011600474844155,-0.00123539707336452,0.0156300573741508,-0.000805285851808536,0.00396650438248977,0.108127659441023,0.0198267208200359,0.0345399845410244,0.0975968136544616,0.0492934107383923,0.0210856351006288,0.108127659441023,0.191888803005691,0.0979097324446216,0.0328622738255949,0.16868508080503,0.959,0.9485,0.953,0.9595,0.955,0.9515,1,1,1,0.9985,1,1,310.535209505117,307,0.459998254764906,0.998977182067392,0.999703131909747,0.00470404366602384,0.0282401609360665,25.1860427967207,0.00143162465100096,0.00214892813736065,0.00506963924398134,0.00275365439050239,0.0675,1,"Cor.Unique"
"91",91,200,0,"poor",0.4,"congeneric",0.05,5,5,1,0.125,1,0.2025,0.18,0.1,0.2,"1.097^2;0.98^2;0.95^2;0.93^2;0.91^2;0.89^2;0.87^2;0.85^2",2000,123,"EC_latent",200,1578,0.211,1.07658699882376,0.208948157507952,0.156984804444622,0.383074904815484,1.50361258308071,0.123933448780809,0.0765869988237583,0.00644815750795226,-0.0230151955553776,-0.0169250951845155,0.00361258308070904,-0.00106655121919054,0.0765869988237583,0.0318427531256902,-0.127862197529876,-0.0423127379612888,0.00240838872047269,-0.00853240975352436,0.322578077981523,0.0563648614997905,0.0979608137968012,0.267215657163487,0.122451475316132,0.0516440890098976,0.322578077981523,0.544226743315562,0.278344995060694,0.0816343168774211,0.413152712079181,0.975285171102662,0.972750316856781,0.986692015209126,0.94233206590621,0.951204055766793,0.946134347275032,0.920152091254753,0.976552598225602,0.259822560202788,0.00443599493029151,1,0.662230671736375,343.517038234481,327,0.327470071256499,0.972282509521536,0.980001268120478,0.0140568915928886,0.0663572104865484,26.7230784105253,0.0283702264446949,0.0334834437209032,0.0108255511305381,0.00382838747035037,0.159695817490494,0.789,"Basic"
"92",92,500,0,"poor",0.4,"congeneric",0.05,5,5,1,0.125,1,0.2025,0.18,0.1,0.2,"1.097^2;0.98^2;0.95^2;0.93^2;0.91^2;0.89^2;0.87^2;0.85^2",2000,123,"EC_latent",500,1919,0.0405,1.01757892798691,0.203960328267139,0.173862503591781,0.413658192815611,1.49998908374777,0.124617197130874,0.0175789279869148,0.00146032826713882,-0.00613749640821869,0.0136581928156108,-1.09162522262754e-05,-0.000382802869126057,0.0175789279869148,0.00721149761550033,-0.0340972022678816,0.0341454820390271,-7.27750148418362e-06,-0.00306242295300845,0.21946079036847,0.0379907029007563,0.0700116940146118,0.21200888286686,0.0784602927222941,0.0320229054929784,0.21946079036847,0.388953855636732,0.187608409386451,0.0523068618148627,0.256183243943828,0.964043772798332,0.958311620635748,0.969775924960917,0.945284002084419,0.947368421052632,0.946326211568525,0.999478895257947,1,0.660760812923398,0.334028139656071,1,0.967691505992704,334.299388839473,327,0.419147674334588,0.992071797246165,0.996385148081145,0.00670562165595105,0.041857870752569,26.0634921804015,0.0100131770830532,0.0134532686254572,0.00648712452844236,0.0023020281726576,0.0849400729546639,0.9595,"Basic"
"93",93,800,0,"poor",0.4,"congeneric",0.05,5,5,1,0.125,1,0.2025,0.18,0.1,0.2,"1.097^2;0.98^2;0.95^2;0.93^2;0.91^2;0.89^2;0.87^2;0.85^2",2000,123,"EC_latent",800,1976,0.012,0.995422355372981,0.203406963346239,0.17843209797312,0.418758216558837,1.49878396358445,0.125606770394328,-0.0045776446270192,0.000906963346238994,-0.00156790202688019,0.0187582165588369,-0.00121603641555099,0.000606770394328292,-0.0045776446270192,0.00447883133945182,-0.00871056681600103,0.0468955413970922,-0.000810690943700662,0.00485416315462633,0.176018131755623,0.0305923360099738,0.0563451923786178,0.176535663343922,0.0611247805952207,0.0253095137158425,0.176018131755623,0.313028846547877,0.151073264246784,0.0407498537301471,0.20247610972674,0.946356275303644,0.950404858299595,0.95748987854251,0.951923076923077,0.953441295546559,0.96002024291498,1,1,0.856781376518219,0.729251012145749,1,0.999493927125506,330.529199666879,327,0.462486609667202,0.99569045330443,0.998929460502983,0.00464802933875879,0.0330121934718325,26.3313730994947,0.0059734578098621,0.00853667188281065,0.00504831878590333,0.00185885920747843,0.0708502024291498,0.988,"Basic"
"94",94,200,0.15,"poor",0.4,"congeneric",0.05,5,5,1,0.125,1,0.2025,0.18,0.1,0.2,"1.097^2;0.98^2;0.95^2;0.93^2;0.91^2;0.89^2;0.87^2;0.85^2",2000,123,"EC_latent",200,1521,0.2395,1.06904409978739,0.212012685729492,0.154695972733568,0.383662924932035,1.50137169951062,0.126729615465806,0.0690440997873886,0.00951268572949201,-0.0253040272664318,-0.0163370750679647,0.00137169951062497,0.00172961546580594,0.0690440997873886,0.0469762258246519,-0.140577929257955,-0.0408426876699117,0.00091446634041665,0.0138369237264475,0.349466932263429,0.0578071663649014,0.104296535305083,0.277961705471535,0.127907752824506,0.0535783997951524,0.349466932263429,0.579425196139352,0.285467488221735,0.0852718352163374,0.42862719836122,0.970414201183432,0.975016436554898,0.984878369493754,0.935568704799474,0.951347797501644,0.94017094017094,0.871137409598948,0.965154503616042,0.234714003944773,0.00131492439184747,1,0.669953977646285,323.179904721096,307,0.326961544976185,0.976114003473612,0.981865829200459,0.0144602017572962,0.0645252858803271,26.3585933572727,0.0241011597846775,0.0306737933152128,0.0110883490219457,0.00389341520531654,0.162393162393162,0.7605,"Cor.Unique"
"95",95,500,0.15,"poor",0.4,"congeneric",0.05,5,5,1,0.125,1,0.2025,0.18,0.1,0.2,"1.097^2;0.98^2;0.95^2;0.93^2;0.91^2;0.89^2;0.87^2;0.85^2",2000,123,"EC_latent",500,1898,0.051,1.01535958812231,0.204271445544318,0.174429650621756,0.418434519642755,1.49884316566055,0.124963299387663,0.0153595881223084,0.00177144554431786,-0.00557034937824352,0.0184345196427555,-0.00115683433945292,-3.6700612336512e-05,0.0153595881223084,0.00874787923119931,-0.0309463854346862,0.0460862991068888,-0.000771222892968614,-0.000293604898692096,0.22612206239672,0.0394118971276857,0.0752803403425562,0.224475381213108,0.0814046473289425,0.0340778843133221,0.22612206239672,0.418224113014201,0.194626652482398,0.0542697648859616,0.272623074506576,0.968387776606955,0.958904109589041,0.962065331928346,0.938883034773446,0.949947312961012,0.948366701791359,0.999473129610116,1,0.626448893572181,0.242360379346681,1,0.958904109589041,314.402568325629,307,0.417118892480004,0.993105182127844,0.996582282386674,0.00692840288714444,0.0405692324025086,25.622532965985,0.00860199336666745,0.0122200679286643,0.00670251883782201,0.00230636610440751,0.0821917808219178,0.949,"Cor.Unique"
"96",96,800,0.15,"poor",0.4,"congeneric",0.05,5,5,1,0.125,1,0.2025,0.18,0.1,0.2,"1.097^2;0.98^2;0.95^2;0.93^2;0.91^2;0.89^2;0.87^2;0.85^2",2000,123,"EC_latent",800,1973,0.0135,1.00385200930599,0.202664597122241,0.177874881503043,0.420122010456654,1.5005856412356,0.124555524384159,0.00385200930598558,0.000164597122241208,-0.0021251184969571,0.020122010456654,0.000585641235599484,-0.000444475615840587,0.00385200930598558,0.000812825295018309,-0.0118062138719839,0.0503050261416349,0.000390427490399656,-0.0035558049267247,0.191537584329423,0.0321646936352329,0.0610842380952525,0.190759645804768,0.0610869336140644,0.0258205103530478,0.191537584329423,0.339356878306959,0.158837993260409,0.0407246224093763,0.206564082824382,0.947795235681703,0.956918398378104,0.957425240750127,0.944754181449569,0.960973137354283,0.95590471363406,1,1,0.808920425747592,0.627470856563609,1,0.995945261023822,309.982747075352,307,0.465419834330902,0.99646512546961,0.999155064462534,0.00467333161489967,0.0320338880193906,25.3646639748738,0.00488710463518607,0.0075804222618181,0.00505736019009774,0.00185130563328647,0.067410035478966,0.9865,"Cor.Unique"
"97",97,200,0,"vgood",0.6708,"tau_eq",0,3,3,1,0.125,1,0.2025,0.18,0.1,0.2,"1.097^2;0.98^2;0.95^2;0.93^2;0.91^2;0.89^2;0.87^2;0.85^2",2000,123,"sum",200,1283,0.3585,0.412502632171117,0.114879153026019,0.023367576824276,0.202673341424895,0.901939918752318,0.0754204797696522,0.0525026321711169,0.0419791530260185,-0.041432423175724,-0.197326658575105,0.00193991875231782,0.000420479769652168,0.145840644919769,0.575845720521516,-0.63938924653895,-0.493316646437761,0.00215546528035313,0.00560639692869557,0.126484543103324,0.0719681034047663,0.0731506345288,0.386235887509808,0.0695785518103712,0.0452217023174941,0.351345953064789,1.12886781680247,0.987216781958385,0.0773095020115235,0.602956030899921,0.979734996102884,0.96024941543258,0.967264224473889,0.838659392049883,0.951675759937646,0.957131722525331,0.894777864380359,0.217459080280592,0.00467653936087295,0.0218238503507405,1,0.367108339828527,0.973533947091083,1,0.510302135933967,0.995163308872412,1.00145742960691,0.0239457632276924,0.0134878917773565,1.35337003960896,0.0110928827069534,0.0418766747224828,0.0425879500177295,0.0104444446760447,0.0553390491036633,0.6415,"Basic"
"98",98,500,0,"vgood",0.6708,"tau_eq",0,3,3,1,0.125,1,0.2025,0.18,0.1,0.2,"1.097^2;0.98^2;0.95^2;0.93^2;0.91^2;0.89^2;0.87^2;0.85^2",2000,123,"sum",500,1499,0.2505,0.391334484412464,0.0939281182053027,0.0421691986393071,0.292975684932094,0.899902468638837,0.0746996415331623,0.0313344844124641,0.0210281182053026,-0.0226308013606929,-0.107024315067905,-9.75313611631565e-05,-0.00030035846683769,0.0870402344790668,0.28845155288481,-0.349240761739088,-0.267560787669764,-0.000108368179070174,-0.00400477955783586,0.0847438787734749,0.0449262970198216,0.0473208512532286,0.306678844295685,0.0446939543559282,0.0298225905432978,0.235399663259652,0.730260050204145,0.616272935800022,0.0496599492843646,0.397634540577304,0.975983989326217,0.963975983989326,0.969312875250167,0.869913275517011,0.945963975983989,0.943295530353569,1,0.37758505670447,0.0300200133422282,0.00466977985323549,1,0.723815877251501,0.979468863980304,1,0.506627539362716,0.998059739798571,1.00027389338644,0.0148144301427645,0.0086127602437678,1.44907901983671,0.00489827813211678,0.0176875758750947,0.0269551821999679,0.00662105543808433,0.0520346897931955,0.7495,"Basic"
"99",99,800,0,"vgood",0.6708,"tau_eq",0,3,3,1,0.125,1,0.2025,0.18,0.1,0.2,"1.097^2;0.98^2;0.95^2;0.93^2;0.91^2;0.89^2;0.87^2;0.85^2",2000,123,"sum",800,1642,0.179,0.379898094209563,0.0860871539604509,0.0503755405264728,0.341909663594196,0.900404277345952,0.0748217189940783,0.0198980942095626,0.0131871539604509,-0.0144244594735272,-0.0580903364058039,0.000404277345951932,-0.00017828100592168,0.0552724839154516,0.180893744313455,-0.222599683233444,-0.14522584101451,0.000449197051057702,-0.00237708007895573,0.0657311028599648,0.0355189895162583,0.0376253701193123,0.277577554158988,0.0349157023029929,0.0229090519421197,0.182586396833235,0.580638427767165,0.487228937122885,0.0387952247811033,0.30545402589493,0.976857490864799,0.965895249695493,0.970158343483557,0.904993909866017,0.955542021924482,0.951887941534714,1,0.518270401948843,0.162606577344702,0.00121802679658952,1,0.907429963459196,0.963981466076771,1,0.513429689215153,0.998813504912118,1.00031269826307,0.012080362692313,0.00673359691158151,1.32873195410483,0.00270360003390786,0.010185532513246,0.0209043328936372,0.00523209769565399,0.0438489646772229,0.821,"Basic"
"100",100,200,0.15,"vgood",0.6708,"tau_eq",0,3,3,1,0.125,1,0.2025,0.18,0.1,0.2,"1.097^2;0.98^2;0.95^2;0.93^2;0.91^2;0.89^2;0.87^2;0.85^2",2000,123,"sum",200,1729,0.1355,0.478175975897575,0.138276547151276,-0.00129000925365791,0.081553023168562,0.902411962650676,0.074816650306552,0.118175975897574,0.0653765471512764,-0.0660900092536579,-0.318446976831438,0.00241196265067588,-0.000183349693447978,0.328266599715484,0.896797628961267,-1.01990755021077,-0.796117442078595,0.00267995850075098,-0.00244466257930638,0.175929928913532,0.0924518977919742,0.0965379433104976,0.452991125171575,0.0721077090202516,0.0460309753399847,0.488694246982033,1.48978307577928,1.26820161580211,0.0801196766891684,0.613746337866463,0.903412377096588,0.902255639097744,0.907460960092539,0.674956622325043,0.941006362058994,0.945633314054367,0.96471949103528,0.366107576633892,0.0138808559861191,0.0647773279352227,1,0.37246963562753,1.01261453596432,1,0.490830217008281,0.995579280874395,0.999770836042671,0.0247133517386737,0.0134946485055294,1.38080933299568,0.0108988257333828,0.039379381303941,0.0425489720651063,0.00995195504045914,0.048582995951417,0.8645,"Cor.Unique"
"101",101,500,0.15,"vgood",0.6708,"tau_eq",0,3,3,1,0.125,1,0.2025,0.18,0.1,0.2,"1.097^2;0.98^2;0.95^2;0.93^2;0.91^2;0.89^2;0.87^2;0.85^2",2000,123,"sum",500,1924,0.038,0.459710772585086,0.124034954597731,0.014009563809623,0.117386517125381,0.899413526195204,0.0750732022558458,0.0997107725850855,0.0511349545977311,-0.0507904361903771,-0.282613482874619,-0.000586473804795921,7.32022558458208e-05,0.276974368291904,0.701439706416064,-0.783803027629275,-0.706533707186548,-0.000651637560884357,0.000976030077944277,0.13313272573584,0.0690293012987448,0.0705131261576182,0.382786300923073,0.0451954950275467,0.0291250509958366,0.369813127044,1.08816552712374,0.946903995867556,0.0502172166972742,0.388334013277822,0.826403326403326,0.83056133056133,0.856548856548857,0.627338877338877,0.945945945945946,0.945945945945946,1,0.67047817047817,0.0301455301455301,0.0301455301455301,1,0.745841995841996,1.0394656689946,1,0.492934129721502,0.998168682447812,0.999616834393571,0.015940371682984,0.00858194203938615,1.46217138157643,0.00437116683613203,0.0157472575639778,0.0277648882418185,0.00647015493203719,0.0540540540540541,0.962,"Cor.Unique"
"102",102,800,0.15,"vgood",0.6708,"tau_eq",0,3,3,1,0.125,1,0.2025,0.18,0.1,0.2,"1.097^2;0.98^2;0.95^2;0.93^2;0.91^2;0.89^2;0.87^2;0.85^2",2000,123,"sum",800,1977,0.0115,0.45468331804924,0.121467992889097,0.0169796077596304,0.115775285039312,0.898536518640673,0.075402321366156,0.0946833180492403,0.0485679928890965,-0.0478203922403696,-0.284224714960688,-0.00146348135932749,0.000402321366155941,0.263009216803445,0.666227611647414,-0.737969016055086,-0.71056178740172,-0.00162609039925277,0.00536428488207922,0.117722751531887,0.0622416554218222,0.0629451877177972,0.360376802535734,0.0355371627893567,0.0226488455455123,0.32700764314413,0.97137635366971,0.853794998927602,0.0394857364326186,0.301984607273497,0.754172989377845,0.779969650986343,0.807283763277693,0.569549822964087,0.95144157814871,0.954476479514416,1,0.847749114820435,0.0566514921598381,0.0247850278199292,1,0.907435508345979,1.00443839512588,1,0.504862714795378,0.998894165417503,0.99999546727213,0.0122769749556245,0.00660703629386395,1.43974915067371,0.00269756505026583,0.00975850662015703,0.0216509048987896,0.00510633222816683,0.052604957005564,0.9885,"Cor.Unique"
"103",103,200,0,"poor",0.4,"tau_eq",0,3,3,1,0.125,1,0.2025,0.18,0.1,0.2,"1.097^2;0.98^2;0.95^2;0.93^2;0.91^2;0.89^2;0.87^2;0.85^2",2000,123,"sum",200,1041,0.4795,0.526978816868137,0.189308254419321,-0.0567002116557734,-0.055971575852308,0.900414115372338,0.0767533966209689,0.166978816868137,0.116408254419321,-0.121500211655773,-0.455971575852308,0.000414115372338107,0.00175339662096885,0.463830046855936,1.596821048276,-1.8750032662928,-1.13992893963077,0.000460128191486785,0.023378621612918,0.277078595032676,0.162906454984644,0.172452010669469,0.607818625519718,0.0956069880674773,0.0685523567883982,0.769662763979655,2.6612964609486,2.23465644697728,0.106229986741641,0.914031423845309,0.971181556195965,0.954851104707013,0.970220941402498,0.699327569644573,0.943323727185399,0.944284341978866,0.31700288184438,0.112391930835735,0.0134486071085495,0.131604226705091,1,0.182516810758886,0.972727651847826,1,0.509673635009488,0.982707722892494,1.00734871353829,0.023456734182752,0.0157046332087255,1.38539028660146,0.0472383696640359,0.172404534572344,0.042477068038585,0.0121633792481115,0.0509125840537944,0.5205,"Basic"
"104",104,500,0,"poor",0.4,"tau_eq",0,3,3,1,0.125,1,0.2025,0.18,0.1,0.2,"1.097^2;0.98^2;0.95^2;0.93^2;0.91^2;0.89^2;0.87^2;0.85^2",2000,123,"sum",500,1211,0.3945,0.469014681750448,0.141632492207415,-0.0114714373374722,0.0661207269814594,0.900584080531477,0.0734888666711266,0.109014681750448,0.0687324922074153,-0.0762714373374722,-0.333879273018541,0.000584080531476395,-0.00151113332887342,0.302818560417911,0.942832540568111,-1.17702835397334,-0.834698182546352,0.000648978368307105,-0.0201484443849789,0.187517718601443,0.102767332315655,0.112777036019432,0.494696730793704,0.0614262220565944,0.045204199959111,0.520882551670674,1.74038635832457,1.40970277524904,0.0682513578406605,0.60272266612148,0.965317919075145,0.956234516928159,0.963666391412056,0.749793559042114,0.951279933938893,0.941370767960363,0.679603633360859,0.173410404624277,0.00660611065235343,0.0668868703550785,1,0.389760528488852,0.975318671954995,1,0.500192661484171,0.993470081034716,1.00093205925924,0.0146906553381231,0.0101315866269436,1.38897086948318,0.0169194703384463,0.0610033447340151,0.0265103197504308,0.00756965648919624,0.0511973575557391,0.6055,"Basic"
"105",105,800,0,"poor",0.4,"tau_eq",0,3,3,1,0.125,1,0.2025,0.18,0.1,0.2,"1.097^2;0.98^2;0.95^2;0.93^2;0.91^2;0.89^2;0.87^2;0.85^2",2000,123,"sum",800,1299,0.3505,0.441224638921081,0.121643301642828,0.00861596479015331,0.140235976806988,0.90118315676435,0.0741203922207122,0.0812246389210812,0.0487433016428277,-0.0561840352098467,-0.259764023193012,0.00118315676435033,-0.000879607779287758,0.225623997003003,0.668632395649214,-0.867037580398869,-0.649410057982529,0.00131461862705592,-0.0117281037238368,0.145603665142293,0.0797142265101765,0.0882729477109409,0.428427109395388,0.0487602941406943,0.0342202335840945,0.404454625395259,1.36223684739106,1.09347361468006,0.0541781046007715,0.45626978112126,0.963048498845266,0.956120092378753,0.959199384141647,0.790608160123172,0.950731331793687,0.955350269438029,0.8729792147806,0.203233256351039,0.0069284064665127,0.0415704387990762,1,0.573518090839107,0.96955448128948,1,0.520853018441514,0.995891322142851,1.00116214640888,0.0120175285065766,0.0077808780191869,1.41511274037192,0.00995005656870175,0.0367932914688814,0.0214066765458394,0.00625673254322906,0.0508083140877598,0.6495,"Basic"
"106",106,200,0.15,"poor",0.4,"tau_eq",0,3,3,1,0.125,1,0.2025,0.18,0.1,0.2,"1.097^2;0.98^2;0.95^2;0.93^2;0.91^2;0.89^2;0.87^2;0.85^2",2000,123,"sum",200,1849,0.0755,0.80439986378462,0.303813679151781,-0.167377301523572,-0.257330298587877,0.901471576115066,0.0756263778989291,0.44439986378462,0.230913679151781,-0.232177301523572,-0.657330298587877,0.00147157611506619,0.000626377898929079,1.23444406606839,3.16754018040852,-3.58298304820327,-1.64332574646969,0.00163508457229576,0.00835170531905438,0.524800320557812,0.272304315453643,0.283357689589584,0.727210238361118,0.0999286735511619,0.0697852106406489,1.45777866821614,4.37280385169111,3.73531296918578,0.111031859501291,0.930469475208651,0.717685235262304,0.733369388858843,0.787993510005408,0.358572201189832,0.946998377501352,0.942671714440238,0.778258518117902,0.430502974580855,0.120064899945917,0.383450513791239,1,0.202271498107085,1.02540173917819,1,0.4897913671908,0.989127494064713,0.99947029346686,0.02538686580617,0.0153678198563408,1.3939549718368,0.0265515593014016,0.0972023995819809,0.0427350683149907,0.01137306732483,0.0486749594375338,0.9245,"Cor.Unique"
"107",107,500,0.15,"poor",0.4,"tau_eq",0,3,3,1,0.125,1,0.2025,0.18,0.1,0.2,"1.097^2;0.98^2;0.95^2;0.93^2;0.91^2;0.89^2;0.87^2;0.85^2",2000,123,"sum",500,1984,0.008,0.769153056414977,0.278569479866288,-0.139408929972076,-0.257156541781696,0.899389672765132,0.0751913590949238,0.409153056414977,0.205669479866288,-0.204208929972076,-0.657156541781696,-0.000610327234868572,0.000191359094923816,1.13653626781938,2.82125486785031,-3.15137237611228,-1.64289135445424,-0.00067814137207619,0.00255145459898421,0.45003991669816,0.228495352872642,0.232066844956467,0.691150416853941,0.0626000929150064,0.0430714085793788,1.25011087971711,3.58127847155042,3.13436698042033,0.0695556587944516,0.574285447725051,0.426915322580645,0.486895161290323,0.585181451612903,0.213709677419355,0.946572580645161,0.949596774193548,0.989415322580645,0.75554435483871,0.209173387096774,0.452116935483871,1,0.401209677419355,1.04360260743222,1,0.489958337227498,0.995662528315357,0.999124601374298,0.0162676124138358,0.00977392615359684,1.43848544521205,0.0101153450088364,0.0368140701714973,0.0277208349800698,0.00729264775335298,0.0544354838709677,0.992,"Cor.Unique"
"108",108,800,0.15,"poor",0.4,"tau_eq",0,3,3,1,0.125,1,0.2025,0.18,0.1,0.2,"1.097^2;0.98^2;0.95^2;0.93^2;0.91^2;0.89^2;0.87^2;0.85^2",2000,123,"sum",800,1997,0.0015,0.767893716275788,0.279506267805602,-0.139326905432305,-0.273166740042086,0.897602086807467,0.0756383696986732,0.407893716275788,0.206606267805601,-0.204126905432305,-0.673166740042086,-0.00239791319253328,0.000638369698673164,1.13303810076608,2.83410518251854,-3.15010656531335,-1.68291685010522,-0.00266434799170364,0.00851159598230885,0.434413195235492,0.222222726503164,0.223230338240825,0.691769730574603,0.0494804055841909,0.0344314668686174,1.20670332009859,3.44491262717323,3.04832272295149,0.0549782284268788,0.459086224914899,0.226840260390586,0.303955933900851,0.407110665998998,0.109163745618428,0.946920380570856,0.947921882824236,1,0.918878317476214,0.320981472208312,0.552829243865799,1,0.586379569354031,1.01816676673795,1,0.502649083304867,0.997358782830875,0.999795065271289,0.0123893508474469,0.00752460869709966,1.48000110340313,0.00655432291772104,0.0235086828672228,0.021907734321491,0.00581674105949676,0.0525788683024537,0.9985,"Cor.Unique"
"109",109,200,0,"vgood",0.6708,"congeneric",0.05,3,3,1,0.125,1,0.2025,0.18,0.1,0.2,"1.097^2;0.98^2;0.95^2;0.93^2;0.91^2;0.89^2;0.87^2;0.85^2",2000,123,"sum",200,1276,0.362,0.414174258461307,0.115670046902403,0.0223279859064782,0.198855843424802,0.90188622040544,0.0752597859398178,0.0541742584613064,0.0427700469024027,-0.0424720140935218,-0.201144156575198,0.00188622040544006,0.000259785939817804,0.150484051281407,0.586694744888926,-0.655432316258053,-0.502860391437995,0.00209580045048896,0.00346381253090406,0.12876484966374,0.072296374489624,0.0741951834905264,0.392906446429534,0.0696745965802371,0.0457108890678221,0.357680137954835,1.14498739954516,0.991719814672483,0.0774162184224857,0.609478520904294,0.979623824451411,0.960031347962382,0.974137931034483,0.832288401253918,0.954545454545455,0.955329153605016,0.882445141065831,0.207680250783699,0.00235109717868339,0.018025078369906,1,0.358150470219436,0.979547513900107,1,0.506763197656923,0.995052782180913,1.00130604109919,0.0241357109879576,0.0136281200127354,1.35462757885667,0.011306730862038,0.0426484739702273,0.0425539058598935,0.0104335361922806,0.0525078369905956,0.638,"Basic"
"110",110,500,0,"vgood",0.6708,"congeneric",0.05,3,3,1,0.125,1,0.2025,0.18,0.1,0.2,"1.097^2;0.98^2;0.95^2;0.93^2;0.91^2;0.89^2;0.87^2;0.85^2",2000,123,"sum",500,1499,0.2505,0.392192817913911,0.0944906586208118,0.0417475225194886,0.293852852970404,0.900058514557805,0.0745608318778864,0.0321928179139109,0.0215906586208118,-0.0230524774805115,-0.106147147029596,5.85145578043561e-05,-0.00043916812211361,0.0894244942053081,0.296168156664085,-0.355748109267152,-0.265367867573991,6.50161753381734e-05,-0.0058555749615148,0.0865938131799092,0.0459282840681281,0.048761534828985,0.315933752964997,0.044918088321622,0.0299903773980169,0.240538369944192,0.752492821434953,0.630017614103266,0.0499089870240244,0.399871698640225,0.971981320880587,0.965977318212141,0.969979986657772,0.863242161440961,0.946631087391594,0.945296864576384,1,0.358905937291528,0.0313542361574383,0.00466977985323549,1,0.71314209472982,0.978073406814993,1,0.502878077972202,0.998049788779521,1.00031957263384,0.0146995524208549,0.00869014131877264,1.42476437905349,0.0049155152716262,0.0177940616176313,0.0267922573857152,0.00657529797501947,0.0460306871247498,0.7495,"Basic"
"111",111,800,0,"vgood",0.6708,"congeneric",0.05,3,3,1,0.125,1,0.2025,0.18,0.1,0.2,"1.097^2;0.98^2;0.95^2;0.93^2;0.91^2;0.89^2;0.87^2;0.85^2",2000,123,"sum",800,1641,0.1795,0.380567970336537,0.0862299133796635,0.0501340531028282,0.339911243886572,0.900380091724915,0.0747389708349117,0.0205679703365373,0.0133299133796635,-0.0146659468971718,-0.0600887561134281,0.000380091724915172,-0.000261029165088328,0.0571332509348258,0.18285203538633,-0.226326341005737,-0.15022189028357,0.000422324138794635,-0.00348038886784437,0.0662430161280492,0.0358224440121476,0.0378238829008365,0.276263744699321,0.0351736571976854,0.0230361087780545,0.18400837813347,0.583701896617848,0.491391550235221,0.0390818413307615,0.307148117040726,0.975015234613041,0.968921389396709,0.971358927483242,0.897014015843998,0.956124314442413,0.954296160877514,1,0.49908592321755,0.157221206581353,0.0012187690432663,1,0.895185862279098,0.964659381365407,1,0.511541604465342,0.9987872405955,1.00031608573578,0.0120079104478545,0.00677920287591073,1.34408363852249,0.00282244308633056,0.0105458542573078,0.0209517605578099,0.00523458945113886,0.0408287629494211,0.8205,"Basic"
"112",112,200,0.15,"vgood",0.6708,"congeneric",0.05,3,3,1,0.125,1,0.2025,0.18,0.1,0.2,"1.097^2;0.98^2;0.95^2;0.93^2;0.91^2;0.89^2;0.87^2;0.85^2",2000,123,"sum",200,1733,0.1335,0.482705288854096,0.141177142602744,-0.00395450666958362,0.0714007826702667,0.901883807689243,0.0747393662497082,0.122705288854095,0.0682771426027438,-0.0687545066695836,-0.328599217329733,0.00188380768924314,-0.000260633750291808,0.34084802459471,0.936586318281807,-1.06102633749357,-0.821498043324333,0.0020931196547146,-0.00347511667055744,0.180573489582205,0.0958276981496572,0.0994460151919328,0.45659434284148,0.0718994508140415,0.0465013831944192,0.501593026617237,1.53466072827057,1.3145088909418,0.0798882786822683,0.620018442592256,0.900173110213503,0.892094633583381,0.90536641661858,0.672244662435084,0.941142527409117,0.946335833814195,0.963069821119446,0.380265435660704,0.0201961915753029,0.070398153491056,1,0.367570686670514,0.993582881031565,1,0.50448372888566,0.995414235783394,1.00011922056022,0.0241745862240452,0.0132075311277543,1.42789145021914,0.0117354474929752,0.0420088163683189,0.0429897889433446,0.0101777521719034,0.0473167916907098,0.8665,"Cor.Unique"
"113",113,500,0.15,"vgood",0.6708,"congeneric",0.05,3,3,1,0.125,1,0.2025,0.18,0.1,0.2,"1.097^2;0.98^2;0.95^2;0.93^2;0.91^2;0.89^2;0.87^2;0.85^2",2000,123,"sum",500,1925,0.0375,0.464406770888345,0.12628840574017,0.0117551334815315,0.105952652298477,0.899203271675788,0.07537037367616,0.104406770888345,0.0533884057401701,-0.0530448665184686,-0.294047347701523,-0.000796728324212158,0.000370373676160028,0.29001880802318,0.732351244721126,-0.818593619112169,-0.735118369253807,-0.000885253693569065,0.00493831568213371,0.137019961060303,0.0714744410835455,0.0727835017738771,0.389624463558774,0.0455379052056166,0.0295908513992575,0.380611002945286,1.12320218786847,0.980445008004739,0.0505976724506851,0.394544685323433,0.816623376623377,0.825454545454545,0.855064935064935,0.622857142857143,0.944935064935065,0.948571428571429,1,0.68051948051948,0.0332467532467532,0.04,1,0.735584415584416,1.00957684232256,1,0.493938747756483,0.998236680616337,0.999900702275433,0.0153142069283107,0.00852877840012891,1.3962333991627,0.00420621580411667,0.0153040181851142,0.0270717850337394,0.00634700694455873,0.0550649350649351,0.9625,"Cor.Unique"
"114",114,800,0.15,"vgood",0.6708,"congeneric",0.05,3,3,1,0.125,1,0.2025,0.18,0.1,0.2,"1.097^2;0.98^2;0.95^2;0.93^2;0.91^2;0.89^2;0.87^2;0.85^2",2000,123,"sum",800,1971,0.0145,0.45992311133532,0.123955074002502,0.0140959107623786,0.100801573710095,0.898586631361856,0.075399216436819,0.09992311133532,0.0510550740025024,-0.0507040892376214,-0.299198426289905,-0.00141336863814429,0.000399216436818967,0.277564198153667,0.700343950651611,-0.782470512926256,-0.747996065724763,-0.0015704095979381,0.00532288582425289,0.122600675619111,0.0642320429987376,0.0654604386449329,0.369448937637468,0.0358833422815526,0.0229278204505944,0.340557432275308,1.01019195439711,0.881097983521777,0.0398703803128362,0.305704272674592,0.726534753932014,0.764586504312532,0.780314561136479,0.546930492135972,0.947234906139016,0.946727549467275,1,0.860476915271436,0.0507356671740233,0.0268899036022324,1,0.901572805682395,1.00432461475635,1,0.500884290842084,0.998887991768287,0.999971178042348,0.0122568517389288,0.00666646160415354,1.41689622097513,0.00270664713012728,0.00980190122307383,0.0214084509317754,0.00507961533403764,0.0517503805175038,0.9855,"Cor.Unique"
"115",115,200,0,"poor",0.4,"congeneric",0.05,3,3,1,0.125,1,0.2025,0.18,0.1,0.2,"1.097^2;0.98^2;0.95^2;0.93^2;0.91^2;0.89^2;0.87^2;0.85^2",2000,123,"sum",200,1026,0.487,0.53561156580073,0.193857374721808,-0.0629488905839398,-0.0780541737944904,0.901525313174805,0.0763721081283244,0.17561156580073,0.120957374721808,-0.12774889058394,-0.47805417379449,0.00152531317480489,0.00137210812832443,0.487809905002027,1.65922324721272,-1.97143349666574,-1.19513543448623,0.00169479241644988,0.0182947750443257,0.28812661341987,0.167402114974189,0.178569170522548,0.619707709589283,0.0960291625186898,0.0694118833543548,0.800351703944083,2.75569707596524,2.29632530828791,0.106699069465211,0.925491778058064,0.969785575048733,0.957115009746589,0.973684210526316,0.68421052631579,0.947368421052632,0.954191033138402,0.298245614035088,0.116959064327485,0.0087719298245614,0.138401559454191,1,0.183235867446394,1.01034076537096,1,0.506273565443424,0.980353545047514,1.00285088098499,0.0245841467538233,0.0160097412457549,1.4335831634344,0.0524137659231122,0.189808661808743,0.0435974655389063,0.0125257330646659,0.050682261208577,0.513,"Basic"
"116",116,500,0,"poor",0.4,"congeneric",0.05,3,3,1,0.125,1,0.2025,0.18,0.1,0.2,"1.097^2;0.98^2;0.95^2;0.93^2;0.91^2;0.89^2;0.87^2;0.85^2",2000,123,"sum",500,1185,0.4075,0.478329739665207,0.14550752330113,-0.0171006568389736,0.0474123604907032,0.900487565263894,0.0738722152385779,0.118329739665207,0.0726075233011296,-0.0819006568389737,-0.352587639509297,0.000487565263893559,-0.00112778476142207,0.328693721292243,0.995987973952394,-1.2638990252928,-0.881469098773242,0.000541739182103954,-0.0150371301522942,0.195296229588853,0.10827934950018,0.118749447646996,0.503084668849792,0.0636115973477474,0.0464421959243365,0.542489526635703,1.83255320442896,1.48531343621647,0.0706795526086082,0.619229278991154,0.958649789029536,0.947679324894515,0.959493670886076,0.728270042194093,0.947679324894515,0.939240506329114,0.684388185654008,0.189029535864979,0.00675105485232068,0.0767932489451477,1,0.384810126582278,1.00052731304247,1,0.494699639401979,0.992765210602262,0.999636404756408,0.0152347520998107,0.010319352056076,1.41910170766324,0.0191252880587407,0.0677947575563519,0.0269992716572457,0.00767847172008909,0.049789029535865,0.5925,"Basic"
"117",117,800,0,"poor",0.4,"congeneric",0.05,3,3,1,0.125,1,0.2025,0.18,0.1,0.2,"1.097^2;0.98^2;0.95^2;0.93^2;0.91^2;0.89^2;0.87^2;0.85^2",2000,123,"sum",800,1297,0.3515,0.442626876875103,0.122452240011954,0.00790054078866159,0.141544188617127,0.901324854129541,0.0738809273714721,0.0826268768751027,0.0495522400119542,-0.0568994592113384,-0.258455811382873,0.00132485412954111,-0.00111907262852794,0.229519102430841,0.679728943922554,-0.87807807424905,-0.646139528457182,0.00147206014393456,-0.0149209683803725,0.148539234683993,0.0811968355112806,0.0897081182785959,0.435654027518941,0.0492545436921129,0.0346070445178577,0.412608985233314,1.38438454133636,1.11381118671167,0.0547272707690143,0.461427260238102,0.961449498843485,0.955281418658443,0.957594448727834,0.79568234387047,0.9491133384734,0.953739398612182,0.854279105628373,0.193523515805705,0.0046260601387818,0.0470316114109483,1,0.559753276792598,0.972629230132253,1,0.514901193951619,0.995674368316326,1.00107381360655,0.0120061005066727,0.00789168278124742,1.39159477148783,0.0103738577626838,0.0383814246439031,0.0213874604609443,0.00621054744787331,0.0478026214340786,0.6485,"Basic"
"118",118,200,0.15,"poor",0.4,"congeneric",0.05,3,3,1,0.125,1,0.2025,0.18,0.1,0.2,"1.097^2;0.98^2;0.95^2;0.93^2;0.91^2;0.89^2;0.87^2;0.85^2",2000,123,"sum",200,1862,0.069,0.819057049602269,0.310193284136098,-0.173019867069361,-0.26129825537192,0.90046063165544,0.0757797411242858,0.459057049602269,0.237293284136098,-0.237819867069361,-0.66129825537192,0.000460631655440184,0.000779741124285746,1.27515847111741,3.25505190858845,-3.67005967699632,-1.6532456384298,0.000511812950489093,0.01039654832381,0.543623098623685,0.280073238358005,0.29214611286154,0.732200475109562,0.0995167250359783,0.0689545052265686,1.51006416284357,4.50842766761635,3.84188255635123,0.110574138928865,0.919393403020915,0.711063372717508,0.731471535982814,0.786788399570355,0.36734693877551,0.951127819548872,0.958646616541353,0.773361976369495,0.426423200859291,0.123523093447905,0.386143931256713,1,0.191729323308271,1.01450264252711,1,0.503727281781158,0.98805893427819,0.998599780491887,0.0245042208434668,0.0150776476935337,1.47777737488526,0.0321192367314888,0.113433690091642,0.0438676330004747,0.011757952527671,0.0542427497314715,0.931,"Cor.Unique"
"119",119,500,0.15,"poor",0.4,"congeneric",0.05,3,3,1,0.125,1,0.2025,0.18,0.1,0.2,"1.097^2;0.98^2;0.95^2;0.93^2;0.91^2;0.89^2;0.87^2;0.85^2",2000,123,"sum",500,1973,0.0135,0.785659334473184,0.288206475719467,-0.147606391806452,-0.266571106256316,0.898177962340803,0.0763245016190218,0.425659334473184,0.215306475719467,-0.212406391806452,-0.666571106256316,-0.00182203765919659,0.00132450161902178,1.18238704020329,2.9534495983466,-3.27787641676624,-1.66642776564079,-0.00202448628799621,0.0176600215869571,0.466729181356482,0.238675588284431,0.241006884700764,0.701393313016301,0.0650486290555047,0.0458221331951487,1.29646994821245,3.7192420478513,3.27401355671373,0.0722762545061164,0.610961775935316,0.42067916877851,0.483020780537253,0.575266092245312,0.194120628484541,0.947795235681703,0.935631018753168,0.98682209832742,0.763811454637608,0.208819057273188,0.470349721236695,1,0.400405473897618,1.01968529391913,1,0.492996662433476,0.995604196853697,0.999372069124088,0.0155243058994699,0.0097021154413952,1.44927128366016,0.0109033706514036,0.0390242719136123,0.0274824693580663,0.00725641074399461,0.0537252914343639,0.9865,"Cor.Unique"
"120",120,800,0.15,"poor",0.4,"congeneric",0.05,3,3,1,0.125,1,0.2025,0.18,0.1,0.2,"1.097^2;0.98^2;0.95^2;0.93^2;0.91^2;0.89^2;0.87^2;0.85^2",2000,123,"sum",800,1999,5e-04,0.790541123676437,0.287976965468486,-0.150705339148608,-0.28623167859768,0.897576246117529,0.0756369806639263,0.430541123676437,0.215076965468486,-0.215505339148608,-0.68623167859768,-0.0024237538824713,0.000636980663926295,1.19594756576788,2.95030130958142,-3.32569967821926,-1.7155791964942,-0.00269305986941256,0.00849307551901727,0.45765200623246,0.231591116574205,0.235457981536682,0.707171973057891,0.0502791792029347,0.0355186535111907,1.27125557286794,3.63361082618336,3.17683287481763,0.0558657546699275,0.473582046815877,0.1935967983992,0.279639819909955,0.373686843421711,0.0955477738869435,0.948474237118559,0.943471735867934,0.998999499749875,0.917958979489745,0.342171085542771,0.580290145072536,1,0.577788894447224,1.00215228953367,1,0.4987963733443,0.997376529751507,0.999937094807838,0.012015917252748,0.00755995077097968,1.41649518470055,0.00655569587482913,0.0235839383733128,0.0213925739219201,0.00570672528180803,0.0510255127563782,0.9995,"Cor.Unique"
"121",121,200,0,"vgood",0.6708,"tau_eq",0,3,5,1,0.125,1,0.2025,0.18,0.1,0.2,"1.097^2;0.98^2;0.95^2;0.93^2;0.91^2;0.89^2;0.87^2;0.85^2",2000,123,"sum",200,1351,0.3245,1.1246867774004,0.296844397405739,0.0844969056955045,0.235537776741285,1.50306784204819,0.125026971703429,0.124686777400401,0.0943443974057391,-0.0955030943044955,-0.164462223258715,0.0030678420481851,2.69717034292432e-05,0.124686777400401,0.465898258793773,-0.530572746136086,-0.411155558146787,0.0020452280321234,0.000215773627433946,0.314575915694893,0.17317540769703,0.177168146743432,0.362368349053592,0.109355028704972,0.070536363102267,0.314575915694893,0.984267481907956,0.855187198503853,0.0729033524699814,0.564290904818136,0.977054034048853,0.952627683197631,0.96299037749815,0.843079200592154,0.952627683197631,0.952627683197631,0.960769800148038,0.251665433012583,0.00148038490007402,0.0162842339008142,1,0.42561065877128,0.952111663699191,1,0.509272432396023,0.996452669241652,1.00173599901491,0.0231983059844463,0.0127892637210195,1.31273423468325,0.00832951109486544,0.0316547577316826,0.041161262591751,0.0097109522127899,0.0458919319022946,0.6755,"Basic"
"122",122,500,0,"vgood",0.6708,"tau_eq",0,3,5,1,0.125,1,0.2025,0.18,0.1,0.2,"1.097^2;0.98^2;0.95^2;0.93^2;0.91^2;0.89^2;0.87^2;0.85^2",2000,123,"sum",500,1580,0.21,1.06472516721553,0.243985289782923,0.134408064275701,0.33458642258218,1.49879157652956,0.125149561609135,0.0647251672155314,0.0414852897829228,-0.0455919357242985,-0.0654135774178195,-0.0012084234704407,0.000149561609134834,0.0647251672155314,0.204865628557643,-0.253288531801658,-0.163533943544549,-0.000805615646960467,0.00119649287307868,0.207269698626513,0.107960160140231,0.114251181996238,0.292066511023247,0.0708157168503976,0.0452116196431916,0.207269698626513,0.63472878886799,0.53313659328509,0.0472104779002651,0.361692957145533,0.968354430379747,0.965822784810127,0.972151898734177,0.878481012658228,0.94620253164557,0.950632911392405,1,0.44493670886076,0.117721518987342,0.00126582278481013,1,0.791139240506329,1.01468179367142,1,0.490496449068944,0.9984228136808,0.999847881043242,0.0157765826392166,0.00850687013018891,1.38406335560978,0.00370377561443338,0.0135337331519366,0.0267518252201283,0.00627067192581015,0.0417721518987342,0.79,"Basic"
"123",123,800,0,"vgood",0.6708,"tau_eq",0,3,5,1,0.125,1,0.2025,0.18,0.1,0.2,"1.097^2;0.98^2;0.95^2;0.93^2;0.91^2;0.89^2;0.87^2;0.85^2",2000,123,"sum",800,1706,0.147,1.03782000728013,0.22883496229938,0.151267083633351,0.363916112663181,1.50058317339121,0.124533249303138,0.0378200072801316,0.0263349622993798,-0.0287329163666489,-0.0360838873368194,0.000583173391209326,-0.00046675069686191,0.0378200072801316,0.130049196540147,-0.159627313148049,-0.0902097183420485,0.000388782260806217,-0.00373400557489528,0.157492114975317,0.0849699936441287,0.0884392035861775,0.251904267665298,0.0550651248025351,0.0348754818946826,0.157492114975317,0.491328908812097,0.419604906884586,0.0367100832016901,0.279003855157461,0.974208675263775,0.971277842907386,0.971864009378664,0.906799531066823,0.95369284876905,0.954279015240328,1,0.618991793669402,0.28253223915592,0.000586166471277843,1,0.940797186400938,0.972720818768552,1,0.501840836366335,0.999061245456907,1.00017695911953,0.0117173729186133,0.00654269827588833,1.36716637277455,0.00230897941840365,0.00843533646393695,0.0208986056615103,0.00489946201260501,0.0457209847596717,0.853,"Basic"
"124",124,200,0.15,"vgood",0.6708,"tau_eq",0,3,5,1,0.125,1,0.2025,0.18,0.1,0.2,"1.097^2;0.98^2;0.95^2;0.93^2;0.91^2;0.89^2;0.87^2;0.85^2",2000,123,"sum",200,1663,0.1685,1.22052087566249,0.331406596284987,0.0479813940435257,0.158707362329043,1.50585922702736,0.123653338769577,0.220520875662494,0.128906596284987,-0.132018605956474,-0.241292637670957,0.00585922702735602,-0.00134666123042251,0.220520875662494,0.636575784123393,-0.73343669975819,-0.603231594177393,0.00390615135157068,-0.0107732898433801,0.375825802658609,0.200266122746752,0.207429014924854,0.395751490997378,0.111689253073415,0.0687751351848923,0.375825802658609,1.15238341624919,0.988968507391366,0.0744595020489432,0.550201081479138,0.936259771497294,0.928442573662057,0.932651834034877,0.753457606734817,0.942273000601323,0.955502104630186,0.989176187612748,0.374022850270595,0.00841852074564041,0.0282621767889357,1,0.430547203848467,0.986107179739782,1,0.500389866854284,0.996424726928923,1.0003811101433,0.0239144657800221,0.0127584899796017,1.38209737715709,0.00890737435578317,0.0323588653789607,0.042024518950233,0.0096349647599285,0.047504509921828,0.8315,"Cor.Unique"
"125",125,500,0.15,"vgood",0.6708,"tau_eq",0,3,5,1,0.125,1,0.2025,0.18,0.1,0.2,"1.097^2;0.98^2;0.95^2;0.93^2;0.91^2;0.89^2;0.87^2;0.85^2",2000,123,"sum",500,1876,0.062,1.17449640133147,0.29358505204283,0.089059048425756,0.207910010908217,1.49820562174033,0.124700503031305,0.174496401331469,0.0910850520428302,-0.090940951574244,-0.192089989091783,-0.00179437825967221,-0.000299496968695202,0.174496401331469,0.449802726137433,-0.5052275087458,-0.480224972729459,-0.0011962521731148,-0.00239597574956162,0.271790317273275,0.141171773217815,0.145184616688945,0.319397752007276,0.0707283160702934,0.0449057590369079,0.271790317273275,0.806581203827475,0.697144559100321,0.0471522107135289,0.359246072295263,0.896055437100213,0.893923240938166,0.916311300639659,0.745735607675906,0.952025586353945,0.941897654584222,1,0.662046908315565,0.0708955223880597,0.00852878464818763,1,0.800106609808102,1.01759065460644,1,0.497550869639288,0.998520169771317,0.999933948655757,0.0157861348737805,0.00817410512461547,1.41453098120779,0.00345578012039087,0.0126659283301866,0.0273536047001839,0.00616968525537193,0.0506396588486141,0.938,"Cor.Unique"
"126",126,800,0.15,"vgood",0.6708,"tau_eq",0,3,5,1,0.125,1,0.2025,0.18,0.1,0.2,"1.097^2;0.98^2;0.95^2;0.93^2;0.91^2;0.89^2;0.87^2;0.85^2",2000,123,"sum",800,1959,0.0205,1.16149509104712,0.284647110555253,0.0978399500749348,0.213487826291737,1.49813852635997,0.125431045909564,0.161495091047115,0.0821471105552533,-0.0821600499250652,-0.186512173708263,-0.00186147364002893,0.000431045909563855,0.161495091047115,0.405664743482733,-0.456444721805918,-0.466280434270656,-0.00124098242668596,0.00344836727651084,0.230387985356637,0.12310264436304,0.12530632520312,0.289318479998451,0.0559559394049648,0.0348332967976297,0.230387985356637,0.696146251128442,0.607914293150817,0.0373039596033099,0.278666374381037,0.864726901480347,0.872383869321082,0.879019908116386,0.727411944869832,0.947932618683001,0.947932618683001,1,0.838182746299132,0.152628892291986,0.00459418070444104,1,0.94691168963757,0.979208402755139,1,0.507097777729037,0.99911344437951,1.00013497571653,0.0116483940791232,0.00631073132917243,1.38662612114018,0.00214972069306682,0.00785965876323405,0.0213507733380128,0.00484012119396215,0.0495150587034201,0.9795,"Cor.Unique"
"127",127,200,0,"poor",0.4,"tau_eq",0,3,5,1,0.125,1,0.2025,0.18,0.1,0.2,"1.097^2;0.98^2;0.95^2;0.93^2;0.91^2;0.89^2;0.87^2;0.85^2",2000,123,"sum",200,1146,0.427,1.32736553591759,0.425943245178073,-0.0577826825603334,0.0401433771996361,1.50090841313888,0.125613554135459,0.327365535917589,0.223443245178073,-0.237782682560333,-0.359856622800364,0.000908413138875983,0.000613554135459419,0.327365535917589,1.10342343297814,-1.32101490311296,-0.89964155700091,0.000605608759250655,0.00490843308367535,0.581017221733772,0.329291515909335,0.351866716759708,0.531745943145574,0.1408458554107,0.0972972181360823,0.581017221733772,1.95481509310949,1.62613094276215,0.093897236940467,0.778377745088658,0.970331588132635,0.952006980802792,0.965968586387435,0.713787085514834,0.945898778359511,0.946771378708551,0.554101221640489,0.147469458987784,0.012216404886562,0.0820244328097731,1,0.2521815008726,0.978296113113242,1,0.502694287561591,0.990846424575104,1.00419951685471,0.0239523303286738,0.0150716120148025,1.32010501790152,0.0209150828216459,0.081161345573881,0.0417291146575354,0.0113356071877491,0.0453752181500873,0.573,"Basic"
"128",128,500,0,"poor",0.4,"tau_eq",0,3,5,1,0.125,1,0.2025,0.18,0.1,0.2,"1.097^2;0.98^2;0.95^2;0.93^2;0.91^2;0.89^2;0.87^2;0.85^2",2000,123,"sum",500,1304,0.348,1.19495684395945,0.321479108755424,0.0431984983563782,0.168647028560263,1.50082506146989,0.121751950876959,0.194956843959449,0.118979108755424,-0.136801501643622,-0.231352971439737,0.000825061469888205,-0.0032480491230407,0.194956843959449,0.587551154347772,-0.760008342464565,-0.578382428599343,0.00055004097992547,-0.0259843929843256,0.376579576496765,0.199558164865012,0.223211909010844,0.410478059033175,0.0899489344651315,0.0618074931874193,0.376579576496765,1.24006616117136,0.98547241908648,0.0599659563100877,0.494459945499355,0.957055214723926,0.960889570552147,0.959355828220859,0.799846625766871,0.942484662576687,0.956288343558282,0.928680981595092,0.235429447852761,0.00690184049079755,0.0383435582822086,1,0.503067484662577,0.98309142509122,1,0.500834055089115,0.996204826996299,1.00049474885975,0.0151776201452202,0.0096296253830115,1.39076523510605,0.00928698409713777,0.0340158722379115,0.0264687573537123,0.00725170452196043,0.044478527607362,0.652,"Basic"
"129",129,800,0,"poor",0.4,"tau_eq",0,3,5,1,0.125,1,0.2025,0.18,0.1,0.2,"1.097^2;0.98^2;0.95^2;0.93^2;0.91^2;0.89^2;0.87^2;0.85^2",2000,123,"sum",800,1459,0.2705,1.12602089885203,0.283916733169719,0.0886634969650153,0.24351706531414,1.50084570819711,0.123773635616799,0.126020898852026,0.0814167331697189,-0.0913365030349847,-0.15648293468586,0.000845708197108822,-0.0012263643832008,0.126020898852026,0.402057941578859,-0.507425016861026,-0.391207336714649,0.000563805464739215,-0.00981091506560641,0.280939819934782,0.154254296435874,0.165298029042844,0.35096813903338,0.0698499471347854,0.048078909672367,0.280939819934782,0.918322383571354,0.761749612029006,0.0465666314231902,0.384631277378936,0.962988348183688,0.967100753941056,0.96915695681974,0.854009595613434,0.951336531871145,0.958875942426319,0.995202193283071,0.29061000685401,0.00205620287868403,0.0102810143934202,1,0.717614804660727,0.975749400777859,1,0.503831626340997,0.997612633754635,1.0003603350696,0.0115978412156234,0.00758281158527474,1.44469170421715,0.0062526728204927,0.0223519479027816,0.02120602893925,0.00574738697864938,0.0472926662097327,0.7295,"Basic"
"130",130,200,0.15,"poor",0.4,"tau_eq",0,3,5,1,0.125,1,0.2025,0.18,0.1,0.2,"1.097^2;0.98^2;0.95^2;0.93^2;0.91^2;0.89^2;0.87^2;0.85^2",2000,123,"sum",200,1819,0.0905,1.75762223731831,0.601955818641749,-0.224549579885593,-0.136336432577416,1.50505176118808,0.124396605020991,0.757622237318307,0.399455818641749,-0.404549579885593,-0.536336432577416,0.00505176118807975,-0.00060339497900948,0.757622237318307,1.97262132662592,-2.24749766603107,-1.34084108144354,0.00336784079205317,-0.00482715983207584,0.939378506800154,0.489203126609212,0.5130109221161,0.619935630301039,0.142268501400871,0.0951398027155558,0.939378506800154,2.85006067842278,2.41581790918129,0.0948456676005808,0.761118421724447,0.809235843870258,0.793293018141836,0.835623969213854,0.473886750962067,0.948873007146784,0.954370533260033,0.862561847168774,0.404068169323804,0.0681693238042881,0.239692138537658,1,0.250687190764156,1.02754805693258,1,0.493624129773909,0.99226985240789,0.998716408887269,0.0249795604539498,0.0146798422299709,1.43618616009782,0.0189072571034146,0.0682057085613897,0.0433292107879582,0.0110857559345782,0.0489279824079164,0.9095,"Cor.Unique"
"131",131,500,0.15,"poor",0.4,"tau_eq",0,3,5,1,0.125,1,0.2025,0.18,0.1,0.2,"1.097^2;0.98^2;0.95^2;0.93^2;0.91^2;0.89^2;0.87^2;0.85^2",2000,123,"sum",500,1972,0.014,1.68269561869098,0.542503218863002,-0.160506203314041,-0.112946348802945,1.49862201349444,0.124508480843295,0.682695618690977,0.340003218863002,-0.340506203314041,-0.512946348802945,-0.00137798650556447,-0.00049151915670474,0.682695618690977,1.67902824129877,-1.89170112952245,-1.28236587200736,-0.000918657670376317,-0.00393215325363792,0.782196810714656,0.396188679569615,0.406495045024165,0.568559025642531,0.0895280057799745,0.0609180278353492,0.782196810714656,2.25830580568981,1.95648730651662,0.0596853371866497,0.487344222682794,0.592799188640974,0.639452332657201,0.699290060851927,0.358519269776876,0.956896551724138,0.946754563894523,0.998478701825558,0.71551724137931,0.0968559837728195,0.234279918864097,1,0.52738336713996,1.01329283147109,1,0.495717649088901,0.997127990059019,0.99995529599501,0.0158423076133427,0.0092144134208863,1.38158659740196,0.00659312446104122,0.0244143082947343,0.027014372324891,0.00689541924934249,0.0522312373225152,0.986,"Cor.Unique"
"132",132,800,0.15,"poor",0.4,"tau_eq",0,3,5,1,0.125,1,0.2025,0.18,0.1,0.2,"1.097^2;0.98^2;0.95^2;0.93^2;0.91^2;0.89^2;0.87^2;0.85^2",2000,123,"sum",800,1993,0.0035,1.68139789010241,0.545278297193039,-0.160992478067216,-0.133484092356203,1.4970886410872,0.125488045836511,0.681397890102411,0.342778297193039,-0.340992478067216,-0.533484092356203,-0.0029113589128007,0.000488045836510967,0.681397890102411,1.69273233181748,-1.89440265592898,-1.33371023089051,-0.00194090594186713,0.00390436669208774,0.74679422549635,0.380745971209182,0.385701611833054,0.566611240351644,0.0722726295664607,0.0485570203427441,0.74679422549635,2.14278673240585,1.88022701831695,0.0481817530443071,0.388456162741953,0.395885599598595,0.475163070747617,0.545910687405921,0.224786753637732,0.938283993978926,0.945810336176618,1,0.897139989964877,0.134470647265429,0.271951831409935,1,0.731058705469142,0.99105412821206,1,0.501186276444366,0.998239873365635,1.00012415796489,0.0118215147681716,0.00717181551078357,1.40295266876455,0.00435111780656278,0.0157585507500297,0.0213774035147708,0.0054213562656549,0.0511791269443051,0.9965,"Cor.Unique"
"133",133,200,0,"vgood",0.6708,"congeneric",0.05,3,5,1,0.125,1,0.2025,0.18,0.1,0.2,"1.097^2;0.98^2;0.95^2;0.93^2;0.91^2;0.89^2;0.87^2;0.85^2",2000,123,"sum",200,1367,0.3165,1.12473251901996,0.296787668036553,0.0853985397361232,0.239822827471713,1.50362026178071,0.124626050527366,0.124732519019961,0.0942876680365533,-0.0946014602638768,-0.160177172528286,0.00362026178071133,-0.000373949472634275,0.124732519019961,0.465618113760757,-0.525563668132649,-0.400442931320716,0.00241350785380755,-0.0029915957810742,0.319183029942345,0.173651957957991,0.179892250224552,0.367872560922219,0.110725306801335,0.0718642186900274,0.319183029942345,0.999401390136403,0.85754053312588,0.0738168712008901,0.57491374952022,0.975128017556694,0.953182150694952,0.964155084125823,0.847841989758595,0.952450621799561,0.948792977322604,0.952450621799561,0.238478419897586,0.00512070226773958,0.0124359912216533,1,0.417702999268471,0.941333752074136,1,0.507520482870265,0.996497469567412,1.00201656866117,0.022966504491667,0.0128331465176085,1.28848981725335,0.00827977454128554,0.0316074359200686,0.0404452578542825,0.00961097098410657,0.0438917337234821,0.6835,"Basic"
"134",134,500,0,"vgood",0.6708,"congeneric",0.05,3,5,1,0.125,1,0.2025,0.18,0.1,0.2,"1.097^2;0.98^2;0.95^2;0.93^2;0.91^2;0.89^2;0.87^2;0.85^2",2000,123,"sum",500,1564,0.218,1.06844115405555,0.246674899939398,0.131698309922416,0.326811885852363,1.49840556432376,0.125409438502352,0.0684411540555482,0.0441748999393981,-0.0483016900775836,-0.0731881141476365,-0.00159443567623566,0.00040943850235183,0.0684411540555482,0.218147654021719,-0.268342722653242,-0.182970285369091,-0.00106295711749044,0.00327550801881464,0.210471825299453,0.109720449781388,0.116668204818411,0.293125953872596,0.0711898502952576,0.0454431871877264,0.210471825299453,0.648156693435615,0.541829381636486,0.0474599001968384,0.363545497501811,0.968030690537084,0.968030690537084,0.968670076726343,0.877237851662404,0.942455242966752,0.95460358056266,1,0.452685421994885,0.109335038363171,0.00319693094629156,1,0.789641943734015,1.00328348750077,1,0.491769563333261,0.998441731308446,0.999963936701954,0.0156397513518189,0.00849810056046823,1.34147641445909,0.00362300925483656,0.013370916792325,0.0263140419958519,0.0062376155041684,0.040920716112532,0.782,"Basic"
"135",135,800,0,"vgood",0.6708,"congeneric",0.05,3,5,1,0.125,1,0.2025,0.18,0.1,0.2,"1.097^2;0.98^2;0.95^2;0.93^2;0.91^2;0.89^2;0.87^2;0.85^2",2000,123,"sum",800,1712,0.144,1.03751331336964,0.228409228479943,0.15149475392572,0.366272119961363,1.50031759063029,0.124476002582458,0.0375133133696377,0.0259092284799427,-0.0285052460742801,-0.0337278800386374,0.000317590630291349,-0.000523997417541972,0.0375133133696377,0.127946807308359,-0.158362478190445,-0.0843197000965935,0.000211727086860899,-0.00419197934033578,0.159434386186951,0.0859639248644492,0.0893065886822797,0.254141936411109,0.0556039846872749,0.0348920969084428,0.159434386186951,0.496147714901554,0.424513209207157,0.03706932312485,0.279136775267542,0.97196261682243,0.97196261682243,0.974883177570093,0.905957943925234,0.949766355140187,0.956191588785047,1,0.592289719626168,0.274532710280374,0.00058411214953271,1,0.943341121495327,0.986807647686364,1,0.500340137709965,0.999019918295425,1.00008888799676,0.011842810396014,0.0066099106129492,1.40207923537668,0.0024270628290437,0.00879860777127368,0.0211734289342714,0.00496939954205871,0.0490654205607477,0.856,"Basic"
"136",136,200,0.15,"vgood",0.6708,"congeneric",0.05,3,5,1,0.125,1,0.2025,0.18,0.1,0.2,"1.097^2;0.98^2;0.95^2;0.93^2;0.91^2;0.89^2;0.87^2;0.85^2",2000,123,"sum",200,1685,0.1575,1.22624898627114,0.335243670802408,0.0455899764915273,0.155789836852136,1.50553677491337,0.123743129176824,0.226248986271136,0.132743670802408,-0.134410023508473,-0.244210163147864,0.00553677491336661,-0.00125687082317621,0.226248986271136,0.655524300258805,-0.746722352824848,-0.610525407869661,0.00369118327557774,-0.0100549665854097,0.382089243423607,0.204764278550457,0.213639325881526,0.401569025596207,0.111496309069378,0.0689330555836478,0.382089243423607,1.18688514378626,1.01118162247139,0.0743308727129187,0.551464444669183,0.93353115727003,0.924629080118694,0.921661721068249,0.746587537091988,0.941246290801187,0.956676557863501,0.985756676557863,0.355489614243323,0.0112759643916914,0.0350148367952522,1,0.41839762611276,0.973748421912741,1,0.503945194884753,0.996410208539936,1.00077449583883,0.0231166754262806,0.0126950555640262,1.37586136826589,0.00886077577739265,0.0324387465930261,0.0422918208988898,0.00962040565999686,0.0492581602373887,0.8425,"Cor.Unique"
"137",137,500,0.15,"vgood",0.6708,"congeneric",0.05,3,5,1,0.125,1,0.2025,0.18,0.1,0.2,"1.097^2;0.98^2;0.95^2;0.93^2;0.91^2;0.89^2;0.87^2;0.85^2",2000,123,"sum",500,1885,0.0575,1.18163571140953,0.296808505224954,0.0854720765506296,0.201222082499475,1.49852539583982,0.124899175064047,0.181635711409528,0.0943085052249535,-0.0945279234493704,-0.198777917500525,-0.00147460416017856,-0.000100824935952768,0.181635711409528,0.465721013456561,-0.52515513027428,-0.496944793751311,-0.000983069440119042,-0.000806599487622144,0.279312149086896,0.144681643835107,0.149432879302836,0.324557285599847,0.0711621153147756,0.0454170648880738,0.279312149086896,0.830182662793536,0.714477253506702,0.0474414102098504,0.36333651910459,0.884350132625995,0.903978779840849,0.90079575596817,0.741644562334217,0.951724137931034,0.940053050397878,1,0.650928381962865,0.0663129973474801,0.0111405835543767,1,0.790981432360743,0.990730061329207,1,0.498614683057533,0.998580233185955,1.00015436481773,0.0150972900430469,0.00812866481725761,1.35038933593911,0.00332313435544558,0.0123067593780367,0.0266806072985232,0.00606147929045111,0.0509283819628647,0.9425,"Cor.Unique"
"138",138,800,0.15,"vgood",0.6708,"congeneric",0.05,3,5,1,0.125,1,0.2025,0.18,0.1,0.2,"1.097^2;0.98^2;0.95^2;0.93^2;0.91^2;0.89^2;0.87^2;0.85^2",2000,123,"sum",800,1950,0.025,1.17198714099072,0.289587489556589,0.0920476236574981,0.200534711839046,1.49829939304122,0.125420908263948,0.171987140990718,0.087087489556589,-0.0879523763425019,-0.199465288160954,-0.00170060695877876,0.000420908263948197,0.171987140990718,0.430061676822662,-0.4886243130139,-0.498663220402384,-0.00113373797251918,0.00336726611158557,0.239056130974022,0.126700391274853,0.130157975275653,0.29697558426521,0.0565542640884784,0.0352272352481726,0.239056130974022,0.723099862642516,0.625680944567175,0.0377028427256523,0.281817881985381,0.854358974358974,0.867692307692308,0.867179487179487,0.705641025641026,0.946153846153846,0.947179487179487,1,0.837435897435897,0.131282051282051,0.00512820512820513,1,0.942051282051282,0.970727446381114,1,0.504948068531677,0.999119752180337,1.00017831703792,0.0115972666721115,0.00633716028090823,1.36433529308747,0.00213081736328738,0.00782224626592243,0.0210614539875789,0.0047972684381444,0.0497435897435897,0.975,"Cor.Unique"
"139",139,200,0,"poor",0.4,"congeneric",0.05,3,5,1,0.125,1,0.2025,0.18,0.1,0.2,"1.097^2;0.98^2;0.95^2;0.93^2;0.91^2;0.89^2;0.87^2;0.85^2",2000,123,"sum",200,1151,0.4245,1.34959754945999,0.432320441040937,-0.0692459923110453,0.0222784888447802,1.50190848700753,0.12423353277747,0.34959754945999,0.229820441040937,-0.249245992311045,-0.37772151115522,0.00190848700753424,-0.000766467222530185,0.34959754945999,1.13491575822685,-1.38469995728358,-0.94430377788805,0.00127232467168949,-0.00613173778024148,0.602113513914904,0.338657128256817,0.36443123423519,0.538719536655226,0.143647666984993,0.1003370483672,0.602113513914904,2.02461796797328,1.67238088028058,0.0957651113233285,0.8026963869376,0.96611642050391,0.947002606429192,0.964378801042572,0.718505647263249,0.947871416159861,0.947871416159861,0.549087749782798,0.152910512597741,0.0121633362293658,0.0816681146828844,1,0.245004344048653,0.981479858127367,1,0.494264246461145,0.990438893150715,1.00368031629037,0.0239522053868223,0.0153356447868871,1.29644153297794,0.0228746267392928,0.087226736987457,0.041063706933827,0.0111896389708764,0.0434404865334492,0.5755,"Basic"
"140",140,500,0,"poor",0.4,"congeneric",0.05,3,5,1,0.125,1,0.2025,0.18,0.1,0.2,"1.097^2;0.98^2;0.95^2;0.93^2;0.91^2;0.89^2;0.87^2;0.85^2",2000,123,"sum",500,1293,0.3535,1.20217575513176,0.329158201355854,0.0357907883014987,0.155382457342629,1.50067574292503,0.12274899596544,0.202175755131756,0.126658201355854,-0.144209211698501,-0.244617542657371,0.00067574292502754,-0.0022510040345601,0.202175755131756,0.625472599288168,-0.801162287213896,-0.611543856643427,0.000450495283351693,-0.0180080322764808,0.3927794976313,0.206314839816251,0.233258559713545,0.420898526003072,0.0916655294816107,0.0621172343860986,0.3927794976313,1.29588088729747,1.01883871514198,0.0611103529877405,0.496937875088789,0.953596287703016,0.958236658932715,0.959010054137664,0.795050270688322,0.945088940448569,0.959783449342614,0.911832946635731,0.22969837587007,0.0108275328692962,0.0394431554524362,1,0.491879350348028,0.995098669774131,1,0.495197633576896,0.995988394225517,1.00020045676613,0.0154417558620431,0.00979856734548107,1.35398813507489,0.00949024060136641,0.0350367081320477,0.0264171770285071,0.00725607177261114,0.0433101314771848,0.6465,"Basic"
"141",141,800,0,"poor",0.4,"congeneric",0.05,3,5,1,0.125,1,0.2025,0.18,0.1,0.2,"1.097^2;0.98^2;0.95^2;0.93^2;0.91^2;0.89^2;0.87^2;0.85^2",2000,123,"sum",800,1447,0.2765,1.12984626535923,0.286178372256228,0.0863313124761578,0.241155682831906,1.50156658832931,0.123373248043106,0.129846265359234,0.0836783722562283,-0.0936686875238422,-0.158844317168094,0.00156658832930804,-0.0016267519568943,0.129846265359234,0.413226529660387,-0.520381597354679,-0.397110792920235,0.00104439221953869,-0.0130140156551544,0.287866329837949,0.158623579701769,0.170140688943919,0.355063048962126,0.0703358779778655,0.0485002248046722,0.287866329837949,0.945226049688441,0.783326319514908,0.046890585318577,0.388001798437377,0.962681409813407,0.967519004837595,0.969592259847961,0.850034554250173,0.953006219765031,0.961299239806496,0.988251554941258,0.27643400138217,0.00345542501727713,0.0117484450587422,1,0.700760193503801,1.01423781953584,1,0.493625033984206,0.997370416538896,0.99973624125366,0.0122348445682549,0.00781805507615928,1.48371430498042,0.00677482958455284,0.0240237473259103,0.021534468220405,0.0058393953480183,0.0463026952315135,0.7235,"Basic"
"142",142,200,0.15,"poor",0.4,"congeneric",0.05,3,5,1,0.125,1,0.2025,0.18,0.1,0.2,"1.097^2;0.98^2;0.95^2;0.93^2;0.91^2;0.89^2;0.87^2;0.85^2",2000,123,"sum",200,1799,0.1005,1.78969691622239,0.621031892227526,-0.241051350707504,-0.144018093428356,1.5043057980744,0.124066723974909,0.789696916222389,0.418531892227526,-0.421051350707504,-0.544018093428356,0.00430579807439849,-0.000933276025091389,0.789696916222389,2.06682415914828,-2.33917417059724,-1.36004523357089,0.002870532049599,-0.00746620820073111,0.971379779707323,0.512499751629534,0.531723000302948,0.630099623344617,0.144414013587378,0.0981930663565865,0.971379779707323,2.95401666834971,2.53086297101005,0.0962760090582518,0.785544530852692,0.806559199555309,0.791550861589772,0.840466926070039,0.456364647026126,0.947192884936076,0.956642579210673,0.851584213451918,0.41745414118955,0.0672595886603669,0.240689271817676,1,0.24680377987771,1.05571786962168,1,0.487730225596873,0.991545588255709,0.997136573398859,0.0258469292289719,0.014962230804124,1.48813942858524,0.0217770236520855,0.0764989267917649,0.0441559134120022,0.0112465504001426,0.0500277932184547,0.8995,"Cor.Unique"
"143",143,500,0.15,"poor",0.4,"congeneric",0.05,3,5,1,0.125,1,0.2025,0.18,0.1,0.2,"1.097^2;0.98^2;0.95^2;0.93^2;0.91^2;0.89^2;0.87^2;0.85^2",2000,123,"sum",500,1969,0.0155,1.72451196570795,0.568545598826193,-0.184983213375909,-0.132906518477517,1.49842721866588,0.124852308025161,0.724511965707951,0.366045598826193,-0.36498321337591,-0.532906518477517,-0.0015727813341242,-0.000147691974838551,0.724511965707951,1.80763258679601,-2.02768451875505,-1.33226629619379,-0.00104852088941614,-0.00118153579870841,0.823636823287081,0.422362939840705,0.433215824047775,0.585817392361124,0.0918845308728599,0.0639139048501754,0.823636823287081,2.4067545780432,2.0857429127936,0.0612563539152399,0.511311238801403,0.561706449974606,0.620111731843575,0.687658710005079,0.320975114271204,0.94667343829355,0.944641950228542,0.998476383951244,0.723717623158964,0.112239715591671,0.255459624174708,1,0.52006094464195,1.03542176533302,1,0.496355984408053,0.996837446312654,0.999314674015773,0.0160848217570232,0.0092924846256102,1.44887707745214,0.00749325469623161,0.0270979577983613,0.027670007229907,0.00709522749983296,0.0543423057389538,0.9845,"Cor.Unique"
"144",144,800,0.15,"poor",0.4,"congeneric",0.05,3,5,1,0.125,1,0.2025,0.18,0.1,0.2,"1.097^2;0.98^2;0.95^2;0.93^2;0.91^2;0.89^2;0.87^2;0.85^2",2000,123,"sum",800,1994,0.003,1.7172966427069,0.561715241898627,-0.179066191882203,-0.146772823592791,1.49701529784951,0.12553446328575,0.717296642706899,0.359215241898627,-0.359066191882203,-0.546772823592791,-0.00298470215049378,0.000534463285750464,0.717296642706899,1.77390242912902,-1.99481217712335,-1.36693205898198,-0.00198980143366252,0.00427570628600371,0.782909728296696,0.399301790071924,0.406714306449735,0.578653264693152,0.0737198887242065,0.0486899056192033,0.782909728296696,2.25952392472075,1.97186069171321,0.0491465924828044,0.389519244953626,0.366599799398195,0.461384152457372,0.536609829488465,0.216649949849549,0.94383149448345,0.950852557673019,1,0.896690070210632,0.160481444332999,0.312938816449348,1,0.728184553660983,1.01058363492453,1,0.497197913053463,0.99814220567307,0.999906456319009,0.0122630293645648,0.00728326363085329,1.41172797552352,0.00446019954775335,0.0162106220499618,0.0214594219652364,0.00548030146111414,0.0496489468405216,0.997,"Cor.Unique"
"145",145,200,0,"vgood",0.6708,"tau_eq",0,5,3,1,0.125,1,0.2025,0.18,0.1,0.2,"1.097^2;0.98^2;0.95^2;0.93^2;0.91^2;0.89^2;0.87^2;0.85^2",2000,123,"sum",200,1939,0.0305,0.364199082358228,0.0732555973230054,0.0633939545818013,0.419583295316209,0.901042778055427,0.0749819569804767,0.00419908235822829,0.000355597323005315,-0.0014060454181987,0.0195832953162094,0.00104277805542683,-1.80430195232913e-05,0.0116641176617453,0.00487787823052558,-0.0216982317623256,0.0489582382905236,0.00115864228380758,-0.000240573593643884,0.0853051176535497,0.0155437359397782,0.0266390767113537,0.216851724932878,0.0630052101722948,0.0261883664455986,0.236958660148749,0.411096862829533,0.21321997173907,0.0700057890803276,0.349178219274648,0.956162970603404,0.945332645693656,0.972666322846828,0.959257349149046,0.946879834966478,0.951005673027334,0.998968540484786,1,0.615781330582775,0.370809695719443,1,0.814853017019082,9.98845940454293,10,0.501349835494461,0.995674042471503,1.00007468959559,0.0178609799467289,0.0395760580025536,4.53801745685353,0.00760326421318827,0.0112070434042451,0.0237637395784015,0.0120904220656543,0.0520887055183084,0.9695,"Basic"
"146",146,500,0,"vgood",0.6708,"tau_eq",0,5,3,1,0.125,1,0.2025,0.18,0.1,0.2,"1.097^2;0.98^2;0.95^2;0.93^2;0.91^2;0.89^2;0.87^2;0.85^2",2000,123,"sum",500,1996,0.002,0.361133000877561,0.0727854046659902,0.0645639779413728,0.412365557167619,0.900057487390572,0.0747439194254799,0.00113300087756134,-0.000114595334009846,-0.000236022058627204,0.0123655571676186,5.74873905718256e-05,-0.000256080574520111,0.00314722465989261,-0.00157195245555344,-0.00364231571955562,0.0309138929190465,6.38748784131395e-05,-0.00341440766026815,0.056752891115655,0.00994393007787242,0.017537974588063,0.14408398403688,0.0400840487437172,0.0166365311839113,0.157646919765708,0.270647755988626,0.136405076514025,0.0445378319374636,0.221820415785484,0.948897795591182,0.950400801603206,0.946392785571142,0.956412825651303,0.94438877755511,0.94939879759519,1,1,0.947895791583166,0.905811623246493,1,0.992985971943888,10.0712551685373,10,0.49543271142864,0.998226959557376,0.999943629873472,0.0116045654074264,0.02534317206609,4.51284190602295,0.00300954487214118,0.00443780058986632,0.0151117743036469,0.00767325603430935,0.0455911823647295,0.998,"Basic"
"147",147,800,0,"vgood",0.6708,"tau_eq",0,5,3,1,0.125,1,0.2025,0.18,0.1,0.2,"1.097^2;0.98^2;0.95^2;0.93^2;0.91^2;0.89^2;0.87^2;0.85^2",2000,123,"sum",800,2000,0,0.358530095612974,0.0728421917657228,0.0649368907556872,0.410731741093688,0.899005927027903,0.0754017139354095,-0.00146990438702559,-5.78082342772812e-05,0.000136890755687235,0.0107317410936877,-0.000994072972097473,0.000401713935409454,-0.00408306774173775,-0.000792979894064213,0.00211251166184005,0.0268293527342194,-0.00110452552455275,0.00535618580545939,0.0437131005631556,0.00791093168133172,0.0138247088685168,0.113609899275586,0.0311592148943973,0.0130343737331127,0.121425279342099,0.213344272662296,0.108517581362575,0.0346213498826636,0.173791649774836,0.945,0.9445,0.959,0.9525,0.9465,0.956,1,1,0.996,0.993,1,1,10.0772621620814,10,0.494525294904098,0.998908315287031,0.999960786449203,0.00904882541138574,0.0199197123745063,4.46568998324897,0.0018537751152719,0.00272847304858572,0.0119141291734131,0.00580369647888978,0.049,1,"Basic"
"148",148,200,0.15,"vgood",0.6708,"tau_eq",0,5,3,1,0.125,1,0.2025,0.18,0.1,0.2,"1.097^2;0.98^2;0.95^2;0.93^2;0.91^2;0.89^2;0.87^2;0.85^2",2000,123,"sum",200,1611,0.1945,0.391809663321168,0.0781941271280639,0.0526931918721284,0.36242046015752,0.902418154706246,0.0742281008364951,0.0318096633211684,0.00529412712806379,-0.0121068081278716,-0.0375795398424797,0.00241815470624606,-0.000771899163504919,0.0883601758921345,0.07262177130403,-0.18683345876345,-0.0939488496061993,0.00268683856249562,-0.0102919888467322,0.122974744052052,0.0221930330842324,0.0386215047371401,0.28313117867468,0.06549407709169,0.0265388169728845,0.3415965112557,0.59601087557315,0.304431180853668,0.0727711967685445,0.353850892971793,0.973308504034761,0.97951582867784,0.97082557417753,0.913097454996896,0.93854748603352,0.949099937926754,0.86219739292365,0.904407200496586,0.157666045934202,0.000620732464307883,1,0.793916821849783,5.91321895234562,6,0.511551323081127,0.996962035520891,1.00045778559443,0.018936925100456,0.0288891005173934,3.5373414273752,0.00569659240800972,0.0136230778403497,0.0273514344324805,0.0102273475686632,0.0571073867163253,0.8055,"Cor.Unique"
"149",149,500,0.15,"vgood",0.6708,"tau_eq",0,5,3,1,0.125,1,0.2025,0.18,0.1,0.2,"1.097^2;0.98^2;0.95^2;0.93^2;0.91^2;0.89^2;0.87^2;0.85^2",2000,123,"sum",500,1875,0.0625,0.368214506916817,0.0740286073894169,0.0617539864078017,0.413080176552907,0.900524591352804,0.0743543088385807,0.00821450691681673,0.00112860738941688,-0.00304601359219828,0.0130801765529066,0.000524591352804001,-0.000645691161419336,0.0228180747689354,0.0154815828452247,-0.0470063825956525,0.0327004413822665,0.000582879280893335,-0.00860921548559114,0.0821127644687468,0.0151406884881867,0.026850757936545,0.228019914448858,0.0396460811385147,0.0172012752764454,0.228091012413186,0.414363548403473,0.2076912001123,0.0440512012650163,0.229350337019272,0.971733333333333,0.968,0.960533333333333,0.929066666666667,0.952533333333333,0.9456,0.999466666666667,0.9984,0.5936,0.0469333333333333,1,0.988266666666667,6.08467147497251,6,0.491123656605946,0.998731421640828,0.999881545744393,0.0127367667344398,0.0186901464308544,3.44122121222506,0.00224425817562615,0.00530191707340744,0.0172515920788783,0.00643234212986462,0.0512,0.9375,"Cor.Unique"
"150",150,800,0.15,"vgood",0.6708,"tau_eq",0,5,3,1,0.125,1,0.2025,0.18,0.1,0.2,"1.097^2;0.98^2;0.95^2;0.93^2;0.91^2;0.89^2;0.87^2;0.85^2",2000,123,"sum",800,1960,0.02,0.363430339949662,0.0732346171036999,0.0635313944977295,0.419616099916428,0.899454406531593,0.0751999264541801,0.00343033994966168,0.000334617103699844,-0.00126860550227044,0.0196160999164283,-0.000545593468407176,0.000199926454180072,0.00952872208239356,0.00459008372702118,-0.019577245405408,0.0490402497910707,-0.000606214964896862,0.0026656860557343,0.0677090950784793,0.0130756148653354,0.022328543184967,0.200634917757258,0.0315528996489505,0.0134967819370803,0.188080819662443,0.344576283718626,0.179363715573874,0.0350587773877228,0.179957092494404,0.962755102040816,0.948469387755102,0.96530612244898,0.938775510204082,0.951530612244898,0.956632653061224,1,1,0.788265306122449,0.498979591836735,1,1,5.99721643133693,6,0.501028061374077,0.999229885642185,1.00001660044183,0.00972188687447562,0.0145564876668009,3.49825795712427,0.00142889356860533,0.00336060963661319,0.0136072269351922,0.00514433256275561,0.0510204081632653,0.98,"Cor.Unique"
"151",151,200,0,"poor",0.4,"tau_eq",0,5,3,1,0.125,1,0.2025,0.18,0.1,0.2,"1.097^2;0.98^2;0.95^2;0.93^2;0.91^2;0.89^2;0.87^2;0.85^2",2000,123,"sum",200,1564,0.218,0.414190127700539,0.080312875617891,0.0447786357333883,0.318876782975276,0.900137849191396,0.0745632608570653,0.0541901277005389,0.00741287561789097,-0.0200213642666117,-0.0811232170247244,0.000137849191396354,-0.000436739142934737,0.150528132501497,0.101685536596584,-0.308971670781044,-0.202808042561811,0.000153165768218172,-0.00582318857246315,0.151981130219676,0.02697772063985,0.0484215596246302,0.31732392362014,0.0850501615754408,0.035035196630447,0.422169806165768,0.747246290503552,0.3700647550048,0.0945001795282675,0.467135955072627,0.979539641943734,0.976982097186701,0.981457800511509,0.903452685421995,0.943734015345269,0.949488491048593,0.698849104859335,0.831841432225064,0.0383631713554987,0.000639386189258312,1,0.540920716112532,10.0860442787527,10,0.49417719604179,0.988530962418062,0.999829241686797,0.0182375417948979,0.0443095312591887,4.47177966011027,0.0193861252050069,0.0290091175664708,0.023876064724525,0.0114311851535096,0.0524296675191816,0.782,"Basic"
"152",152,500,0,"poor",0.4,"tau_eq",0,5,3,1,0.125,1,0.2025,0.18,0.1,0.2,"1.097^2;0.98^2;0.95^2;0.93^2;0.91^2;0.89^2;0.87^2;0.85^2",2000,123,"sum",500,1830,0.085,0.375623891687494,0.0748440047957862,0.0593451215558029,0.401821633637142,0.899879715377545,0.0746571566670379,0.015623891687494,0.00194400479578617,-0.0054548784441971,0.0018216336371418,-0.000120284622455032,-0.000342843332962115,0.0433996991319278,0.0266667324524851,-0.0841802229042762,0.0045540840928545,-0.000133649580505591,-0.00457124443949486,0.0992021167410659,0.017140690084186,0.0315758810051361,0.25321022395743,0.0538448317398381,0.0218404011209727,0.27556143539185,0.487282114276793,0.235126064254952,0.0598275908220424,0.291205348279635,0.977049180327869,0.972677595628415,0.980874316939891,0.93551912568306,0.948633879781421,0.956830601092896,0.969398907103825,0.99672131147541,0.379234972677596,0.00109289617486339,1,0.9224043715847,10.1152312411182,10,0.491156660136092,0.99543781586024,0.999819886423189,0.0116607633193648,0.0281558035364345,4.45908476588509,0.00777216934927245,0.0114941313473056,0.0150049407955873,0.00726692412017349,0.0502732240437158,0.915,"Basic"
"153",153,800,0,"poor",0.4,"tau_eq",0,5,3,1,0.125,1,0.2025,0.18,0.1,0.2,"1.097^2;0.98^2;0.95^2;0.93^2;0.91^2;0.89^2;0.87^2;0.85^2",2000,123,"sum",800,1894,0.053,0.363544097683794,0.0738557429002283,0.062793624008997,0.420901297484545,0.898655782536574,0.0754985810220073,0.00354409768379436,0.000955742900228263,-0.00200637599100294,0.0209012974845449,-0.00134421746342618,0.000498581022007304,0.00984471578831768,0.013110327849496,-0.0309625924537491,0.0522532437113622,-0.00149357495936242,0.00664774696009739,0.080686306677884,0.0141146738576904,0.0265484698851929,0.228648131757039,0.0415138016317753,0.017150244276653,0.224128629660789,0.409698609339397,0.193616925345548,0.0461264462575282,0.228669923688707,0.964625131995776,0.956177402323126,0.977296726504752,0.949841605068638,0.956177402323126,0.958817317845829,0.997888067581837,1,0.595564941921858,0.152059134107709,1,0.99208025343189,10.0743590129133,10,0.495471305368134,0.99714262852792,0.999928294302075,0.00917690184728569,0.022170021837441,4.50091178457251,0.00479264081024118,0.00713898307005233,0.0119492304074531,0.00568245278944312,0.0506863780359029,0.947,"Basic"
"154",154,200,0.15,"poor",0.4,"tau_eq",0,5,3,1,0.125,1,0.2025,0.18,0.1,0.2,"1.097^2;0.98^2;0.95^2;0.93^2;0.91^2;0.89^2;0.87^2;0.85^2",2000,123,"sum",200,1316,0.342,0.507327045589493,0.0957274565992009,0.0122916671207859,0.162591295290004,0.901145421877367,0.0759118566366821,0.147327045589493,0.0228274565992009,-0.0525083328792141,-0.237408704709996,0.00114542187736734,0.000911856636682117,0.409241793304147,0.313133835379984,-0.810313779000218,-0.59352176177499,0.00127269097485259,0.0121580884890949,0.267645614736308,0.0432008818689511,0.0847055537583798,0.4238031129252,0.0884065215725905,0.0374678721615864,0.743460040934189,1.30718447157994,0.592604689560371,0.0982294684139894,0.499571628821152,0.97112462006079,0.969604863221885,0.963525835866261,0.809270516717325,0.946808510638298,0.939209726443769,0.321428571428571,0.463525835866261,0.00531914893617021,0.0410334346504559,1,0.550911854103343,6.09966764659957,6,0.490994449148899,0.992914392726796,0.999273291897161,0.0199164665375492,0.0318429115265163,3.46465403863601,0.0129511941401032,0.0301762381709976,0.0274300993769546,0.0098954360216267,0.0486322188449848,0.658,"Cor.Unique"
"155",155,500,0.15,"poor",0.4,"tau_eq",0,5,3,1,0.125,1,0.2025,0.18,0.1,0.2,"1.097^2;0.98^2;0.95^2;0.93^2;0.91^2;0.89^2;0.87^2;0.85^2",2000,123,"sum",500,1525,0.2375,0.427877919924528,0.0829879727540493,0.0409569529758285,0.300187805019357,0.897590200808994,0.0754349205001243,0.0678779199245278,0.0100879727540493,-0.0238430470241714,-0.0998121949806433,-0.00240979919100569,0.000434920500124296,0.188549777568133,0.13838097056309,-0.367948256545856,-0.249530487451608,-0.00267755465667299,0.00579894000165728,0.163267468974908,0.027676680187062,0.0524090011848171,0.327745545984721,0.056212869467065,0.0231556241222813,0.453520747152522,0.808780882481746,0.379652677463128,0.0624587438522944,0.30874165496375,0.975081967213115,0.962622950819672,0.965245901639344,0.868852459016393,0.944918032786885,0.943606557377049,0.602622950819672,0.787540983606557,0.00786885245901639,0.0104918032786885,1,0.907540983606557,6.08997792057974,6,0.491705293927225,0.997146877304748,0.999727341718938,0.0129841852124076,0.019945287877039,3.53267613312857,0.00518630154187889,0.0121328313199821,0.0172572368947679,0.00640272355850481,0.0439344262295082,0.7625,"Cor.Unique"
"156",156,800,0.15,"poor",0.4,"tau_eq",0,5,3,1,0.125,1,0.2025,0.18,0.1,0.2,"1.097^2;0.98^2;0.95^2;0.93^2;0.91^2;0.89^2;0.87^2;0.85^2",2000,123,"sum",800,1621,0.1895,0.402958259235083,0.079270555772039,0.0496657557436382,0.344057721160834,0.900461178620027,0.0752026561189622,0.0429582592350835,0.00637055577203895,-0.0151342442563618,-0.0559422788391658,0.000461178620026427,0.000202656118962214,0.119328497875232,0.0873875963242653,-0.233553152104349,-0.139855697097914,0.000512420688918252,0.00270208158616285,0.127802159401709,0.0220070006831387,0.0403140270254494,0.287495004678225,0.0429179078474088,0.0174498902582031,0.35500599833808,0.622130046689034,0.301879296065003,0.0476865642748987,0.232665203442708,0.977174583590376,0.965453423812461,0.974706971005552,0.89697717458359,0.954349167180753,0.956816779765577,0.811844540407156,0.929673041332511,0.095003084515731,0.00246761258482418,1,0.991980259099321,5.94252245038857,6,0.504977385620945,0.998326897406857,1.00013761093317,0.0096077085429708,0.0155874472670552,3.41826503905684,0.00303637693489946,0.0072865641216872,0.01345926781176,0.00492899036673766,0.0468846391116595,0.8105,"Cor.Unique"
"157",157,200,0,"vgood",0.6708,"congeneric",0.05,5,3,1,0.125,1,0.2025,0.18,0.1,0.2,"1.097^2;0.98^2;0.95^2;0.93^2;0.91^2;0.89^2;0.87^2;0.85^2",2000,123,"sum",200,1931,0.0345,0.364906673893593,0.0733002036259952,0.063076140170669,0.417675185986512,0.901110173994557,0.0749629991813824,0.00490667389359284,0.000400203625995126,-0.00172385982933099,0.0176751859865121,0.00111017399455708,-3.70008186175987e-05,0.0136296497044246,0.00548976167345851,-0.0266027751439968,0.0441879649662803,0.00123352666061898,-0.000493344248234649,0.0865116637304175,0.0156427491192335,0.0266959295449799,0.216468290092843,0.0633891557895622,0.0262915321795406,0.240310177028937,0.411974221373146,0.214578177218567,0.0704323953217357,0.350553762393874,0.957534955981357,0.949766960124288,0.974106680476437,0.958570688762299,0.946141895390989,0.949249093733817,0.997410668047644,1,0.605385810460901,0.355774210253755,1,0.816675297773174,10.0049143223992,10,0.500236639512965,0.995566443346017,1.00002757368698,0.0178790639228491,0.0397473739959136,4.54355087983994,0.00777805543909941,0.0114205132582626,0.0238594924026554,0.0121522653786635,0.0517866390471258,0.9655,"Basic"
"158",158,500,0,"vgood",0.6708,"congeneric",0.05,5,3,1,0.125,1,0.2025,0.18,0.1,0.2,"1.097^2;0.98^2;0.95^2;0.93^2;0.91^2;0.89^2;0.87^2;0.85^2",2000,123,"sum",500,1996,0.002,0.360971302051313,0.0727331560193225,0.0646010171014981,0.41342285304896,0.900123908008347,0.0746856797416033,0.000971302051313312,-0.000166843980677559,-0.000198982898501906,0.0134228530489603,0.000123908008346924,-0.000314320258396766,0.00269806125364809,-0.00228866914509683,-0.00307072374231337,0.0335571326224007,0.000137675564829916,-0.00419093677862354,0.057253003856624,0.0100323317043915,0.0178484711114113,0.147630687273679,0.0403121521094719,0.0167019175210232,0.159036121823956,0.275439369003261,0.137617718853107,0.0447912801216355,0.222692233613643,0.947895791583166,0.953907815631262,0.943887775551102,0.956412825651303,0.946392785571142,0.94939879759519,1,1,0.944889779559118,0.896292585170341,1,0.992985971943888,10.0801286352228,10,0.494205502041879,0.998201091819204,0.999933087934075,0.0116195697210696,0.0254139652909328,4.50425329052969,0.00306687707088124,0.00450878244926087,0.015057653462089,0.00756429901356608,0.0465931863727455,0.998,"Basic"
"159",159,800,0,"vgood",0.6708,"congeneric",0.05,5,3,1,0.125,1,0.2025,0.18,0.1,0.2,"1.097^2;0.98^2;0.95^2;0.93^2;0.91^2;0.89^2;0.87^2;0.85^2",2000,123,"sum",800,2000,0,0.358445139956566,0.0728639445559107,0.0649138137962862,0.410902634006162,0.899153901221986,0.0753454715575495,-0.0015548600434344,-3.60554440893698e-05,0.000113813796286178,0.0109026340061617,-0.000846098778013904,0.000345471557549507,-0.00431905567620668,-0.000494587710416595,0.00175638574515707,0.0272565850154041,-0.000940109753348782,0.00460628743399342,0.044228906724357,0.00801586646316375,0.0139858070517759,0.115269168835632,0.0313356156391875,0.013064510643444,0.122858074234325,0.215830355737283,0.109957015955607,0.0348173507102083,0.17419347524592,0.9425,0.946,0.9605,0.9555,0.95,0.957,1,1,0.995,0.9925,1,1,10.086072122103,10,0.492675992258197,0.998896049637508,0.999954737650963,0.00903615905323928,0.0199934630305732,4.44568084655394,0.00187629593845134,0.0027631999585526,0.0118704795470878,0.0058005705655549,0.044,1,"Basic"
"160",160,200,0.15,"vgood",0.6708,"congeneric",0.05,5,3,1,0.125,1,0.2025,0.18,0.1,0.2,"1.097^2;0.98^2;0.95^2;0.93^2;0.91^2;0.89^2;0.87^2;0.85^2",2000,123,"sum",200,1596,0.202,0.395314974378396,0.0784762963332486,0.0506200177436967,0.352346969581144,0.903616629157119,0.0743462779162282,0.0353149743783964,0.00557629633324851,-0.0141799822563033,-0.047653030418856,0.00361662915711894,-0.000653722083771857,0.0980971510511012,0.076492405120007,-0.218826886671347,-0.11913257604714,0.00401847684124327,-0.00871629445029143,0.127749735042274,0.0231143181897673,0.0404185182255073,0.289038535229623,0.0647231822843764,0.0264146832373129,0.354860375117427,0.623742565208447,0.317068836622322,0.0719146469826405,0.352195776497505,0.972431077694236,0.980576441102757,0.968045112781955,0.904135338345865,0.945488721804511,0.949874686716792,0.853383458646617,0.884711779448622,0.12719298245614,0.0043859649122807,1,0.800751879699248,5.99087212127309,6,0.494039585042579,0.997013958010838,1.00014286657682,0.0193446195505104,0.0295260418550151,3.25022292362584,0.00523723302515263,0.0128292291317463,0.0262674542662497,0.0100715389047021,0.043859649122807,0.798,"Cor.Unique"
"161",161,500,0.15,"vgood",0.6708,"congeneric",0.05,5,3,1,0.125,1,0.2025,0.18,0.1,0.2,"1.097^2;0.98^2;0.95^2;0.93^2;0.91^2;0.89^2;0.87^2;0.85^2",2000,123,"sum",500,1874,0.063,0.368782944286544,0.0742393360560446,0.0616099115889352,0.412347650409963,0.900597217956734,0.0745592798764227,0.00878294428654413,0.00133933605604456,-0.00319008841106478,0.0123476504099633,0.00059721795673371,-0.000440720123577333,0.0243970674626226,0.0183722367084301,-0.0492297594300121,0.0308691260249084,0.0006635755074819,-0.00587626831436444,0.0832053391965393,0.0151390919417643,0.0273410676178167,0.232113553648375,0.0404300076729947,0.0171286014377017,0.231125942212609,0.421930055830505,0.207669299612678,0.0449222307477719,0.228381352502689,0.969050160085379,0.973852721451441,0.964247598719317,0.935432230522946,0.951974386339381,0.949306296691569,0.99786552828175,1,0.573639274279616,0.035752401280683,1,0.988794023479189,6.05526162503799,6,0.498802301146204,0.998683617640101,0.999924509128014,0.0127053084668336,0.0185864120155299,3.58180246946695,0.00239975420133108,0.00559738769305609,0.0175691126282831,0.00657878909995134,0.0501600853788687,0.937,"Cor.Unique"
"162",162,800,0.15,"vgood",0.6708,"congeneric",0.05,5,3,1,0.125,1,0.2025,0.18,0.1,0.2,"1.097^2;0.98^2;0.95^2;0.93^2;0.91^2;0.89^2;0.87^2;0.85^2",2000,123,"sum",800,1958,0.021,0.363138575460869,0.0733359031461549,0.0635954499574321,0.420643025438299,0.899115624970188,0.0753202457630787,0.00313857546086877,0.000435903146154862,-0.00120455004256788,0.0206430254382987,-0.000884375029812114,0.000320245763078686,0.00871826516907991,0.00597946702544392,-0.0185887352248129,0.0516075635957467,-0.00098263892201346,0.00426994350771581,0.0698245638365199,0.013029501996481,0.0224360258023747,0.203130404539002,0.0318703851079737,0.0135203127428035,0.193957121768111,0.346234966086029,0.178731165932524,0.0354115390088597,0.180270836570713,0.953013278855976,0.956077630234934,0.964249233912155,0.938202247191011,0.948416751787538,0.95097037793667,1,1,0.781920326864147,0.466802860061287,1,1,6.13957037512479,6,0.487441014427337,0.999173808351997,0.9998756033784,0.0103207686662777,0.0147658884923414,3.52198805227845,0.00147354545811084,0.0034305869762532,0.0137697325320416,0.0051563722526768,0.0495403472931563,0.979,"Cor.Unique"
"163",163,200,0,"poor",0.4,"congeneric",0.05,5,3,1,0.125,1,0.2025,0.18,0.1,0.2,"1.097^2;0.98^2;0.95^2;0.93^2;0.91^2;0.89^2;0.87^2;0.85^2",2000,123,"sum",200,1568,0.216,0.416835849141625,0.0804491811751794,0.0443322959118463,0.318524334301489,0.901097595033392,0.074390202558794,0.0568358491416247,0.00754918117517931,-0.0204677040881537,-0.0814756656985108,0.00109759503339165,-0.000609797441206021,0.157877358726735,0.103555297327562,-0.315859630990026,-0.203689164246277,0.00121955003710184,-0.0081306325494136,0.155865389401757,0.0275880484157241,0.0498878883742334,0.323818275136408,0.0862758416705526,0.0356377445629519,0.43295941500488,0.769874820590022,0.378436878130646,0.0958620463006139,0.475169927506025,0.980229591836735,0.97640306122449,0.977040816326531,0.897959183673469,0.944515306122449,0.947704081632653,0.678571428571429,0.813775510204082,0.0376275510204082,0.00191326530612245,1,0.543367346938776,10.1360266326599,10,0.490772707083869,0.987960729145452,0.999600617362528,0.0184443494656618,0.0445501322418036,4.47257316778531,0.0201967660027731,0.0302510283508625,0.0239744526495837,0.0113133905402797,0.0471938775510204,0.784,"Basic"
"164",164,500,0,"poor",0.4,"congeneric",0.05,5,3,1,0.125,1,0.2025,0.18,0.1,0.2,"1.097^2;0.98^2;0.95^2;0.93^2;0.91^2;0.89^2;0.87^2;0.85^2",2000,123,"sum",500,1814,0.093,0.377419140747348,0.0748949596779203,0.0586516247210381,0.397634715385994,0.900173512567281,0.0744588047407312,0.0174191407473475,0.00199495967792028,-0.00614837527896186,-0.00236528461400584,0.000173512567280654,-0.000541195259268793,0.0483865020759653,0.0273657020290847,-0.0948823345518805,-0.0059132115350146,0.000192791741422949,-0.00721593679025057,0.100159439235338,0.0175127801168336,0.0323380315328113,0.255690046933388,0.0545248017198366,0.0220597388877938,0.278220664542606,0.499043696494002,0.24023017992913,0.0605831130220406,0.294129851837251,0.981256890848953,0.976295479603087,0.980154355016538,0.932745314222712,0.948732083792723,0.958103638368247,0.965270121278942,0.998346196251378,0.353914002205072,0,1,0.915104740904079,10.1081211121631,10,0.491064738651937,0.995264852938772,0.999825626069122,0.011622678329901,0.0282102599116987,4.46913371360751,0.00817082036688255,0.0120352226406546,0.0149740737673451,0.00714668900508027,0.0545755237045204,0.907,"Basic"
"165",165,800,0,"poor",0.4,"congeneric",0.05,5,3,1,0.125,1,0.2025,0.18,0.1,0.2,"1.097^2;0.98^2;0.95^2;0.93^2;0.91^2;0.89^2;0.87^2;0.85^2",2000,123,"sum",800,1881,0.0595,0.364863935095719,0.0739736375017975,0.0623508499361112,0.418749806091186,0.899099733570089,0.0752433524729905,0.00486393509571869,0.00107363750179745,-0.00244915006388879,0.0187498060911865,-0.000900266429910745,0.000243352472990513,0.0135109308214408,0.0147275377475644,-0.0377955256772962,0.0468745152279661,-0.00100029603323416,0.0032446996398735,0.0816178721150969,0.0146677833441692,0.0271398394029111,0.232466670247932,0.0421716379554921,0.0173084425987638,0.226716311430825,0.41882468214369,0.201204161099714,0.0468573755061023,0.230779234650184,0.967570441254652,0.954279638490165,0.980329611908559,0.940988835725678,0.953216374269006,0.955342902711324,0.997341839447103,1,0.573631047315258,0.106858054226475,1,0.987240829346092,10.0978565645589,10,0.492541494322568,0.997023393027155,0.999884698100789,0.00925619330443364,0.0222441104897347,4.47223782798635,0.0049393625603659,0.00738114627663062,0.0119081442773726,0.0056334346216354,0.0547581073896863,0.9405,"Basic"
"166",166,200,0.15,"poor",0.4,"congeneric",0.05,5,3,1,0.125,1,0.2025,0.18,0.1,0.2,"1.097^2;0.98^2;0.95^2;0.93^2;0.91^2;0.89^2;0.87^2;0.85^2",2000,123,"sum",200,1303,0.3485,0.51146962119398,0.0962429667176964,0.0109449178822082,0.150619191183164,0.902812824796808,0.0748166888618479,0.15146962119398,0.0233429667176964,-0.0538550821177917,-0.249380808816836,0.0028128247968083,-0.000183311138152109,0.420748947761056,0.320205304769497,-0.831096946262218,-0.623452022042091,0.00312536088534256,-0.00244414850869479,0.26347317634822,0.044473285506474,0.0840311292564752,0.426798908858134,0.0882668355023892,0.0354463643204868,0.73186993430061,1.29677668605672,0.610058786097036,0.0980742616693213,0.472618190939824,0.977743668457406,0.969301611665388,0.974673829623945,0.812739831158864,0.95088257866462,0.954719877206447,0.298541826554106,0.465080583269378,0.00537221795855718,0.0291634689178818,1,0.532617037605526,6.04703769309154,6,0.493904113341534,0.992797092801855,0.999865422147952,0.020042292349453,0.0316100464487196,3.46338422702198,0.0127216482644398,0.0307862991383939,0.0271885589638827,0.0103002257195319,0.0506523407521105,0.6515,"Cor.Unique"
"167",167,500,0.15,"poor",0.4,"congeneric",0.05,5,3,1,0.125,1,0.2025,0.18,0.1,0.2,"1.097^2;0.98^2;0.95^2;0.93^2;0.91^2;0.89^2;0.87^2;0.85^2",2000,123,"sum",500,1475,0.2625,0.435447959737747,0.0842565779466909,0.0385705004892491,0.285708489564702,0.901925912250565,0.0740887267034689,0.075447959737747,0.0113565779466909,-0.0262294995107509,-0.114291510435298,0.0019259122505651,-0.000911273296531139,0.209577665938186,0.155782962231699,-0.404776227017761,-0.285728776088244,0.00213990250062789,-0.0121503106204152,0.169760253934489,0.028955391936493,0.0548782555179223,0.337469491848247,0.0584614253082061,0.0238260549563297,0.471556260929135,0.846886659227196,0.397193305027338,0.0649571392313401,0.317680732751063,0.968135593220339,0.95864406779661,0.963389830508475,0.860338983050847,0.945084745762712,0.945762711864407,0.587118644067797,0.776949152542373,0.00745762711864407,0.0115254237288136,1,0.886101694915254,5.98469115908153,6,0.50356455515313,0.997137401796998,1.00009012482065,0.0123499453424817,0.0198269461901339,3.4824909757807,0.00524321158241981,0.0124076904764518,0.0173095973379529,0.00626873445380962,0.0522033898305085,0.7375,"Cor.Unique"
"168",168,800,0.15,"poor",0.4,"congeneric",0.05,5,3,1,0.125,1,0.2025,0.18,0.1,0.2,"1.097^2;0.98^2;0.95^2;0.93^2;0.91^2;0.89^2;0.87^2;0.85^2",2000,123,"sum",800,1638,0.181,0.40227739946499,0.0797842787271121,0.0493463169068421,0.349417325540205,0.899603233092916,0.0751333922185497,0.0422773994649902,0.00688427872711207,-0.0154536830931579,-0.0505826744597952,-0.000396766907084576,0.000133392218549626,0.117437220736084,0.0944345504404947,-0.238482763783301,-0.126456686149488,-0.000440852118982863,0.00177856291399502,0.134090782760609,0.0229069773140975,0.0426332522826511,0.303575502633585,0.0452735246232641,0.018326746605442,0.372474396557248,0.657920559917456,0.314224654514368,0.0503039162480713,0.244356621405893,0.978021978021978,0.965201465201465,0.974969474969475,0.891330891330891,0.947496947496947,0.945665445665446,0.760683760683761,0.913308913308913,0.0866910866910867,0.00366300366300366,1,0.981074481074481,6.09054046279055,6,0.49267578681948,0.998140369013175,0.999822915051863,0.0102519586446436,0.0158246059264087,3.52547606642199,0.00327848975824646,0.00777469300707541,0.0137528845481628,0.00509477952709553,0.0494505494505494,0.819,"Cor.Unique"
"169",169,200,0,"vgood",0.6708,"tau_eq",0,5,5,1,0.125,1,0.2025,0.18,0.1,0.2,"1.097^2;0.98^2;0.95^2;0.93^2;0.91^2;0.89^2;0.87^2;0.85^2",2000,123,"sum",200,1975,0.0125,1.00267704558784,0.202358286719395,0.179370087748654,0.423060733553044,1.50348330633213,0.124490126842884,0.00267704558784179,-0.000141713280605468,-0.000629912251345563,0.0230607335530444,0.00348330633212751,-0.000509873157116338,0.00267704558784179,-0.000699818669656633,-0.00349951250747535,0.0576518338826111,0.00232220422141834,-0.00407898525693071,0.216549422492714,0.039350569522138,0.065979347336466,0.194414508734586,0.0992159610326746,0.0419593297650275,0.216549422492714,0.366551929647033,0.194323800109323,0.066143974021783,0.33567463812022,0.944810126582278,0.945316455696202,0.956962025316456,0.965569620253165,0.946835443037975,0.947848101265823,1,1,0.760506329113924,0.591898734177215,1,0.850126582278481,10.0152993869012,10,0.500138695931576,0.996363333301132,1.00004056770343,0.0178658777070289,0.0381491341027068,4.51173823700993,0.00630163387677003,0.00932339119468078,0.0239343585049876,0.0118169638656713,0.0582278481012658,0.9875,"Basic"
"170",170,500,0,"vgood",0.6708,"tau_eq",0,5,5,1,0.125,1,0.2025,0.18,0.1,0.2,"1.097^2;0.98^2;0.95^2;0.93^2;0.91^2;0.89^2;0.87^2;0.85^2",2000,123,"sum",500,1999,5e-04,1.00305618660876,0.20231846697996,0.179053630489341,0.407703321519434,1.49980997553089,0.124726783620689,0.00305618660876158,-0.000181533020039721,-0.000946369510659357,0.00770332151943422,-0.000190024469112095,-0.000273216379311241,0.00305618660876158,-0.000896459358220843,-0.00525760839255198,0.0192583037985855,-0.000126682979408064,-0.00218573103448993,0.141473999889633,0.0248025635069914,0.0434541753329149,0.123775262550878,0.0630250817458872,0.0262702206869624,0.141473999889633,0.241412085182861,0.122481795096254,0.0420167211639248,0.210161765495699,0.941470735367684,0.944972486243122,0.948474237118559,0.95447723861931,0.946473236618309,0.947973986993497,1,1,0.982991495747874,0.96848424212106,1,0.996498249124562,10.1918948442846,10,0.489302310534449,0.998417745692499,0.999845651542695,0.0120953876764917,0.0244227523581032,4.62883263172986,0.00259394062376363,0.00380378945005265,0.0154721010122378,0.00748302494872698,0.0530265132566283,0.9995,"Basic"
"171",171,800,0,"vgood",0.6708,"tau_eq",0,5,5,1,0.125,1,0.2025,0.18,0.1,0.2,"1.097^2;0.98^2;0.95^2;0.93^2;0.91^2;0.89^2;0.87^2;0.85^2",2000,123,"sum",800,2000,0,0.996791039348197,0.202764926457834,0.17948134136499,0.405465233388642,1.49884115703736,0.125505143385781,-0.00320896065180288,0.000264926457834312,-0.000518658635010015,0.00546523338864159,-0.00115884296263683,0.000505143385781435,-0.00320896065180288,0.00130827880412006,-0.00288143686116675,0.013663083471604,-0.000772561975091218,0.00404114708625148,0.108030576458771,0.0195876128629237,0.0338399575558105,0.0961759728349568,0.0492984911611933,0.0207812020069356,0.108030576458771,0.187999764198947,0.0967289524094997,0.0328656607741289,0.166249616055485,0.946,0.9415,0.95,0.9455,0.9455,0.9565,1,1,0.999,0.9985,1,1,10.0295736554322,10,0.497403165087119,0.999103677348357,0.999993295276982,0.00889870944073052,0.0190761442337359,4.45305120439648,0.00155385976397396,0.00228433850064846,0.0118351501733079,0.00563144334702835,0.05,1,"Basic"
"172",172,200,0.15,"vgood",0.6708,"tau_eq",0,5,5,1,0.125,1,0.2025,0.18,0.1,0.2,"1.097^2;0.98^2;0.95^2;0.93^2;0.91^2;0.89^2;0.87^2;0.85^2",2000,123,"sum",200,1668,0.166,1.05516333726312,0.210780241500229,0.160105913604503,0.391845167052625,1.50473293880107,0.124376114035116,0.0551633372631195,0.00828024150022929,-0.0198940863954967,-0.00815483294737486,0.0047329388010714,-0.000623885964883701,0.0551633372631195,0.0408900814826138,-0.110522702197204,-0.0203870823684372,0.0031552925340476,-0.0049910877190696,0.292178130073668,0.0552459254963166,0.0943087536524931,0.26329200520349,0.101450779451923,0.0423953244036479,0.292178130073668,0.523937520291628,0.272819385166996,0.0676338529679487,0.339162595229183,0.979016786570743,0.977218225419664,0.97242206235012,0.928057553956835,0.943645083932854,0.943045563549161,0.952637889688249,0.958033573141487,0.287769784172662,0.00119904076738609,1,0.83453237410072,6.0455155794817,6,0.500633798369127,0.997260798401736,0.999935250521263,0.0197295433182808,0.0284529431019596,3.57988001136769,0.00504125623050882,0.0117826167813122,0.0278533543071461,0.0101695273753795,0.0563549160671463,0.834,"Cor.Unique"
"173",173,500,0.15,"vgood",0.6708,"tau_eq",0,5,5,1,0.125,1,0.2025,0.18,0.1,0.2,"1.097^2;0.98^2;0.95^2;0.93^2;0.91^2;0.89^2;0.87^2;0.85^2",2000,123,"sum",500,1931,0.0345,1.01110311844289,0.203631174618725,0.175775682417641,0.418658942232055,1.5004445949526,0.124430639982096,0.0111031184428909,0.00113117461872452,-0.00422431758235884,0.018658942232055,0.000444594952603739,-0.000569360017903921,0.0111031184428909,0.00558604749987415,-0.0234684310131047,0.0466473555801375,0.000296396635069159,-0.00455488014323137,0.201383203910121,0.0377941617981648,0.0654017047571117,0.205831199752493,0.0629662703074529,0.0267658299244915,0.201383203910121,0.363342804206176,0.18663783604032,0.0419775135383019,0.214126639395932,0.961677887105127,0.966338684619368,0.965820818228897,0.936820300362507,0.953909891248058,0.95080269290523,1,1,0.739513205592957,0.331434489901605,1,0.994821336095287,6.09361756619987,6,0.490256645450267,0.998904915884116,0.999890291112595,0.012870233259252,0.0181580896842172,3.46104351567342,0.00192145060843765,0.00455818435684037,0.0172596423550645,0.00635468754231508,0.0502330398757121,0.9655,"Cor.Unique"
"174",174,800,0.15,"vgood",0.6708,"tau_eq",0,5,5,1,0.125,1,0.2025,0.18,0.1,0.2,"1.097^2;0.98^2;0.95^2;0.93^2;0.91^2;0.89^2;0.87^2;0.85^2",2000,123,"sum",800,1989,0.0055,1.00276456761526,0.202514381755709,0.178717206089462,0.419578616220524,1.49872831383317,0.125487656769515,0.00276456761526063,1.43817557085955e-05,-0.00128279391053766,0.0195786162205238,-0.001271686166826,0.000487656769515022,0.00276456761526063,7.10210158449163e-05,-0.00712663283632032,0.0489465405513095,-0.000847790777884003,0.00390125415612018,0.161631815584537,0.0325448554139173,0.054690523164353,0.176559336177156,0.0498305685819078,0.0212123960629531,0.161631815584537,0.303836239801961,0.160715335377369,0.0332203790546052,0.169699168503625,0.956259426847662,0.947712418300654,0.953242835595777,0.94017094017094,0.948717948717949,0.953745600804424,1,1,0.900452488687783,0.769230769230769,1,1,5.94087414067079,6,0.505664050136465,0.999353248639376,1.00006093714736,0.00966102941264334,0.014178755061655,3.45918012113093,0.00118652975966936,0.00284130142416966,0.0134682145056328,0.00513566662134982,0.052790346907994,0.9945,"Cor.Unique"
"175",175,200,0,"poor",0.4,"tau_eq",0,5,5,1,0.125,1,0.2025,0.18,0.1,0.2,"1.097^2;0.98^2;0.95^2;0.93^2;0.91^2;0.89^2;0.87^2;0.85^2",2000,123,"sum",200,1738,0.131,1.07520275937697,0.211366927269888,0.154936695935104,0.37711995607127,1.50372531126769,0.12406875146531,0.0752027593769747,0.0088669272698877,-0.025063304064896,-0.02288004392873,0.00372531126768569,-0.000931248534689874,0.0752027593769747,0.0437872951599393,-0.139240578138311,-0.0572001098218251,0.0024835408451238,-0.007449988277519,0.321826253166189,0.0574514945281517,0.0985557699129082,0.266758281337579,0.122807102846859,0.051912314089889,0.321826253166189,0.547532055071712,0.283711084089638,0.0818714018979059,0.415298512719112,0.974108170310702,0.972957422324511,0.984464902186421,0.936708860759494,0.948216340621404,0.945339470655926,0.922899884925201,0.97698504027618,0.253164556962025,0.00402761795166858,1,0.666858457997698,10.0758505043368,10,0.496584253752272,0.992401688277925,0.999969939534168,0.0182502265688995,0.0429092756725037,4.60520054265091,0.013182653478687,0.0195552905164155,0.0241756709415349,0.0117121209069203,0.0506329113924051,0.869,"Basic"
"176",176,500,0,"poor",0.4,"tau_eq",0,5,5,1,0.125,1,0.2025,0.18,0.1,0.2,"1.097^2;0.98^2;0.95^2;0.93^2;0.91^2;0.89^2;0.87^2;0.85^2",2000,123,"sum",500,1935,0.0325,1.01796009551998,0.204323742949371,0.173778477875123,0.413258024602125,1.49982389652998,0.12470013860156,0.0179600955199837,0.00182374294937085,-0.00622152212487652,0.0132580246021253,-0.000176103470018764,-0.000299861398440371,0.0179600955199837,0.00900613802158445,-0.0345640118048696,0.0331450615053134,-0.000117402313345843,-0.00239889118752297,0.219742343354428,0.0381934654245388,0.0700568925417563,0.212445587719354,0.0779984152317236,0.0319531826988078,0.219742343354428,0.389204958565313,0.188609705800192,0.0519989434878158,0.255625461590463,0.961757105943152,0.957622739018088,0.970542635658915,0.945219638242894,0.94625322997416,0.947286821705426,0.999483204134367,1,0.662015503875969,0.331266149870801,1,0.968992248062015,10.1794050376561,10,0.489980394827644,0.996858410679922,0.999727645677199,0.0118078668110178,0.0273068335893639,4.54916667650308,0.00519874103443098,0.00760101713577784,0.0154297738531564,0.00731180435382944,0.0568475452196382,0.9675,"Basic"
"177",177,800,0,"poor",0.4,"tau_eq",0,5,5,1,0.125,1,0.2025,0.18,0.1,0.2,"1.097^2;0.98^2;0.95^2;0.93^2;0.91^2;0.89^2;0.87^2;0.85^2",2000,123,"sum",800,1979,0.0105,0.995607730255356,0.203436707263725,0.178466550018488,0.418719223211749,1.49856870103695,0.12564926976251,-0.00439226974464437,0.000936707263724523,-0.00153344998151198,0.0187192232117489,-0.00143129896304553,0.000649269762510332,-0.00439226974464437,0.00462571488259023,-0.00851916656395545,0.0467980580293722,-0.00095419930869702,0.00519415810008266,0.175530661375855,0.0305445589293918,0.0563962157343249,0.176683677130817,0.0609491418681134,0.025301168013189,0.175530661375855,0.313312309635138,0.150837328046379,0.0406327612454089,0.202409344105512,0.947953511874684,0.949469429004548,0.957049014653866,0.95199595755432,0.949974734714502,0.961596766043456,1,1,0.858009095502779,0.72511369378474,1,0.999494694290045,10.0568091520867,10,0.496402883368191,0.998153660578644,0.999968269244404,0.00895509753697276,0.0213774751985921,4.48207473773545,0.00319084828905065,0.00468870423300001,0.0119283452988576,0.00567210672195619,0.0545730166750884,0.9895,"Basic"
"178",178,200,0.15,"poor",0.4,"tau_eq",0,5,5,1,0.125,1,0.2025,0.18,0.1,0.2,"1.097^2;0.98^2;0.95^2;0.93^2;0.91^2;0.89^2;0.87^2;0.85^2",2000,123,"sum",200,1420,0.29,1.24243603231212,0.242329230440844,0.0913962820292299,0.255465168911213,1.50327434730179,0.125774170788432,0.242436032312118,0.0398292304408441,-0.0886037179707701,-0.144534831088787,0.00327434730178676,0.000774170788432382,0.242436032312118,0.196687557732563,-0.492242877615389,-0.361337077721969,0.00218289820119117,0.00619336630745905,0.519080570513129,0.0906394882418987,0.168404288532556,0.360825982507702,0.129664446314053,0.053458530728565,0.519080570513129,0.935579380736424,0.447602411071105,0.0864429642093689,0.42766824582852,0.97887323943662,0.972535211267606,0.971830985915493,0.847887323943662,0.942957746478873,0.941549295774648,0.519014084507042,0.67887323943662,0.00352112676056338,0.0133802816901408,1,0.655633802816901,6.18940288893536,6,0.489016400549384,0.994684968560127,0.999115278216019,0.0207576155010504,0.0311895734156033,3.68019561827487,0.00978852376472461,0.0223843710016955,0.0283571470552018,0.0102799969709424,0.0640845070422535,0.71,"Cor.Unique"
"179",179,500,0.15,"poor",0.4,"tau_eq",0,5,5,1,0.125,1,0.2025,0.18,0.1,0.2,"1.097^2;0.98^2;0.95^2;0.93^2;0.91^2;0.89^2;0.87^2;0.85^2",2000,123,"sum",500,1690,0.155,1.0891437715652,0.216193164585173,0.148384545160899,0.368192839811133,1.49855047835177,0.125379365370118,0.0891437715651993,0.0136931645851728,-0.0316154548391007,-0.0318071601888668,-0.00144952164823245,0.000379365370117881,0.0891437715651993,0.0676205658527052,-0.175641415772782,-0.0795179004721671,-0.000966347765488301,0.00303492296094305,0.332153814663987,0.0582476418623645,0.104583607937849,0.279230621815769,0.0819828884362588,0.0350580340752201,0.332153814663987,0.581020044099159,0.287642675863529,0.0546552589575059,0.280464272601761,0.973372781065089,0.97396449704142,0.969822485207101,0.907100591715976,0.939644970414201,0.93491124260355,0.871597633136095,0.957396449704142,0.171597633136095,0.0029585798816568,1,0.956213017751479,5.9561317262025,6,0.50212803080597,0.998107473442434,1.00014315021649,0.0121446864220646,0.0193886028991432,3.41709228583354,0.00346784669277665,0.00831051369299049,0.016992927925949,0.00649003197785716,0.0455621301775148,0.845,"Cor.Unique"
"180",180,800,0.15,"poor",0.4,"tau_eq",0,5,5,1,0.125,1,0.2025,0.18,0.1,0.2,"1.097^2;0.98^2;0.95^2;0.93^2;0.91^2;0.89^2;0.87^2;0.85^2",2000,123,"sum",800,1778,0.111,1.04395660811419,0.210773732115122,0.162290633491426,0.395983301261623,1.50062436031683,0.124905450076576,0.0439566081141906,0.00827373211512162,-0.0177093665085745,-0.00401669873837696,0.000624360316828196,-9.45499234241005e-05,0.0439566081141906,0.040857936370971,-0.0983853694920804,-0.0100417468459424,0.000416240211218797,-0.000756399387392804,0.266558157195328,0.0477425295739786,0.0853761191196485,0.252631777246318,0.0620959057436463,0.0257495321649426,0.266558157195328,0.474311772886936,0.235765578143104,0.0413972704957642,0.205996257319541,0.982002249718785,0.965691788526434,0.974128233970754,0.931383577052868,0.955005624296963,0.959505061867267,0.97244094488189,0.99437570303712,0.386389201349831,0.000562429696287964,1,0.997750281214848,5.89796717869597,6,0.510695854749533,0.998829501461936,1.00016716551921,0.00931697577246329,0.0151319609627335,3.46466291559048,0.00222913083076177,0.00526378901073316,0.0134968061623938,0.00497143579357318,0.0494938132733408,0.889,"Cor.Unique"
"181",181,200,0,"vgood",0.6708,"congeneric",0.05,5,5,1,0.125,1,0.2025,0.18,0.1,0.2,"1.097^2;0.98^2;0.95^2;0.93^2;0.91^2;0.89^2;0.87^2;0.85^2",2000,123,"sum",200,1971,0.0145,1.00308265601312,0.20246431123489,0.179110074725005,0.422802789622523,1.50443007114571,0.124284799377215,0.00308265601311815,-3.56887651101559e-05,-0.000889925274994838,0.0228027896225233,0.00443007114570634,-0.000715200622785289,0.00308265601311815,-0.000176240815358794,-0.00494402930552688,0.0570069740563082,0.00295338076380422,-0.00572160498228231,0.219366738244646,0.0396291689993094,0.0661954804740113,0.195239848464617,0.0995429212759822,0.0422619904213607,0.219366738244646,0.367752669300063,0.195699599996589,0.0663619475173215,0.338095923370886,0.943683409436834,0.945712836123795,0.95738203957382,0.959411466260781,0.949771689497717,0.949264332825977,1,1,0.749873160832065,0.575849822425165,1,0.845256215119229,10.0272233319001,10,0.499644441080071,0.996303547319512,1.00002907924479,0.0178051473413456,0.0383354977992016,4.52460421584607,0.0064415585295711,0.00950267722042084,0.0240246838296439,0.0118420294772014,0.0588533739218671,0.9855,"Basic"
"182",182,500,0,"vgood",0.6708,"congeneric",0.05,5,5,1,0.125,1,0.2025,0.18,0.1,0.2,"1.097^2;0.98^2;0.95^2;0.93^2;0.91^2;0.89^2;0.87^2;0.85^2",2000,123,"sum",500,1999,5e-04,1.00288158510177,0.202336034517893,0.178990148689997,0.407842695114309,1.49982952418292,0.124707093944993,0.00288158510176815,-0.000163965482107397,-0.00100985131000252,0.00784269511430861,-0.000170475817075717,-0.00029290605500695,0.00288158510176815,-0.000809706084480972,-0.00561028505556956,0.0196067377857715,-0.000113650544717145,-0.0023432484400556,0.142217757772476,0.0249485909826146,0.0439346269381738,0.125324038097947,0.0631910311509919,0.0263384533348336,0.142217757772476,0.244081260767632,0.123202918432665,0.0421273541006613,0.210707626678669,0.942971485742871,0.947473736868434,0.948974487243622,0.950475237618809,0.951475737868934,0.948474237118559,1,1,0.981490745372686,0.963481740870435,1,0.996498249124562,10.2340726305821,10,0.48715865522365,0.99837634210253,0.99980805438747,0.0121653315381524,0.0245315730058639,4.65980507600578,0.00267936451686411,0.00388805940159981,0.0155561571738796,0.00744625057176554,0.0620310155077539,0.9995,"Basic"
"183",183,800,0,"vgood",0.6708,"congeneric",0.05,5,5,1,0.125,1,0.2025,0.18,0.1,0.2,"1.097^2;0.98^2;0.95^2;0.93^2;0.91^2;0.89^2;0.87^2;0.85^2",2000,123,"sum",800,2000,0,0.996704705168379,0.202870510751362,0.179313535833679,0.405235766186145,1.49905952265586,0.125438328688686,-0.00329529483162067,0.000370510751362068,-0.000686464166321464,0.00523576618614509,-0.000940477344143593,0.000438328688686204,-0.00329529483162067,0.00182968272277564,-0.00381368981289702,0.0130894154653627,-0.000626984896095729,0.00350662950948963,0.109485718429044,0.0197277785119657,0.0342604286668549,0.0976658890190799,0.0495488818053236,0.0208875455992969,0.109485718429044,0.190335714815861,0.0974211284541518,0.0330325878702157,0.167100364794375,0.947,0.941,0.95,0.945,0.9475,0.9575,1,1,0.999,0.9985,1,1,10.0376719268347,10,0.496115793273593,0.999089433026957,0.99998875643388,0.00896087988987787,0.0191427686442392,4.46272196683288,0.00157919006677173,0.00232505856527068,0.0117972005720848,0.00562635020162073,0.0485,1,"Basic"
"184",184,200,0.15,"vgood",0.6708,"congeneric",0.05,5,5,1,0.125,1,0.2025,0.18,0.1,0.2,"1.097^2;0.98^2;0.95^2;0.93^2;0.91^2;0.89^2;0.87^2;0.85^2",2000,123,"sum",200,1666,0.167,1.05845143582971,0.2121193733299,0.158511842026275,0.388651299476246,1.50171811686587,0.124466076313064,0.0584514358297137,0.00961937332990017,-0.0214881579737247,-0.0113487005237535,0.00171811686587315,-0.000533923686935777,0.0584514358297137,0.0475030781723465,-0.119378655409582,-0.0283717513093837,0.00114541124391543,-0.00427138949548621,0.29947860207329,0.0553942363807444,0.0979477888282024,0.269223196399608,0.101865587438757,0.0418014992048016,0.29947860207329,0.544154382378902,0.273551784596269,0.0679103916258379,0.334411993638412,0.975390156062425,0.981992797118848,0.969387755102041,0.91296518607443,0.943577430972389,0.953781512605042,0.944777911164466,0.955582232893157,0.292316926770708,0.00180072028811525,1,0.83733493397359,5.9900323555527,6,0.503094328916883,0.997344576554547,1.00010679997797,0.0191557506152503,0.0285997295422502,3.50812431603364,0.00505976773090524,0.0117726567310367,0.0272848726827857,0.0104964231022399,0.0510204081632653,0.833,"Cor.Unique"
"185",185,500,0.15,"vgood",0.6708,"congeneric",0.05,5,5,1,0.125,1,0.2025,0.18,0.1,0.2,"1.097^2;0.98^2;0.95^2;0.93^2;0.91^2;0.89^2;0.87^2;0.85^2",2000,123,"sum",500,1920,0.04,1.01343019825442,0.204430122494203,0.174948687925747,0.415880838438998,1.50032839359043,0.124582142816593,0.0134301982544197,0.00193012249420327,-0.00505131207425255,0.0158808384389977,0.000328393590432183,-0.000417857183406744,0.0134301982544197,0.00953146910717666,-0.0280628448569586,0.0397020960974943,0.000218929060288122,-0.00334285746725395,0.202318655664932,0.0387140947183281,0.0657793537370546,0.205980340447362,0.0642506894815648,0.027976896578551,0.202318655664932,0.365440854094748,0.19118071465841,0.0428337929877099,0.223815172628408,0.9640625,0.963541666666667,0.9671875,0.938541666666667,0.949479166666667,0.936979166666667,1,1,0.713020833333333,0.2984375,1,0.996875,6.0553934037994,6,0.49257949142447,0.998919256480521,0.99993851942677,0.0127442788567646,0.018163200223007,3.42613062272855,0.00191395750577703,0.00455634743686857,0.0170357762680837,0.00636948740596078,0.0442708333333333,0.96,"Cor.Unique"
"186",186,800,0.15,"vgood",0.6708,"congeneric",0.05,5,5,1,0.125,1,0.2025,0.18,0.1,0.2,"1.097^2;0.98^2;0.95^2;0.93^2;0.91^2;0.89^2;0.87^2;0.85^2",2000,123,"sum",800,1983,0.0085,1.00321142371156,0.202200409997692,0.17867488287172,0.420098465597466,1.49905273355468,0.125374115360275,0.00321142371155602,-0.000299590002308203,-0.00132511712827955,0.020098465597466,-0.000947266445320732,0.000374115360275365,0.00321142371155602,-0.00147945680152199,-0.00736176182377528,0.0502461639936651,-0.000631510963547155,0.00299292288220292,0.166411013843445,0.0318797363084751,0.0550623850415246,0.17883901202788,0.0492720893375037,0.0212630903841436,0.166411013843445,0.305902139119581,0.157430796585062,0.0328480595583358,0.170104723073149,0.953605648008069,0.950579929399899,0.957639939485628,0.938477054967221,0.953605648008069,0.951084215834594,1,1,0.89309127584468,0.75441250630358,1,1,5.94082660498619,6,0.503511368959745,0.999352537379954,1.00005830748266,0.00966234477090472,0.0141942981821747,3.41577387794781,0.00118106130756892,0.00284492251546529,0.0133284829700924,0.00514798546381488,0.0453857791225416,0.9915,"Cor.Unique"
"187",187,200,0,"poor",0.4,"congeneric",0.05,5,5,1,0.125,1,0.2025,0.18,0.1,0.2,"1.097^2;0.98^2;0.95^2;0.93^2;0.91^2;0.89^2;0.87^2;0.85^2",2000,123,"sum",200,1729,0.1355,1.08027001193309,0.212317039083004,0.153715331946268,0.374264386320041,1.50454162660674,0.123623169495966,0.080270011933088,0.00981703908300397,-0.026284668053732,-0.0257356136799592,0.00454162660673574,-0.00137683050403391,0.080270011933088,0.0484792053481678,-0.146025933631845,-0.064339034199898,0.00302775107115716,-0.0110146440322712,0.332295790749089,0.0582267656799937,0.101053000092017,0.269711105470021,0.124264231887977,0.0523350117345246,0.332295790749089,0.561405556066762,0.287539583604907,0.0828428212586515,0.418680093876196,0.978021978021978,0.973973395026027,0.984384037015616,0.937536148062464,0.948525159051475,0.947946790052053,0.898785425101215,0.97165991902834,0.222093695777906,0.00289184499710815,1,0.653556969346443,10.1432105904237,10,0.49187226179712,0.992032013455191,0.999724645329076,0.018458880161334,0.0431855397890265,4.59724467155359,0.0137723817486979,0.0202990529547604,0.0243100275304936,0.0116853311419147,0.0549450549450549,0.8645,"Basic"
"188",188,500,0,"poor",0.4,"congeneric",0.05,5,5,1,0.125,1,0.2025,0.18,0.1,0.2,"1.097^2;0.98^2;0.95^2;0.93^2;0.91^2;0.89^2;0.87^2;0.85^2",2000,123,"sum",500,1922,0.039,1.02073987487423,0.204769451607569,0.172534338711316,0.411002955553823,1.4997803436109,0.124663033394959,0.0207398748742329,0.00226945160756934,-0.00746566128868392,0.0110029555538234,-0.000219656389101461,-0.000336966605041348,0.0207398748742329,0.0112071684324412,-0.041475896048244,0.0275073888845586,-0.000146437592734307,-0.00269573284033078,0.22289913875604,0.0389063468982354,0.0718968502648959,0.217314993480465,0.0785908068768134,0.0322317258519697,0.22289913875604,0.399426945916088,0.192130108139434,0.0523938712512089,0.257853806815758,0.966181061394381,0.954734651404787,0.969823100936524,0.945369406867846,0.950052029136316,0.94901144640999,0.998959417273673,1,0.63267429760666,0.290842872008325,1,0.965660770031218,10.262363831054,10,0.485571360749885,0.996628671349574,0.999570432638142,0.0120873740819606,0.0275112770092649,4.6220888100415,0.00554921774477831,0.00802383747206472,0.0156230422637846,0.00733879990182437,0.0577523413111342,0.961,"Basic"
"189",189,800,0,"poor",0.4,"congeneric",0.05,5,5,1,0.125,1,0.2025,0.18,0.1,0.2,"1.097^2;0.98^2;0.95^2;0.93^2;0.91^2;0.89^2;0.87^2;0.85^2",2000,123,"sum",800,1975,0.0125,0.99676840595548,0.203819163327643,0.177768441954872,0.417718364146926,1.49908620978568,0.125465184200285,-0.00323159404452058,0.00131916332764331,-0.002231558045128,0.0177183641469264,-0.00091379021431596,0.000465184200285075,-0.00323159404452058,0.00651438680317682,-0.0123975446951556,0.044295910367316,-0.00060919347621064,0.0037214736022806,0.180219947544655,0.0311213691866188,0.0579696602698023,0.180617417081521,0.0618481875548548,0.0256808610285224,0.180219947544655,0.322053668165568,0.15368577376108,0.0412321250365698,0.205446888228179,0.951898734177215,0.953417721518987,0.953417721518987,0.945822784810127,0.948860759493671,0.956455696202532,1,1,0.843037974683544,0.688607594936709,1,0.999493670886076,10.0749740737846,10,0.494464584359801,0.998057154817513,0.999944535916718,0.00916554957183547,0.0214781063113601,4.49004254007803,0.00329210618273366,0.00487368498330248,0.011899578636285,0.00568300753856726,0.0470886075949367,0.9875,"Basic"
"190",190,200,0.15,"poor",0.4,"congeneric",0.05,5,5,1,0.125,1,0.2025,0.18,0.1,0.2,"1.097^2;0.98^2;0.95^2;0.93^2;0.91^2;0.89^2;0.87^2;0.85^2",2000,123,"sum",200,1404,0.298,1.27368628874097,0.245121543570148,0.0859828119886319,0.245167687232844,1.50054603520227,0.125774046542884,0.27368628874097,0.0426215435701481,-0.0940171880113681,-0.154832312767156,0.000546035202266304,0.000774046542883746,0.27368628874097,0.210476758371102,-0.522317711174267,-0.38708078191789,0.000364023468177536,0.00619237234306996,0.56038335274642,0.0934153531151847,0.177128865810721,0.365243093964438,0.128138923549378,0.0523796278278768,0.56038335274642,0.984049254504006,0.461310385753999,0.0854259490329187,0.419037022623014,0.973646723646724,0.97008547008547,0.962250712250712,0.841168091168091,0.95014245014245,0.951566951566952,0.500712250712251,0.648860398860399,0.0056980056980057,0.0192307692307692,1,0.658831908831909,6.10235756927935,6,0.485781250377576,0.995020776696422,0.999657993657376,0.0201340592710478,0.0313157163892991,3.36626262740153,0.00876340614207976,0.0211108232389048,0.0268682036509239,0.0103039580119104,0.0441595441595442,0.702,"Cor.Unique"
"191",191,500,0.15,"poor",0.4,"congeneric",0.05,5,5,1,0.125,1,0.2025,0.18,0.1,0.2,"1.097^2;0.98^2;0.95^2;0.93^2;0.91^2;0.89^2;0.87^2;0.85^2",2000,123,"sum",500,1645,0.1775,1.10190241895224,0.218947928110711,0.143201516687874,0.354306453278767,1.49971513277076,0.125107655520788,0.101902418952244,0.0164479281107107,-0.0367984833121257,-0.0456935467212334,-0.000284867229240942,0.000107655520788027,0.101902418952244,0.0812243363491886,-0.204436018400698,-0.114233866803083,-0.000189911486160628,0.000861244166304219,0.334375087950815,0.0593667213279829,0.108928600251051,0.283118063176916,0.0818460471673263,0.0344969033971896,0.334375087950815,0.605158890283618,0.293168994212261,0.0545640314448842,0.275975227177517,0.976899696048632,0.965957446808511,0.970820668693009,0.899696048632219,0.951975683890578,0.947112462006079,0.862613981762918,0.953799392097264,0.144072948328267,0.00182370820668693,1,0.956838905775076,5.87608249237063,6,0.508004336857705,0.998144387519926,1.00034618021997,0.0117674001683921,0.019175941710855,3.36678718385384,0.00346690030988194,0.00838516633390815,0.0166725308440888,0.00611237809767779,0.0413373860182371,0.8225,"Cor.Unique"
"192",192,800,0.15,"poor",0.4,"congeneric",0.05,5,5,1,0.125,1,0.2025,0.18,0.1,0.2,"1.097^2;0.98^2;0.95^2;0.93^2;0.91^2;0.89^2;0.87^2;0.85^2",2000,123,"sum",800,1790,0.105,1.05575215254328,0.210247008967582,0.15928017940879,0.390729473586087,1.50133364413626,0.124557534818951,0.0557521525432828,0.00774700896758167,-0.0207198205912101,-0.00927052641391312,0.00133364413625579,-0.00044246518104854,0.0557521525432828,0.0382568344078107,-0.115110114395611,-0.0231763160347828,0.000889096090837194,-0.00353972144838832,0.282037836005428,0.048365089392963,0.0890633790659456,0.257071307288422,0.0612858497160082,0.0260834230854568,0.282037836005428,0.494796550366365,0.23883994761957,0.0408572331440055,0.208667384683655,0.970949720670391,0.963687150837989,0.968715083798883,0.917877094972067,0.958100558659218,0.952513966480447,0.96536312849162,0.992737430167598,0.352513966480447,0.000558659217877095,1,0.993854748603352,5.98774812596479,6,0.50055590886536,0.99874471176547,1.00003581205531,0.00986974983721969,0.0153718230162583,3.47583781893973,0.00229305862644142,0.00545304333384557,0.013502240476369,0.00510700959073937,0.0463687150837989,0.895,"Cor.Unique"
